--
-- PostgreSQL database dump
--

-- Dumped from database version 15.1
-- Dumped by pg_dump version 15.1

SET statement_timeout = 0;
SET lock_timeout = 0;
SET idle_in_transaction_session_timeout = 0;
SET client_encoding = 'UTF8';
SET standard_conforming_strings = on;
SELECT pg_catalog.set_config('search_path', '', false);
SET check_function_bodies = false;
SET xmloption = content;
SET client_min_messages = warning;
SET row_security = off;

SET default_tablespace = '';

SET default_table_access_method = heap;

--
-- Name: audits; Type: TABLE; Schema: public; Owner: mattermost
--

CREATE TABLE public.audits (
    id character varying(26) NOT NULL,
    createat bigint,
    userid character varying(26),
    action character varying(512),
    extrainfo character varying(1024),
    ipaddress character varying(64),
    sessionid character varying(26)
);


ALTER TABLE public.audits OWNER TO mattermost;

--
-- Name: bots; Type: TABLE; Schema: public; Owner: mattermost
--

CREATE TABLE public.bots (
    userid character varying(26) NOT NULL,
    description character varying(1024),
    ownerid character varying(190),
    lasticonupdate bigint,
    createat bigint,
    updateat bigint,
    deleteat bigint
);


ALTER TABLE public.bots OWNER TO mattermost;

--
-- Name: channelmemberhistory; Type: TABLE; Schema: public; Owner: mattermost
--

CREATE TABLE public.channelmemberhistory (
    channelid character varying(26) NOT NULL,
    userid character varying(26) NOT NULL,
    jointime bigint NOT NULL,
    leavetime bigint
);


ALTER TABLE public.channelmemberhistory OWNER TO mattermost;

--
-- Name: channelmembers; Type: TABLE; Schema: public; Owner: mattermost
--

CREATE TABLE public.channelmembers (
    channelid character varying(26) NOT NULL,
    userid character varying(26) NOT NULL,
    roles character varying(64),
    lastviewedat bigint,
    msgcount bigint,
    mentioncount bigint,
    notifyprops character varying(2000),
    lastupdateat bigint,
    schemeuser boolean,
    schemeadmin boolean,
    schemeguest boolean
);


ALTER TABLE public.channelmembers OWNER TO mattermost;

--
-- Name: channels; Type: TABLE; Schema: public; Owner: mattermost
--

CREATE TABLE public.channels (
    id character varying(26) NOT NULL,
    createat bigint,
    updateat bigint,
    deleteat bigint,
    teamid character varying(26),
    type character varying(1),
    displayname character varying(64),
    name character varying(64),
    header character varying(1024),
    purpose character varying(250),
    lastpostat bigint,
    totalmsgcount bigint,
    extraupdateat bigint,
    creatorid character varying(26),
    schemeid character varying(26),
    groupconstrained boolean
);


ALTER TABLE public.channels OWNER TO mattermost;

--
-- Name: clusterdiscovery; Type: TABLE; Schema: public; Owner: mattermost
--

CREATE TABLE public.clusterdiscovery (
    id character varying(26) NOT NULL,
    type character varying(64),
    clustername character varying(64),
    hostname character varying(512),
    gossipport integer,
    port integer,
    createat bigint,
    lastpingat bigint
);


ALTER TABLE public.clusterdiscovery OWNER TO mattermost;

--
-- Name: commands; Type: TABLE; Schema: public; Owner: mattermost
--

CREATE TABLE public.commands (
    id character varying(26) NOT NULL,
    token character varying(26),
    createat bigint,
    updateat bigint,
    deleteat bigint,
    creatorid character varying(26),
    teamid character varying(26),
    trigger character varying(128),
    method character varying(1),
    username character varying(64),
    iconurl character varying(1024),
    autocomplete boolean,
    autocompletedesc character varying(1024),
    autocompletehint character varying(1024),
    displayname character varying(64),
    description character varying(128),
    url character varying(1024)
);


ALTER TABLE public.commands OWNER TO mattermost;

--
-- Name: commandwebhooks; Type: TABLE; Schema: public; Owner: mattermost
--

CREATE TABLE public.commandwebhooks (
    id character varying(26) NOT NULL,
    createat bigint,
    commandid character varying(26),
    userid character varying(26),
    channelid character varying(26),
    rootid character varying(26),
    parentid character varying(26),
    usecount integer
);


ALTER TABLE public.commandwebhooks OWNER TO mattermost;

--
-- Name: compliances; Type: TABLE; Schema: public; Owner: mattermost
--

CREATE TABLE public.compliances (
    id character varying(26) NOT NULL,
    createat bigint,
    userid character varying(26),
    status character varying(64),
    count integer,
    "desc" character varying(512),
    type character varying(64),
    startat bigint,
    endat bigint,
    keywords character varying(512),
    emails character varying(1024)
);


ALTER TABLE public.compliances OWNER TO mattermost;

--
-- Name: emoji; Type: TABLE; Schema: public; Owner: mattermost
--

CREATE TABLE public.emoji (
    id character varying(26) NOT NULL,
    createat bigint,
    updateat bigint,
    deleteat bigint,
    creatorid character varying(26),
    name character varying(64)
);


ALTER TABLE public.emoji OWNER TO mattermost;

--
-- Name: fileinfo; Type: TABLE; Schema: public; Owner: mattermost
--

CREATE TABLE public.fileinfo (
    id character varying(26) NOT NULL,
    creatorid character varying(26),
    postid character varying(26),
    createat bigint,
    updateat bigint,
    deleteat bigint,
    path character varying(512),
    thumbnailpath character varying(512),
    previewpath character varying(512),
    name character varying(256),
    extension character varying(64),
    size bigint,
    mimetype character varying(256),
    width integer,
    height integer,
    haspreviewimage boolean
);


ALTER TABLE public.fileinfo OWNER TO mattermost;

--
-- Name: groupchannels; Type: TABLE; Schema: public; Owner: mattermost
--

CREATE TABLE public.groupchannels (
    groupid character varying(26) NOT NULL,
    autoadd boolean,
    schemeadmin boolean,
    createat bigint,
    deleteat bigint,
    updateat bigint,
    channelid character varying(26) NOT NULL
);


ALTER TABLE public.groupchannels OWNER TO mattermost;

--
-- Name: groupmembers; Type: TABLE; Schema: public; Owner: mattermost
--

CREATE TABLE public.groupmembers (
    groupid character varying(26) NOT NULL,
    userid character varying(26) NOT NULL,
    createat bigint,
    deleteat bigint
);


ALTER TABLE public.groupmembers OWNER TO mattermost;

--
-- Name: groupteams; Type: TABLE; Schema: public; Owner: mattermost
--

CREATE TABLE public.groupteams (
    groupid character varying(26) NOT NULL,
    autoadd boolean,
    schemeadmin boolean,
    createat bigint,
    deleteat bigint,
    updateat bigint,
    teamid character varying(26) NOT NULL
);


ALTER TABLE public.groupteams OWNER TO mattermost;

--
-- Name: incomingwebhooks; Type: TABLE; Schema: public; Owner: mattermost
--

CREATE TABLE public.incomingwebhooks (
    id character varying(26) NOT NULL,
    createat bigint,
    updateat bigint,
    deleteat bigint,
    userid character varying(26),
    channelid character varying(26),
    teamid character varying(26),
    displayname character varying(64),
    description character varying(500),
    username text,
    iconurl text,
    channellocked boolean
);


ALTER TABLE public.incomingwebhooks OWNER TO mattermost;

--
-- Name: jobs; Type: TABLE; Schema: public; Owner: mattermost
--

CREATE TABLE public.jobs (
    id character varying(26) NOT NULL,
    type character varying(32),
    priority bigint,
    createat bigint,
    startat bigint,
    lastactivityat bigint,
    status character varying(32),
    progress bigint,
    data character varying(1024)
);


ALTER TABLE public.jobs OWNER TO mattermost;

--
-- Name: licenses; Type: TABLE; Schema: public; Owner: mattermost
--

CREATE TABLE public.licenses (
    id character varying(26) NOT NULL,
    createat bigint,
    bytes character varying(10000)
);


ALTER TABLE public.licenses OWNER TO mattermost;

--
-- Name: linkmetadata; Type: TABLE; Schema: public; Owner: mattermost
--

CREATE TABLE public.linkmetadata (
    hash bigint NOT NULL,
    url character varying(2048),
    "timestamp" bigint,
    type character varying(16),
    data character varying(4096)
);


ALTER TABLE public.linkmetadata OWNER TO mattermost;

--
-- Name: oauthaccessdata; Type: TABLE; Schema: public; Owner: mattermost
--

CREATE TABLE public.oauthaccessdata (
    clientid character varying(26),
    userid character varying(26),
    token character varying(26) NOT NULL,
    refreshtoken character varying(26),
    redirecturi character varying(256),
    expiresat bigint,
    scope character varying(128)
);


ALTER TABLE public.oauthaccessdata OWNER TO mattermost;

--
-- Name: oauthapps; Type: TABLE; Schema: public; Owner: mattermost
--

CREATE TABLE public.oauthapps (
    id character varying(26) NOT NULL,
    creatorid character varying(26),
    createat bigint,
    updateat bigint,
    clientsecret character varying(128),
    name character varying(64),
    description character varying(512),
    iconurl character varying(512),
    callbackurls character varying(1024),
    homepage character varying(256),
    istrusted boolean
);


ALTER TABLE public.oauthapps OWNER TO mattermost;

--
-- Name: oauthauthdata; Type: TABLE; Schema: public; Owner: mattermost
--

CREATE TABLE public.oauthauthdata (
    clientid character varying(26),
    userid character varying(26),
    code character varying(128) NOT NULL,
    expiresin integer,
    createat bigint,
    redirecturi character varying(256),
    state character varying(1024),
    scope character varying(128)
);


ALTER TABLE public.oauthauthdata OWNER TO mattermost;

--
-- Name: outgoingwebhooks; Type: TABLE; Schema: public; Owner: mattermost
--

CREATE TABLE public.outgoingwebhooks (
    id character varying(26) NOT NULL,
    token character varying(26),
    createat bigint,
    updateat bigint,
    deleteat bigint,
    creatorid character varying(26),
    channelid character varying(26),
    teamid character varying(26),
    triggerwords character varying(1024),
    triggerwhen integer,
    callbackurls character varying(1024),
    displayname character varying(64),
    description character varying(500),
    contenttype character varying(128),
    username character varying(64),
    iconurl character varying(1024)
);


ALTER TABLE public.outgoingwebhooks OWNER TO mattermost;

--
-- Name: pluginkeyvaluestore; Type: TABLE; Schema: public; Owner: mattermost
--

CREATE TABLE public.pluginkeyvaluestore (
    pluginid character varying(190) NOT NULL,
    pkey character varying(50) NOT NULL,
    pvalue bytea,
    expireat bigint
);


ALTER TABLE public.pluginkeyvaluestore OWNER TO mattermost;

--
-- Name: posts; Type: TABLE; Schema: public; Owner: mattermost
--

CREATE TABLE public.posts (
    id character varying(26) NOT NULL,
    createat bigint,
    updateat bigint,
    editat bigint,
    deleteat bigint,
    ispinned boolean,
    userid character varying(26),
    channelid character varying(26),
    rootid character varying(26),
    parentid character varying(26),
    originalid character varying(26),
    message character varying(65535),
    type character varying(26),
    props character varying(8000),
    hashtags character varying(1000),
    filenames character varying(4000),
    fileids character varying(150),
    hasreactions boolean
);


ALTER TABLE public.posts OWNER TO mattermost;

--
-- Name: preferences; Type: TABLE; Schema: public; Owner: mattermost
--

CREATE TABLE public.preferences (
    userid character varying(26) NOT NULL,
    category character varying(32) NOT NULL,
    name character varying(32) NOT NULL,
    value character varying(2000)
);


ALTER TABLE public.preferences OWNER TO mattermost;

--
-- Name: publicchannels; Type: TABLE; Schema: public; Owner: mattermost
--

CREATE TABLE public.publicchannels (
    id character varying(26) NOT NULL,
    deleteat bigint,
    teamid character varying(26),
    displayname character varying(64),
    name character varying(64),
    header character varying(1024),
    purpose character varying(250)
);


ALTER TABLE public.publicchannels OWNER TO mattermost;

--
-- Name: reactions; Type: TABLE; Schema: public; Owner: mattermost
--

CREATE TABLE public.reactions (
    userid character varying(26) NOT NULL,
    postid character varying(26) NOT NULL,
    emojiname character varying(64) NOT NULL,
    createat bigint
);


ALTER TABLE public.reactions OWNER TO mattermost;

--
-- Name: roles; Type: TABLE; Schema: public; Owner: mattermost
--

CREATE TABLE public.roles (
    id character varying(26) NOT NULL,
    name character varying(64),
    displayname character varying(128),
    description character varying(1024),
    createat bigint,
    updateat bigint,
    deleteat bigint,
    permissions character varying(4096),
    schememanaged boolean,
    builtin boolean
);


ALTER TABLE public.roles OWNER TO mattermost;

--
-- Name: schemes; Type: TABLE; Schema: public; Owner: mattermost
--

CREATE TABLE public.schemes (
    id character varying(26) NOT NULL,
    name character varying(64),
    displayname character varying(128),
    description character varying(1024),
    createat bigint,
    updateat bigint,
    deleteat bigint,
    scope character varying(32),
    defaultteamadminrole character varying(64),
    defaultteamuserrole character varying(64),
    defaultchanneladminrole character varying(64),
    defaultchanneluserrole character varying(64),
    defaultteamguestrole character varying(64),
    defaultchannelguestrole character varying(64)
);


ALTER TABLE public.schemes OWNER TO mattermost;

--
-- Name: sessions; Type: TABLE; Schema: public; Owner: mattermost
--

CREATE TABLE public.sessions (
    id character varying(26) NOT NULL,
    token character varying(26),
    createat bigint,
    expiresat bigint,
    lastactivityat bigint,
    userid character varying(26),
    deviceid character varying(512),
    roles character varying(64),
    isoauth boolean,
    expirednotify boolean,
    props character varying(1000)
);


ALTER TABLE public.sessions OWNER TO mattermost;

--
-- Name: sidebarcategories; Type: TABLE; Schema: public; Owner: mattermost
--

CREATE TABLE public.sidebarcategories (
    id character varying(26) NOT NULL,
    userid character varying(26),
    teamid character varying(26),
    sortorder bigint,
    sorting character varying(64),
    type character varying(64),
    displayname character varying(64)
);


ALTER TABLE public.sidebarcategories OWNER TO mattermost;

--
-- Name: sidebarchannels; Type: TABLE; Schema: public; Owner: mattermost
--

CREATE TABLE public.sidebarchannels (
    channelid character varying(26) NOT NULL,
    userid character varying(26) NOT NULL,
    categoryid character varying(26) NOT NULL,
    sortorder bigint
);


ALTER TABLE public.sidebarchannels OWNER TO mattermost;

--
-- Name: status; Type: TABLE; Schema: public; Owner: mattermost
--

CREATE TABLE public.status (
    userid character varying(26) NOT NULL,
    status character varying(32),
    manual boolean,
    lastactivityat bigint
);


ALTER TABLE public.status OWNER TO mattermost;

--
-- Name: systems; Type: TABLE; Schema: public; Owner: mattermost
--

CREATE TABLE public.systems (
    name character varying(64) NOT NULL,
    value character varying(1024)
);


ALTER TABLE public.systems OWNER TO mattermost;

--
-- Name: teammembers; Type: TABLE; Schema: public; Owner: mattermost
--

CREATE TABLE public.teammembers (
    teamid character varying(26) NOT NULL,
    userid character varying(26) NOT NULL,
    roles character varying(64),
    deleteat bigint,
    schemeuser boolean,
    schemeadmin boolean,
    schemeguest boolean
);


ALTER TABLE public.teammembers OWNER TO mattermost;

--
-- Name: teams; Type: TABLE; Schema: public; Owner: mattermost
--

CREATE TABLE public.teams (
    id character varying(26) NOT NULL,
    createat bigint,
    updateat bigint,
    deleteat bigint,
    displayname character varying(64),
    name character varying(64),
    description character varying(255),
    email character varying(128),
    type text,
    companyname character varying(64),
    alloweddomains character varying(1000),
    inviteid character varying(32),
    allowopeninvite boolean,
    lastteamiconupdate bigint,
    schemeid text,
    groupconstrained boolean
);


ALTER TABLE public.teams OWNER TO mattermost;

--
-- Name: termsofservice; Type: TABLE; Schema: public; Owner: mattermost
--

CREATE TABLE public.termsofservice (
    id character varying(26) NOT NULL,
    createat bigint,
    userid character varying(26),
    text character varying(65535)
);


ALTER TABLE public.termsofservice OWNER TO mattermost;

--
-- Name: tokens; Type: TABLE; Schema: public; Owner: mattermost
--

CREATE TABLE public.tokens (
    token character varying(64) NOT NULL,
    createat bigint,
    type character varying(64),
    extra character varying(2048)
);


ALTER TABLE public.tokens OWNER TO mattermost;

--
-- Name: useraccesstokens; Type: TABLE; Schema: public; Owner: mattermost
--

CREATE TABLE public.useraccesstokens (
    id character varying(26) NOT NULL,
    token character varying(26),
    userid character varying(26),
    description character varying(512),
    isactive boolean
);


ALTER TABLE public.useraccesstokens OWNER TO mattermost;

--
-- Name: usergroups; Type: TABLE; Schema: public; Owner: mattermost
--

CREATE TABLE public.usergroups (
    id character varying(26) NOT NULL,
    name character varying(64),
    displayname character varying(128),
    description character varying(1024),
    source character varying(64),
    remoteid character varying(48),
    createat bigint,
    updateat bigint,
    deleteat bigint,
    allowreference boolean
);


ALTER TABLE public.usergroups OWNER TO mattermost;

--
-- Name: users; Type: TABLE; Schema: public; Owner: mattermost
--

CREATE TABLE public.users (
    id character varying(26) NOT NULL,
    createat bigint,
    updateat bigint,
    deleteat bigint,
    username character varying(64),
    password character varying(128),
    authdata character varying(128),
    authservice character varying(32),
    email character varying(128),
    emailverified boolean,
    nickname character varying(64),
    firstname character varying(64),
    lastname character varying(64),
    "position" character varying(128),
    roles character varying(256),
    allowmarketing boolean,
    props character varying(4000),
    notifyprops character varying(2000),
    lastpasswordupdate bigint,
    lastpictureupdate bigint,
    failedattempts integer,
    locale character varying(5),
    timezone character varying(256),
    mfaactive boolean,
    mfasecret character varying(128)
);


ALTER TABLE public.users OWNER TO mattermost;

--
-- Name: usertermsofservice; Type: TABLE; Schema: public; Owner: mattermost
--

CREATE TABLE public.usertermsofservice (
    userid character varying(26) NOT NULL,
    termsofserviceid character varying(26),
    createat bigint
);


ALTER TABLE public.usertermsofservice OWNER TO mattermost;

--
-- Data for Name: audits; Type: TABLE DATA; Schema: public; Owner: mattermost
--

COPY public.audits (id, createat, userid, action, extrainfo, ipaddress, sessionid) FROM stdin;
tyspaydco3r75bzqs8xx7mmmpa	1672241419958	bmq7jiumpib3xdz3mx5iyo99ro	/api/v4/channels/73uy6kj1jb8wdqrf3ti6zies6r/members	name=off-topic user_id=bmq7jiumpib3xdz3mx5iyo99ro	172.19.0.1	na5joaw5xf8efnnm56m3g664ic
abhgjj6nqjri8jjudkws5twp8w	1672241420012	bmq7jiumpib3xdz3mx5iyo99ro	/api/v4/channels/cxtmz3ubz3gfigd5m6prendmsw/members	name=town-square user_id=bmq7jiumpib3xdz3mx5iyo99ro	172.19.0.1	hfgkq36u8b8q8g3t1km6y5zdya
k6xbs76o67dbjnmzbhfn5zo6dy	1672241420396	bmq7jiumpib3xdz3mx5iyo99ro	/api/v4/users/7m6hc4oompb7mexf9muuppdd6r/email/verify/member	user verified	172.19.0.1	hfgkq36u8b8q8g3t1km6y5zdya
x35aaop547gzf896x376z4at1y	1672241420408	bmq7jiumpib3xdz3mx5iyo99ro	/api/v4/users/7m6hc4oompb7mexf9muuppdd6r/tokens		172.19.0.1	hfgkq36u8b8q8g3t1km6y5zdya
g63to5z9ebydzro74mkdc7q7fy	1672241420432	bmq7jiumpib3xdz3mx5iyo99ro	/api/v4/users/7m6hc4oompb7mexf9muuppdd6r/tokens	success - token_id=rxpw5tu6jj8c8f548jen4jauhe	172.19.0.1	hfgkq36u8b8q8g3t1km6y5zdya
m41pjfi5ki8zix59k51jorctfh	1672241420700	bmq7jiumpib3xdz3mx5iyo99ro	/api/v4/users/7buk99iowt8mipptoftdgimmhy/email/verify/member	user verified	172.19.0.1	hfgkq36u8b8q8g3t1km6y5zdya
1f5hcy45s3rqfbs1wyho9wzyhc	1672241420721	bmq7jiumpib3xdz3mx5iyo99ro	/api/v4/users/7buk99iowt8mipptoftdgimmhy/tokens		172.19.0.1	hfgkq36u8b8q8g3t1km6y5zdya
nr6s4msj4jgbfpshubbi14mtxo	1672241420748	bmq7jiumpib3xdz3mx5iyo99ro	/api/v4/users/7buk99iowt8mipptoftdgimmhy/tokens	success - token_id=4rdc54bho7bdtfqe8jcsu8yagc	172.19.0.1	hfgkq36u8b8q8g3t1km6y5zdya
mjdfq7ph7iyriku1fwc1cwncwc	1672241420755	bmq7jiumpib3xdz3mx5iyo99ro	/api/v4/channels/cxtmz3ubz3gfigd5m6prendmsw/members	name=town-square user_id=7m6hc4oompb7mexf9muuppdd6r	172.19.0.1	hfgkq36u8b8q8g3t1km6y5zdya
c8zya3mnc38dmgeifqxerf1gzw	1672241420905	bmq7jiumpib3xdz3mx5iyo99ro	/api/v4/users/7buk99iowt8mipptoftdgimmhy/patch		172.19.0.1	hfgkq36u8b8q8g3t1km6y5zdya
koudccnootge3q3jmsxuejjagh	1672241421029	bmq7jiumpib3xdz3mx5iyo99ro	/api/v4/channels/73uy6kj1jb8wdqrf3ti6zies6r/members	name=off-topic user_id=7buk99iowt8mipptoftdgimmhy	172.19.0.1	hfgkq36u8b8q8g3t1km6y5zdya
grbmj7owg7ybxj5536w7cugpko	1672241421043	bmq7jiumpib3xdz3mx5iyo99ro	/api/v4/users/7m6hc4oompb7mexf9muuppdd6r/patch		172.19.0.1	hfgkq36u8b8q8g3t1km6y5zdya
k7xdfdao4fnkmbwp5jty6us19c	1672241421067	bmq7jiumpib3xdz3mx5iyo99ro	/api/v4/channels/73uy6kj1jb8wdqrf3ti6zies6r/members	name=off-topic user_id=7m6hc4oompb7mexf9muuppdd6r	172.19.0.1	hfgkq36u8b8q8g3t1km6y5zdya
tctiixyz7ina8pwn7tcfiik3ry	1672241421170	bmq7jiumpib3xdz3mx5iyo99ro	/api/v4/channels/cxtmz3ubz3gfigd5m6prendmsw/members	name=town-square user_id=7buk99iowt8mipptoftdgimmhy	172.19.0.1	hfgkq36u8b8q8g3t1km6y5zdya
k7zubz8bupnkimsxm93zqrkndc	1672242075051	bmq7jiumpib3xdz3mx5iyo99ro	/api/v4/channels/73uy6kj1jb8wdqrf3ti6zies6r/members	name=off-topic user_id=bmq7jiumpib3xdz3mx5iyo99ro	172.19.0.1	hfgkq36u8b8q8g3t1km6y5zdya
xd6xqz43ginhiqf51xjoa1y8cc	1672242075062	bmq7jiumpib3xdz3mx5iyo99ro	/api/v4/channels/cxtmz3ubz3gfigd5m6prendmsw/members	name=town-square user_id=bmq7jiumpib3xdz3mx5iyo99ro	172.19.0.1	hfgkq36u8b8q8g3t1km6y5zdya
ems8aum3ntd1zns6dtxb5sr9tr	1672242075245	bmq7jiumpib3xdz3mx5iyo99ro	/api/v4/users/7m6hc4oompb7mexf9muuppdd6r/patch		172.19.0.1	hfgkq36u8b8q8g3t1km6y5zdya
qwhd7eqwtpfsfn7spxxqm1b6na	1672242075248	bmq7jiumpib3xdz3mx5iyo99ro	/api/v4/users/7m6hc4oompb7mexf9muuppdd6r/patch		172.19.0.1	hfgkq36u8b8q8g3t1km6y5zdya
ncin9nmrtib3bk7wfg7f46t9mh	1672242075288	bmq7jiumpib3xdz3mx5iyo99ro	/api/v4/channels/73uy6kj1jb8wdqrf3ti6zies6r/members	name=off-topic user_id=7m6hc4oompb7mexf9muuppdd6r	172.19.0.1	hfgkq36u8b8q8g3t1km6y5zdya
t758qumgtbnjdnheffu8soh7ac	1672242075294	bmq7jiumpib3xdz3mx5iyo99ro	/api/v4/users/7buk99iowt8mipptoftdgimmhy/patch		172.19.0.1	hfgkq36u8b8q8g3t1km6y5zdya
f8hut5mmppbtmk3whc5bt3cfke	1672242075297	bmq7jiumpib3xdz3mx5iyo99ro	/api/v4/channels/cxtmz3ubz3gfigd5m6prendmsw/members	name=town-square user_id=7m6hc4oompb7mexf9muuppdd6r	172.19.0.1	hfgkq36u8b8q8g3t1km6y5zdya
9ruqiucccibimcwri5s88pnzwy	1672242075299	bmq7jiumpib3xdz3mx5iyo99ro	/api/v4/users/7buk99iowt8mipptoftdgimmhy/patch		172.19.0.1	hfgkq36u8b8q8g3t1km6y5zdya
rzqx3ibn43gzdgkaj6fuuwtzoo	1672242075323	bmq7jiumpib3xdz3mx5iyo99ro	/api/v4/channels/73uy6kj1jb8wdqrf3ti6zies6r/members	name=off-topic user_id=7buk99iowt8mipptoftdgimmhy	172.19.0.1	hfgkq36u8b8q8g3t1km6y5zdya
i3g7r5dcrjb3tdi1yrhizbkrwy	1672242075329	bmq7jiumpib3xdz3mx5iyo99ro	/api/v4/channels/cxtmz3ubz3gfigd5m6prendmsw/members	name=town-square user_id=7buk99iowt8mipptoftdgimmhy	172.19.0.1	hfgkq36u8b8q8g3t1km6y5zdya
g159kgcbmpbcmjypp64rdk3mtc	1672242533832	bmq7jiumpib3xdz3mx5iyo99ro	/api/v4/channels/73uy6kj1jb8wdqrf3ti6zies6r/members	name=off-topic user_id=bmq7jiumpib3xdz3mx5iyo99ro	172.19.0.1	hfgkq36u8b8q8g3t1km6y5zdya
sffy88zbitn7zce41c7j3s866a	1672242533836	bmq7jiumpib3xdz3mx5iyo99ro	/api/v4/channels/cxtmz3ubz3gfigd5m6prendmsw/members	name=town-square user_id=bmq7jiumpib3xdz3mx5iyo99ro	172.19.0.1	hfgkq36u8b8q8g3t1km6y5zdya
pe4b9icm8inc8899kfg3owaa8e	1672242534138	bmq7jiumpib3xdz3mx5iyo99ro	/api/v4/users/7m6hc4oompb7mexf9muuppdd6r/patch		172.19.0.1	hfgkq36u8b8q8g3t1km6y5zdya
ur6odokrjbddz8puothpwixcty	1672242534188	bmq7jiumpib3xdz3mx5iyo99ro	/api/v4/users/7buk99iowt8mipptoftdgimmhy/patch		172.19.0.1	hfgkq36u8b8q8g3t1km6y5zdya
9nua3e5w3jrzubgq6z16czgz6r	1672242534187	bmq7jiumpib3xdz3mx5iyo99ro	/api/v4/channels/73uy6kj1jb8wdqrf3ti6zies6r/members	name=off-topic user_id=7m6hc4oompb7mexf9muuppdd6r	172.19.0.1	hfgkq36u8b8q8g3t1km6y5zdya
xywiszweitre8m6oe53qmbzcjo	1672242534192	bmq7jiumpib3xdz3mx5iyo99ro	/api/v4/users/7m6hc4oompb7mexf9muuppdd6r/patch		172.19.0.1	hfgkq36u8b8q8g3t1km6y5zdya
sj4e7y3wfbnpxq7mxbtxfkr7xc	1672242534216	bmq7jiumpib3xdz3mx5iyo99ro	/api/v4/users/7buk99iowt8mipptoftdgimmhy/patch		172.19.0.1	hfgkq36u8b8q8g3t1km6y5zdya
4naic1tqxi8f3f86xc8xq9mt5c	1672242534230	bmq7jiumpib3xdz3mx5iyo99ro	/api/v4/channels/cxtmz3ubz3gfigd5m6prendmsw/members	name=town-square user_id=7buk99iowt8mipptoftdgimmhy	172.19.0.1	hfgkq36u8b8q8g3t1km6y5zdya
thfxigsixtdhdnki3acpx8683o	1672242534230	bmq7jiumpib3xdz3mx5iyo99ro	/api/v4/channels/cxtmz3ubz3gfigd5m6prendmsw/members	name=town-square user_id=7m6hc4oompb7mexf9muuppdd6r	172.19.0.1	hfgkq36u8b8q8g3t1km6y5zdya
uwt43txuwtfmdyjeusqswqqf1r	1672242534244	bmq7jiumpib3xdz3mx5iyo99ro	/api/v4/channels/73uy6kj1jb8wdqrf3ti6zies6r/members	name=off-topic user_id=7buk99iowt8mipptoftdgimmhy	172.19.0.1	hfgkq36u8b8q8g3t1km6y5zdya
hyq5dhcxxbrz7ns1pqg77yhqno	1672242638729	bmq7jiumpib3xdz3mx5iyo99ro	/api/v4/channels/73uy6kj1jb8wdqrf3ti6zies6r/members	name=off-topic user_id=bmq7jiumpib3xdz3mx5iyo99ro	172.19.0.1	hfgkq36u8b8q8g3t1km6y5zdya
3tzdrdmab3g1dc6ks7pgqxa6io	1672242638732	bmq7jiumpib3xdz3mx5iyo99ro	/api/v4/channels/cxtmz3ubz3gfigd5m6prendmsw/members	name=town-square user_id=bmq7jiumpib3xdz3mx5iyo99ro	172.19.0.1	hfgkq36u8b8q8g3t1km6y5zdya
u5fr88odi7rfirx75ngsz8oufw	1672242638926	bmq7jiumpib3xdz3mx5iyo99ro	/api/v4/users/7m6hc4oompb7mexf9muuppdd6r/patch		172.19.0.1	hfgkq36u8b8q8g3t1km6y5zdya
7giwgaqkrbyfmeco8fs5riaqny	1672242638974	bmq7jiumpib3xdz3mx5iyo99ro	/api/v4/users/7buk99iowt8mipptoftdgimmhy/patch		172.19.0.1	hfgkq36u8b8q8g3t1km6y5zdya
3q5fpnyjztrxtg9schrpgo5r9o	1672242639069	bmq7jiumpib3xdz3mx5iyo99ro	/api/v4/channels/cxtmz3ubz3gfigd5m6prendmsw/members	name=town-square user_id=7m6hc4oompb7mexf9muuppdd6r	172.19.0.1	hfgkq36u8b8q8g3t1km6y5zdya
ckhhzcc5upbi8mwk37co4pumgc	1672242853479	bmq7jiumpib3xdz3mx5iyo99ro	/api/v4/users/7m6hc4oompb7mexf9muuppdd6r/patch		172.19.0.1	hfgkq36u8b8q8g3t1km6y5zdya
7i1esp9bb7fipejer83nest15a	1672242638991	bmq7jiumpib3xdz3mx5iyo99ro	/api/v4/users/7m6hc4oompb7mexf9muuppdd6r/patch		172.19.0.1	hfgkq36u8b8q8g3t1km6y5zdya
dyhnfuzjrtf7t8yc9tj6fa6g1o	1672242639090	bmq7jiumpib3xdz3mx5iyo99ro	/api/v4/channels/73uy6kj1jb8wdqrf3ti6zies6r/members	name=off-topic user_id=7buk99iowt8mipptoftdgimmhy	172.19.0.1	hfgkq36u8b8q8g3t1km6y5zdya
kjbrudcycpfkfgrpjrf3gkkr1e	1672242853497	bmq7jiumpib3xdz3mx5iyo99ro	/api/v4/users/7buk99iowt8mipptoftdgimmhy/patch		172.19.0.1	hfgkq36u8b8q8g3t1km6y5zdya
qdippshd1jnd5d143795zqbo5o	1672242639068	bmq7jiumpib3xdz3mx5iyo99ro	/api/v4/channels/73uy6kj1jb8wdqrf3ti6zies6r/members	name=off-topic user_id=7m6hc4oompb7mexf9muuppdd6r	172.19.0.1	hfgkq36u8b8q8g3t1km6y5zdya
8n53ywcxg78y7mbis83w5zgjbe	1672242853435	bmq7jiumpib3xdz3mx5iyo99ro	/api/v4/channels/73uy6kj1jb8wdqrf3ti6zies6r/members	name=off-topic user_id=7m6hc4oompb7mexf9muuppdd6r	172.19.0.1	hfgkq36u8b8q8g3t1km6y5zdya
ssajphi1p7y6xgohxa1yegszuw	1672242639091	bmq7jiumpib3xdz3mx5iyo99ro	/api/v4/users/7buk99iowt8mipptoftdgimmhy/patch		172.19.0.1	hfgkq36u8b8q8g3t1km6y5zdya
yq5o6y4k9fbdzbsq64zkp4hmca	1672242853458	bmq7jiumpib3xdz3mx5iyo99ro	/api/v4/users/7buk99iowt8mipptoftdgimmhy/patch		172.19.0.1	hfgkq36u8b8q8g3t1km6y5zdya
pharrna8kj8ajpqqsgik4yt36o	1672242853509	bmq7jiumpib3xdz3mx5iyo99ro	/api/v4/channels/cxtmz3ubz3gfigd5m6prendmsw/members	name=town-square user_id=7m6hc4oompb7mexf9muuppdd6r	172.19.0.1	hfgkq36u8b8q8g3t1km6y5zdya
x9x8oh8f7fguxg4taf1f667qaw	1672242639145	bmq7jiumpib3xdz3mx5iyo99ro	/api/v4/channels/cxtmz3ubz3gfigd5m6prendmsw/members	name=town-square user_id=7buk99iowt8mipptoftdgimmhy	172.19.0.1	hfgkq36u8b8q8g3t1km6y5zdya
4yik4jfzsjna3jpuhbhwemqj8r	1672242853232	bmq7jiumpib3xdz3mx5iyo99ro	/api/v4/channels/cxtmz3ubz3gfigd5m6prendmsw/members	name=town-square user_id=bmq7jiumpib3xdz3mx5iyo99ro	172.19.0.1	hfgkq36u8b8q8g3t1km6y5zdya
yoz7txeinj83pdsc39mpsjwu1c	1672242853232	bmq7jiumpib3xdz3mx5iyo99ro	/api/v4/channels/73uy6kj1jb8wdqrf3ti6zies6r/members	name=off-topic user_id=bmq7jiumpib3xdz3mx5iyo99ro	172.19.0.1	hfgkq36u8b8q8g3t1km6y5zdya
9w7gxb9b7b8pxpox94qwfmtjxw	1672242853494	bmq7jiumpib3xdz3mx5iyo99ro	/api/v4/channels/73uy6kj1jb8wdqrf3ti6zies6r/members	name=off-topic user_id=7buk99iowt8mipptoftdgimmhy	172.19.0.1	hfgkq36u8b8q8g3t1km6y5zdya
4pox3m1a8tgx7rezqqz4t5emsy	1672242853398	bmq7jiumpib3xdz3mx5iyo99ro	/api/v4/users/7m6hc4oompb7mexf9muuppdd6r/patch		172.19.0.1	hfgkq36u8b8q8g3t1km6y5zdya
aek5oxakk78pun3fhjk6gfpmke	1672242853533	bmq7jiumpib3xdz3mx5iyo99ro	/api/v4/channels/cxtmz3ubz3gfigd5m6prendmsw/members	name=town-square user_id=7buk99iowt8mipptoftdgimmhy	172.19.0.1	hfgkq36u8b8q8g3t1km6y5zdya
eynxiozw6fbgtdbj5kiyeqbnoy	1672242918909	bmq7jiumpib3xdz3mx5iyo99ro	/api/v4/channels/73uy6kj1jb8wdqrf3ti6zies6r/members	name=off-topic user_id=bmq7jiumpib3xdz3mx5iyo99ro	172.19.0.1	hfgkq36u8b8q8g3t1km6y5zdya
zasom1dopjbyuyqety96ttq4uh	1672242918914	bmq7jiumpib3xdz3mx5iyo99ro	/api/v4/channels/cxtmz3ubz3gfigd5m6prendmsw/members	name=town-square user_id=bmq7jiumpib3xdz3mx5iyo99ro	172.19.0.1	hfgkq36u8b8q8g3t1km6y5zdya
8nrcdckb6bbgfjo9mxwyy9udoo	1672242919149	bmq7jiumpib3xdz3mx5iyo99ro	/api/v4/users/7m6hc4oompb7mexf9muuppdd6r/patch		172.19.0.1	hfgkq36u8b8q8g3t1km6y5zdya
mg1xp75ma7ydum8kojp1mh54nh	1672242919156	bmq7jiumpib3xdz3mx5iyo99ro	/api/v4/users/7m6hc4oompb7mexf9muuppdd6r/patch		172.19.0.1	hfgkq36u8b8q8g3t1km6y5zdya
3pdy17x1xtbubnxrhs3u7a8njy	1672242919154	bmq7jiumpib3xdz3mx5iyo99ro	/api/v4/users/7buk99iowt8mipptoftdgimmhy/patch		172.19.0.1	hfgkq36u8b8q8g3t1km6y5zdya
io6ta5pb3i8obpnjznr4jxdhyy	1672242919159	bmq7jiumpib3xdz3mx5iyo99ro	/api/v4/users/7buk99iowt8mipptoftdgimmhy/patch		172.19.0.1	hfgkq36u8b8q8g3t1km6y5zdya
b9f1mmdcj3nsxfoc3q69yu3bzo	1672242919202	bmq7jiumpib3xdz3mx5iyo99ro	/api/v4/channels/cxtmz3ubz3gfigd5m6prendmsw/members	name=town-square user_id=7buk99iowt8mipptoftdgimmhy	172.19.0.1	hfgkq36u8b8q8g3t1km6y5zdya
udymm5trbtg15dujhjmbm78kee	1672242919209	bmq7jiumpib3xdz3mx5iyo99ro	/api/v4/channels/73uy6kj1jb8wdqrf3ti6zies6r/members	name=off-topic user_id=7buk99iowt8mipptoftdgimmhy	172.19.0.1	hfgkq36u8b8q8g3t1km6y5zdya
tj36qbwndjdobnwo518g8x49zc	1672242919212	bmq7jiumpib3xdz3mx5iyo99ro	/api/v4/channels/73uy6kj1jb8wdqrf3ti6zies6r/members	name=off-topic user_id=7m6hc4oompb7mexf9muuppdd6r	172.19.0.1	hfgkq36u8b8q8g3t1km6y5zdya
4jft7aeojjg6px3xugs8n64guy	1672242919197	bmq7jiumpib3xdz3mx5iyo99ro	/api/v4/channels/cxtmz3ubz3gfigd5m6prendmsw/members	name=town-square user_id=7m6hc4oompb7mexf9muuppdd6r	172.19.0.1	hfgkq36u8b8q8g3t1km6y5zdya
4amu8347jpnnmkf5h6p8ix81be	1672242937081	bmq7jiumpib3xdz3mx5iyo99ro	/api/v4/channels/cxtmz3ubz3gfigd5m6prendmsw/members	name=town-square user_id=bmq7jiumpib3xdz3mx5iyo99ro	172.19.0.1	hfgkq36u8b8q8g3t1km6y5zdya
g6dnctwm5fg1trdpicayghu8dr	1672242937083	bmq7jiumpib3xdz3mx5iyo99ro	/api/v4/channels/73uy6kj1jb8wdqrf3ti6zies6r/members	name=off-topic user_id=bmq7jiumpib3xdz3mx5iyo99ro	172.19.0.1	hfgkq36u8b8q8g3t1km6y5zdya
4c6w1fpxu7yz9cpihimboau8fy	1672242937254	bmq7jiumpib3xdz3mx5iyo99ro	/api/v4/users/7m6hc4oompb7mexf9muuppdd6r/patch		172.19.0.1	hfgkq36u8b8q8g3t1km6y5zdya
k8hpr4ae4tbatqfrorbu4rhq9w	1672242937283	bmq7jiumpib3xdz3mx5iyo99ro	/api/v4/users/7m6hc4oompb7mexf9muuppdd6r/patch		172.19.0.1	hfgkq36u8b8q8g3t1km6y5zdya
xzuje31j13ghdyun3n1zb5pmpw	1672242937291	bmq7jiumpib3xdz3mx5iyo99ro	/api/v4/users/7buk99iowt8mipptoftdgimmhy/patch		172.19.0.1	hfgkq36u8b8q8g3t1km6y5zdya
9iu1zi3js3bnzqi1wta84ocuzr	1672242937305	bmq7jiumpib3xdz3mx5iyo99ro	/api/v4/users/7buk99iowt8mipptoftdgimmhy/patch		172.19.0.1	hfgkq36u8b8q8g3t1km6y5zdya
6jhnpc39b3d7brnh6ozunwffro	1672242937319	bmq7jiumpib3xdz3mx5iyo99ro	/api/v4/channels/73uy6kj1jb8wdqrf3ti6zies6r/members	name=off-topic user_id=7m6hc4oompb7mexf9muuppdd6r	172.19.0.1	hfgkq36u8b8q8g3t1km6y5zdya
4wrxtot4ein57qorhadg84z13c	1672242937322	bmq7jiumpib3xdz3mx5iyo99ro	/api/v4/channels/cxtmz3ubz3gfigd5m6prendmsw/members	name=town-square user_id=7m6hc4oompb7mexf9muuppdd6r	172.19.0.1	hfgkq36u8b8q8g3t1km6y5zdya
3ed1m9umy7nyfd5u83x6b7pdbo	1672242937327	bmq7jiumpib3xdz3mx5iyo99ro	/api/v4/channels/73uy6kj1jb8wdqrf3ti6zies6r/members	name=off-topic user_id=7buk99iowt8mipptoftdgimmhy	172.19.0.1	hfgkq36u8b8q8g3t1km6y5zdya
1bg7bmparf8oubrzjb75q63nze	1672242937341	bmq7jiumpib3xdz3mx5iyo99ro	/api/v4/channels/cxtmz3ubz3gfigd5m6prendmsw/members	name=town-square user_id=7buk99iowt8mipptoftdgimmhy	172.19.0.1	hfgkq36u8b8q8g3t1km6y5zdya
easpjnh99jdnmxkngbfnhosdry	1672242974923	bmq7jiumpib3xdz3mx5iyo99ro	/api/v4/channels/73uy6kj1jb8wdqrf3ti6zies6r/members	name=off-topic user_id=bmq7jiumpib3xdz3mx5iyo99ro	172.19.0.1	hfgkq36u8b8q8g3t1km6y5zdya
dhs4mo39of8m7maan98cwkijjy	1672242974934	bmq7jiumpib3xdz3mx5iyo99ro	/api/v4/channels/cxtmz3ubz3gfigd5m6prendmsw/members	name=town-square user_id=bmq7jiumpib3xdz3mx5iyo99ro	172.19.0.1	hfgkq36u8b8q8g3t1km6y5zdya
q6gghgsob7bfi8s9yoftc6qymo	1672242975178	bmq7jiumpib3xdz3mx5iyo99ro	/api/v4/users/7buk99iowt8mipptoftdgimmhy/patch		172.19.0.1	hfgkq36u8b8q8g3t1km6y5zdya
rm7jin3ebf8gb8uyqhygqrur9e	1672242975218	bmq7jiumpib3xdz3mx5iyo99ro	/api/v4/users/7m6hc4oompb7mexf9muuppdd6r/patch		172.19.0.1	hfgkq36u8b8q8g3t1km6y5zdya
nrfaj3mkjb8m984k8fj55bfb9o	1672242975236	bmq7jiumpib3xdz3mx5iyo99ro	/api/v4/users/7buk99iowt8mipptoftdgimmhy/patch		172.19.0.1	hfgkq36u8b8q8g3t1km6y5zdya
m7cumcxjqpyj7buspptqwn6gzw	1672242975244	bmq7jiumpib3xdz3mx5iyo99ro	/api/v4/channels/cxtmz3ubz3gfigd5m6prendmsw/members	name=town-square user_id=7buk99iowt8mipptoftdgimmhy	172.19.0.1	hfgkq36u8b8q8g3t1km6y5zdya
j7iqgdj6ttge78mt1thk888szy	1672242975245	bmq7jiumpib3xdz3mx5iyo99ro	/api/v4/users/7m6hc4oompb7mexf9muuppdd6r/patch		172.19.0.1	hfgkq36u8b8q8g3t1km6y5zdya
h3dzbbth9ig4bdpkfthm5ns9pc	1672242975251	bmq7jiumpib3xdz3mx5iyo99ro	/api/v4/channels/cxtmz3ubz3gfigd5m6prendmsw/members	name=town-square user_id=7m6hc4oompb7mexf9muuppdd6r	172.19.0.1	hfgkq36u8b8q8g3t1km6y5zdya
b4t75yxkp7dixx9ydno35sp77y	1672242975295	bmq7jiumpib3xdz3mx5iyo99ro	/api/v4/channels/73uy6kj1jb8wdqrf3ti6zies6r/members	name=off-topic user_id=7buk99iowt8mipptoftdgimmhy	172.19.0.1	hfgkq36u8b8q8g3t1km6y5zdya
jk391cqx6idy5kcnbwhzg5fqno	1672242975314	bmq7jiumpib3xdz3mx5iyo99ro	/api/v4/channels/73uy6kj1jb8wdqrf3ti6zies6r/members	name=off-topic user_id=7m6hc4oompb7mexf9muuppdd6r	172.19.0.1	hfgkq36u8b8q8g3t1km6y5zdya
b613w7fght8tx83icsgxpiuijw	1672244346430	bmq7jiumpib3xdz3mx5iyo99ro	/api/v4/channels/73uy6kj1jb8wdqrf3ti6zies6r/members	name=off-topic user_id=bmq7jiumpib3xdz3mx5iyo99ro	172.19.0.1	hfgkq36u8b8q8g3t1km6y5zdya
1bysqieonfbh8fiyacbyn6uxhh	1672244346441	bmq7jiumpib3xdz3mx5iyo99ro	/api/v4/channels/cxtmz3ubz3gfigd5m6prendmsw/members	name=town-square user_id=bmq7jiumpib3xdz3mx5iyo99ro	172.19.0.1	hfgkq36u8b8q8g3t1km6y5zdya
s7hqhzj7pf8q7j9rfcemyupffr	1672244346636	bmq7jiumpib3xdz3mx5iyo99ro	/api/v4/users/7m6hc4oompb7mexf9muuppdd6r/patch		172.19.0.1	hfgkq36u8b8q8g3t1km6y5zdya
tty1em4mkpnnuduowz6bg7yg6w	1672244346652	bmq7jiumpib3xdz3mx5iyo99ro	/api/v4/users/7buk99iowt8mipptoftdgimmhy/patch		172.19.0.1	hfgkq36u8b8q8g3t1km6y5zdya
bge19amhkbba5ez19nkesmh89h	1672244346656	bmq7jiumpib3xdz3mx5iyo99ro	/api/v4/users/7buk99iowt8mipptoftdgimmhy/patch		172.19.0.1	hfgkq36u8b8q8g3t1km6y5zdya
xd6qyopwef8p3c8iacc85bj4gy	1672244346662	bmq7jiumpib3xdz3mx5iyo99ro	/api/v4/users/7m6hc4oompb7mexf9muuppdd6r/patch		172.19.0.1	hfgkq36u8b8q8g3t1km6y5zdya
f4wgs5uy8i8i7gkmoqq4gud9pw	1672244346675	bmq7jiumpib3xdz3mx5iyo99ro	/api/v4/channels/73uy6kj1jb8wdqrf3ti6zies6r/members	name=off-topic user_id=7m6hc4oompb7mexf9muuppdd6r	172.19.0.1	hfgkq36u8b8q8g3t1km6y5zdya
8tpejo6gdi8h8qrpxyq5t5znhw	1672244346682	bmq7jiumpib3xdz3mx5iyo99ro	/api/v4/channels/73uy6kj1jb8wdqrf3ti6zies6r/members	name=off-topic user_id=7buk99iowt8mipptoftdgimmhy	172.19.0.1	hfgkq36u8b8q8g3t1km6y5zdya
nwfo9gxqijbibpujeky5uioh1a	1672244346684	bmq7jiumpib3xdz3mx5iyo99ro	/api/v4/channels/cxtmz3ubz3gfigd5m6prendmsw/members	name=town-square user_id=7buk99iowt8mipptoftdgimmhy	172.19.0.1	hfgkq36u8b8q8g3t1km6y5zdya
famtg7rtntrupebqfbuznwqtca	1672244346700	bmq7jiumpib3xdz3mx5iyo99ro	/api/v4/channels/cxtmz3ubz3gfigd5m6prendmsw/members	name=town-square user_id=7m6hc4oompb7mexf9muuppdd6r	172.19.0.1	hfgkq36u8b8q8g3t1km6y5zdya
e6wg6uuhjtf85j1d4s3gbmedur	1672246531173	bmq7jiumpib3xdz3mx5iyo99ro	/api/v4/channels/73uy6kj1jb8wdqrf3ti6zies6r/members	name=off-topic user_id=bmq7jiumpib3xdz3mx5iyo99ro	172.19.0.1	hfgkq36u8b8q8g3t1km6y5zdya
uznmm3rbpfyibp4say6ptu543h	1672246531188	bmq7jiumpib3xdz3mx5iyo99ro	/api/v4/channels/cxtmz3ubz3gfigd5m6prendmsw/members	name=town-square user_id=bmq7jiumpib3xdz3mx5iyo99ro	172.19.0.1	hfgkq36u8b8q8g3t1km6y5zdya
c8jjwege3idpmqdeqi6o9ewdia	1672246531446	bmq7jiumpib3xdz3mx5iyo99ro	/api/v4/users/7buk99iowt8mipptoftdgimmhy/patch		172.19.0.1	hfgkq36u8b8q8g3t1km6y5zdya
8775oibw4igr9jkgxamjo1wb1w	1672246531452	bmq7jiumpib3xdz3mx5iyo99ro	/api/v4/users/7m6hc4oompb7mexf9muuppdd6r/patch		172.19.0.1	hfgkq36u8b8q8g3t1km6y5zdya
j4as4iw91ff89cx35sujoxbsdw	1672246531469	bmq7jiumpib3xdz3mx5iyo99ro	/api/v4/users/7m6hc4oompb7mexf9muuppdd6r/patch		172.19.0.1	hfgkq36u8b8q8g3t1km6y5zdya
z58b1tx5ipyk8m68a98tqchbxr	1672246531478	bmq7jiumpib3xdz3mx5iyo99ro	/api/v4/users/7buk99iowt8mipptoftdgimmhy/patch		172.19.0.1	hfgkq36u8b8q8g3t1km6y5zdya
r6a79muqe3b58y68pw9rtxmbbw	1672246531509	bmq7jiumpib3xdz3mx5iyo99ro	/api/v4/channels/cxtmz3ubz3gfigd5m6prendmsw/members	name=town-square user_id=7m6hc4oompb7mexf9muuppdd6r	172.19.0.1	hfgkq36u8b8q8g3t1km6y5zdya
7odpcxp56bb67cs8uyntok6m9r	1672246531512	bmq7jiumpib3xdz3mx5iyo99ro	/api/v4/channels/cxtmz3ubz3gfigd5m6prendmsw/members	name=town-square user_id=7buk99iowt8mipptoftdgimmhy	172.19.0.1	hfgkq36u8b8q8g3t1km6y5zdya
b7khe6pkxfdjzyzgkt5stmqikw	1672246531519	bmq7jiumpib3xdz3mx5iyo99ro	/api/v4/channels/73uy6kj1jb8wdqrf3ti6zies6r/members	name=off-topic user_id=7m6hc4oompb7mexf9muuppdd6r	172.19.0.1	hfgkq36u8b8q8g3t1km6y5zdya
dc1o3weubtgsffyqcone5ninqh	1672246531542	bmq7jiumpib3xdz3mx5iyo99ro	/api/v4/channels/73uy6kj1jb8wdqrf3ti6zies6r/members	name=off-topic user_id=7buk99iowt8mipptoftdgimmhy	172.19.0.1	hfgkq36u8b8q8g3t1km6y5zdya
to6sj3775fy1dfkqyebcyktxee	1672247539409	bmq7jiumpib3xdz3mx5iyo99ro	/api/v4/channels/73uy6kj1jb8wdqrf3ti6zies6r/members	name=off-topic user_id=bmq7jiumpib3xdz3mx5iyo99ro	172.19.0.1	hfgkq36u8b8q8g3t1km6y5zdya
47rxs9o84jbdurckaas9qez1ao	1672247539417	bmq7jiumpib3xdz3mx5iyo99ro	/api/v4/channels/cxtmz3ubz3gfigd5m6prendmsw/members	name=town-square user_id=bmq7jiumpib3xdz3mx5iyo99ro	172.19.0.1	hfgkq36u8b8q8g3t1km6y5zdya
1e3gnw1krfdqxqpxjb69rg6ome	1672247539539	bmq7jiumpib3xdz3mx5iyo99ro	/api/v4/users/7m6hc4oompb7mexf9muuppdd6r/patch		172.19.0.1	hfgkq36u8b8q8g3t1km6y5zdya
t8us16ud678pigfb35htuuxppr	1672247539572	bmq7jiumpib3xdz3mx5iyo99ro	/api/v4/channels/cxtmz3ubz3gfigd5m6prendmsw/members	name=town-square user_id=7m6hc4oompb7mexf9muuppdd6r	172.19.0.1	hfgkq36u8b8q8g3t1km6y5zdya
zrdj68aypidx8fyiykeyaq6joy	1672247539581	bmq7jiumpib3xdz3mx5iyo99ro	/api/v4/users/7buk99iowt8mipptoftdgimmhy/patch		172.19.0.1	hfgkq36u8b8q8g3t1km6y5zdya
d5i846py47ybxc5xw1uoxxd99a	1672247539601	bmq7jiumpib3xdz3mx5iyo99ro	/api/v4/users/7m6hc4oompb7mexf9muuppdd6r/patch		172.19.0.1	hfgkq36u8b8q8g3t1km6y5zdya
554pps141tnf9y1wrfhuakmgga	1672247539611	bmq7jiumpib3xdz3mx5iyo99ro	/api/v4/channels/cxtmz3ubz3gfigd5m6prendmsw/members	name=town-square user_id=7buk99iowt8mipptoftdgimmhy	172.19.0.1	hfgkq36u8b8q8g3t1km6y5zdya
c4kkc8sx8i8bfy6d8q99zhuwtc	1672247539621	bmq7jiumpib3xdz3mx5iyo99ro	/api/v4/channels/73uy6kj1jb8wdqrf3ti6zies6r/members	name=off-topic user_id=7m6hc4oompb7mexf9muuppdd6r	172.19.0.1	hfgkq36u8b8q8g3t1km6y5zdya
1jynrsxkutguxk15jqeraeptyr	1672247539626	bmq7jiumpib3xdz3mx5iyo99ro	/api/v4/users/7buk99iowt8mipptoftdgimmhy/patch		172.19.0.1	hfgkq36u8b8q8g3t1km6y5zdya
itcmrhe68prk7fyuc67cp9zbne	1672247539669	bmq7jiumpib3xdz3mx5iyo99ro	/api/v4/channels/73uy6kj1jb8wdqrf3ti6zies6r/members	name=off-topic user_id=7buk99iowt8mipptoftdgimmhy	172.19.0.1	hfgkq36u8b8q8g3t1km6y5zdya
xp6u4qk1k7nqfx83kjbtrkfrjy	1672248080085	bmq7jiumpib3xdz3mx5iyo99ro	/api/v4/channels/cxtmz3ubz3gfigd5m6prendmsw/members	name=town-square user_id=bmq7jiumpib3xdz3mx5iyo99ro	172.19.0.1	hfgkq36u8b8q8g3t1km6y5zdya
sd6fnahbk7dfudkcd7oae6n4aw	1672248080088	bmq7jiumpib3xdz3mx5iyo99ro	/api/v4/channels/73uy6kj1jb8wdqrf3ti6zies6r/members	name=off-topic user_id=bmq7jiumpib3xdz3mx5iyo99ro	172.19.0.1	hfgkq36u8b8q8g3t1km6y5zdya
cfi7hpomjpyk3y3fsxb73wh8xy	1672248080288	bmq7jiumpib3xdz3mx5iyo99ro	/api/v4/users/7m6hc4oompb7mexf9muuppdd6r/patch		172.19.0.1	hfgkq36u8b8q8g3t1km6y5zdya
1pzjpooretbzdy7cgiqmmjcc4h	1672248080294	bmq7jiumpib3xdz3mx5iyo99ro	/api/v4/users/7buk99iowt8mipptoftdgimmhy/patch		172.19.0.1	hfgkq36u8b8q8g3t1km6y5zdya
4azsus46ujbr7q4gns8ejgzime	1672248080305	bmq7jiumpib3xdz3mx5iyo99ro	/api/v4/users/7m6hc4oompb7mexf9muuppdd6r/patch		172.19.0.1	hfgkq36u8b8q8g3t1km6y5zdya
xndmumzq7fgtmkkijpmmx8337h	1672248080303	bmq7jiumpib3xdz3mx5iyo99ro	/api/v4/users/7buk99iowt8mipptoftdgimmhy/patch		172.19.0.1	hfgkq36u8b8q8g3t1km6y5zdya
hozcgafktir3unnjbh81udpqna	1672248080356	bmq7jiumpib3xdz3mx5iyo99ro	/api/v4/channels/73uy6kj1jb8wdqrf3ti6zies6r/members	name=off-topic user_id=7buk99iowt8mipptoftdgimmhy	172.19.0.1	hfgkq36u8b8q8g3t1km6y5zdya
x89hj141ztgku8r14jdduzo4fw	1672248080360	bmq7jiumpib3xdz3mx5iyo99ro	/api/v4/channels/73uy6kj1jb8wdqrf3ti6zies6r/members	name=off-topic user_id=7m6hc4oompb7mexf9muuppdd6r	172.19.0.1	hfgkq36u8b8q8g3t1km6y5zdya
u1jk3ptu9bb1p8uirdaz5djzgc	1672248080364	bmq7jiumpib3xdz3mx5iyo99ro	/api/v4/channels/cxtmz3ubz3gfigd5m6prendmsw/members	name=town-square user_id=7m6hc4oompb7mexf9muuppdd6r	172.19.0.1	hfgkq36u8b8q8g3t1km6y5zdya
gike1dw8gjyhjfg4d413917oby	1672248080383	bmq7jiumpib3xdz3mx5iyo99ro	/api/v4/channels/cxtmz3ubz3gfigd5m6prendmsw/members	name=town-square user_id=7buk99iowt8mipptoftdgimmhy	172.19.0.1	hfgkq36u8b8q8g3t1km6y5zdya
rjytpkttcfgcjqpsqey3zio9ta	1672248559668	bmq7jiumpib3xdz3mx5iyo99ro	/api/v4/channels/cxtmz3ubz3gfigd5m6prendmsw/members	name=town-square user_id=bmq7jiumpib3xdz3mx5iyo99ro	172.19.0.1	hfgkq36u8b8q8g3t1km6y5zdya
gs6xs65t6fddtq1jauhp5971gc	1672248559675	bmq7jiumpib3xdz3mx5iyo99ro	/api/v4/channels/73uy6kj1jb8wdqrf3ti6zies6r/members	name=off-topic user_id=bmq7jiumpib3xdz3mx5iyo99ro	172.19.0.1	hfgkq36u8b8q8g3t1km6y5zdya
57tnuf1p67ridjee3jgnwkd1or	1672248559853	bmq7jiumpib3xdz3mx5iyo99ro	/api/v4/users/7m6hc4oompb7mexf9muuppdd6r/patch		172.19.0.1	hfgkq36u8b8q8g3t1km6y5zdya
f9nf9rkerpb5dftry5us8wdtma	1672248559853	bmq7jiumpib3xdz3mx5iyo99ro	/api/v4/users/7buk99iowt8mipptoftdgimmhy/patch		172.19.0.1	hfgkq36u8b8q8g3t1km6y5zdya
j5zc7ybsftbqbed5e8ijgcde8r	1672248559857	bmq7jiumpib3xdz3mx5iyo99ro	/api/v4/users/7m6hc4oompb7mexf9muuppdd6r/patch		172.19.0.1	hfgkq36u8b8q8g3t1km6y5zdya
6975tszicprx7gfqgpfpxmqbho	1672248559859	bmq7jiumpib3xdz3mx5iyo99ro	/api/v4/users/7buk99iowt8mipptoftdgimmhy/patch		172.19.0.1	hfgkq36u8b8q8g3t1km6y5zdya
tse5pfwzbiyxtrm6i1da4isdao	1672248559890	bmq7jiumpib3xdz3mx5iyo99ro	/api/v4/channels/cxtmz3ubz3gfigd5m6prendmsw/members	name=town-square user_id=7m6hc4oompb7mexf9muuppdd6r	172.19.0.1	hfgkq36u8b8q8g3t1km6y5zdya
meqm3gkn53no7c8hp5bhg7qd8r	1672248559890	bmq7jiumpib3xdz3mx5iyo99ro	/api/v4/channels/73uy6kj1jb8wdqrf3ti6zies6r/members	name=off-topic user_id=7m6hc4oompb7mexf9muuppdd6r	172.19.0.1	hfgkq36u8b8q8g3t1km6y5zdya
nqimq4rpmirfmrpia1iquxbhyc	1672248559898	bmq7jiumpib3xdz3mx5iyo99ro	/api/v4/channels/cxtmz3ubz3gfigd5m6prendmsw/members	name=town-square user_id=7buk99iowt8mipptoftdgimmhy	172.19.0.1	hfgkq36u8b8q8g3t1km6y5zdya
gygasgm38pdsxbrcoqgrb45uyc	1672248559892	bmq7jiumpib3xdz3mx5iyo99ro	/api/v4/channels/73uy6kj1jb8wdqrf3ti6zies6r/members	name=off-topic user_id=7buk99iowt8mipptoftdgimmhy	172.19.0.1	hfgkq36u8b8q8g3t1km6y5zdya
okryg5ie4ide3co4id1ke5dnfc	1672248710938	bmq7jiumpib3xdz3mx5iyo99ro	/api/v4/channels/73uy6kj1jb8wdqrf3ti6zies6r/members	name=off-topic user_id=bmq7jiumpib3xdz3mx5iyo99ro	172.19.0.1	hfgkq36u8b8q8g3t1km6y5zdya
dqkudfdsgfr1zj757x6bhg95fa	1672248710957	bmq7jiumpib3xdz3mx5iyo99ro	/api/v4/channels/cxtmz3ubz3gfigd5m6prendmsw/members	name=town-square user_id=bmq7jiumpib3xdz3mx5iyo99ro	172.19.0.1	hfgkq36u8b8q8g3t1km6y5zdya
1pg3gkstwfdymqsagozejd7sze	1672248711102	bmq7jiumpib3xdz3mx5iyo99ro	/api/v4/users/7buk99iowt8mipptoftdgimmhy/patch		172.19.0.1	hfgkq36u8b8q8g3t1km6y5zdya
juewfxdkdbgk5dxk6qydufcqch	1672248711101	bmq7jiumpib3xdz3mx5iyo99ro	/api/v4/users/7m6hc4oompb7mexf9muuppdd6r/patch		172.19.0.1	hfgkq36u8b8q8g3t1km6y5zdya
puz3gm55nf86mcjs3q3oetxxco	1672248711156	bmq7jiumpib3xdz3mx5iyo99ro	/api/v4/channels/73uy6kj1jb8wdqrf3ti6zies6r/members	name=off-topic user_id=7buk99iowt8mipptoftdgimmhy	172.19.0.1	hfgkq36u8b8q8g3t1km6y5zdya
qxgtt745uig9jgyx83ff4jtj7w	1672248711156	bmq7jiumpib3xdz3mx5iyo99ro	/api/v4/users/7m6hc4oompb7mexf9muuppdd6r/patch		172.19.0.1	hfgkq36u8b8q8g3t1km6y5zdya
noidynpm6jgxfmadh1sibjcmjo	1672248711179	bmq7jiumpib3xdz3mx5iyo99ro	/api/v4/channels/cxtmz3ubz3gfigd5m6prendmsw/members	name=town-square user_id=7m6hc4oompb7mexf9muuppdd6r	172.19.0.1	hfgkq36u8b8q8g3t1km6y5zdya
qehmoyqrj3dd8y9a1kmw5a1x4y	1672248711191	bmq7jiumpib3xdz3mx5iyo99ro	/api/v4/users/7buk99iowt8mipptoftdgimmhy/patch		172.19.0.1	hfgkq36u8b8q8g3t1km6y5zdya
wbg9f4de83rrumc6tyogjkyrra	1672248711205	bmq7jiumpib3xdz3mx5iyo99ro	/api/v4/channels/73uy6kj1jb8wdqrf3ti6zies6r/members	name=off-topic user_id=7m6hc4oompb7mexf9muuppdd6r	172.19.0.1	hfgkq36u8b8q8g3t1km6y5zdya
tr54n9xgr7fb9gm5k53j6fhp3h	1672248711218	bmq7jiumpib3xdz3mx5iyo99ro	/api/v4/channels/cxtmz3ubz3gfigd5m6prendmsw/members	name=town-square user_id=7buk99iowt8mipptoftdgimmhy	172.19.0.1	hfgkq36u8b8q8g3t1km6y5zdya
z9zp6zhq6tbztp97arcf79hjco	1672248712175	5bw66y36bff3umq1q57mfy4y5c	/api/v4/channels/73uy6kj1jb8wdqrf3ti6zies6r/members/5bw66y36bff3umq1q57mfy4y5c	name=off-topic user_id=5bw66y36bff3umq1q57mfy4y5c	172.19.0.1	qdo1r3dfkj8siqfcndfi9bozjo
z6thw195ybnkpntsjn51zpsr7e	1672248797133	bmq7jiumpib3xdz3mx5iyo99ro	/api/v4/channels/cxtmz3ubz3gfigd5m6prendmsw/members	name=town-square user_id=bmq7jiumpib3xdz3mx5iyo99ro	172.19.0.1	hfgkq36u8b8q8g3t1km6y5zdya
kscjai164i8m8pgqzjrhq95gfe	1672248797133	bmq7jiumpib3xdz3mx5iyo99ro	/api/v4/channels/73uy6kj1jb8wdqrf3ti6zies6r/members	name=off-topic user_id=bmq7jiumpib3xdz3mx5iyo99ro	172.19.0.1	hfgkq36u8b8q8g3t1km6y5zdya
jrztjyy51ir9ifdb1rfrh3r57y	1672248797346	bmq7jiumpib3xdz3mx5iyo99ro	/api/v4/users/7m6hc4oompb7mexf9muuppdd6r/patch		172.19.0.1	hfgkq36u8b8q8g3t1km6y5zdya
7a3jxcpqwbg4mp7s8cfg4y4fto	1672248797380	bmq7jiumpib3xdz3mx5iyo99ro	/api/v4/channels/cxtmz3ubz3gfigd5m6prendmsw/members	name=town-square user_id=7m6hc4oompb7mexf9muuppdd6r	172.19.0.1	hfgkq36u8b8q8g3t1km6y5zdya
ysuccc9a7pgx7kedwm4qwphfch	1672248797439	bmq7jiumpib3xdz3mx5iyo99ro	/api/v4/users/7m6hc4oompb7mexf9muuppdd6r/patch		172.19.0.1	hfgkq36u8b8q8g3t1km6y5zdya
41zf868qmpfb9prpsrun5qxy1a	1672248797451	bmq7jiumpib3xdz3mx5iyo99ro	/api/v4/users/7buk99iowt8mipptoftdgimmhy/patch		172.19.0.1	hfgkq36u8b8q8g3t1km6y5zdya
xhpwt7imaigkbe7m8od878d13h	1672248797491	bmq7jiumpib3xdz3mx5iyo99ro	/api/v4/users/7buk99iowt8mipptoftdgimmhy/patch		172.19.0.1	hfgkq36u8b8q8g3t1km6y5zdya
gatzsbf91jgftykp1wc1iz3rne	1672248797518	bmq7jiumpib3xdz3mx5iyo99ro	/api/v4/channels/cxtmz3ubz3gfigd5m6prendmsw/members	name=town-square user_id=7buk99iowt8mipptoftdgimmhy	172.19.0.1	hfgkq36u8b8q8g3t1km6y5zdya
dnu3eoarjpbeprg55914cg7f9a	1672248797520	bmq7jiumpib3xdz3mx5iyo99ro	/api/v4/channels/73uy6kj1jb8wdqrf3ti6zies6r/members	name=off-topic user_id=7m6hc4oompb7mexf9muuppdd6r	172.19.0.1	hfgkq36u8b8q8g3t1km6y5zdya
ery4b6w58jysjrmze7zsf6hc6e	1672248797529	bmq7jiumpib3xdz3mx5iyo99ro	/api/v4/channels/73uy6kj1jb8wdqrf3ti6zies6r/members	name=off-topic user_id=7buk99iowt8mipptoftdgimmhy	172.19.0.1	hfgkq36u8b8q8g3t1km6y5zdya
wgtaczxoh7g8tqh3ia9bsw51dh	1672248798264	5bw66y36bff3umq1q57mfy4y5c	/api/v4/channels/73uy6kj1jb8wdqrf3ti6zies6r/members	name=off-topic user_id=5bw66y36bff3umq1q57mfy4y5c	172.19.0.1	qdo1r3dfkj8siqfcndfi9bozjo
5uacswke77fcdj5mjdrf9419fc	1672249105786	bmq7jiumpib3xdz3mx5iyo99ro	/api/v4/channels/73uy6kj1jb8wdqrf3ti6zies6r/members/7m6hc4oompb7mexf9muuppdd6r	name=off-topic user_id=7m6hc4oompb7mexf9muuppdd6r	172.19.0.1	hfgkq36u8b8q8g3t1km6y5zdya
mnzm18n1qbrpbn9asuhptfj18r	1672249106567	bmq7jiumpib3xdz3mx5iyo99ro	/api/v4/users/7m6hc4oompb7mexf9muuppdd6r/patch		172.19.0.1	hfgkq36u8b8q8g3t1km6y5zdya
burp9ox5t3fapdb99odxga4e9y	1672249106671	bmq7jiumpib3xdz3mx5iyo99ro	/api/v4/channels/73uy6kj1jb8wdqrf3ti6zies6r/members	name=off-topic user_id=7m6hc4oompb7mexf9muuppdd6r	172.19.0.1	hfgkq36u8b8q8g3t1km6y5zdya
oyki1w65d3y7mm9rq9honr1nny	1672249107263	bmq7jiumpib3xdz3mx5iyo99ro	/api/v4/channels/73uy6kj1jb8wdqrf3ti6zies6r/members/7m6hc4oompb7mexf9muuppdd6r	name=off-topic user_id=7m6hc4oompb7mexf9muuppdd6r	172.19.0.1	hfgkq36u8b8q8g3t1km6y5zdya
q7ysudasmj8s8nku9mrwng3rqr	1672249108066	bmq7jiumpib3xdz3mx5iyo99ro	/api/v4/users/7m6hc4oompb7mexf9muuppdd6r/patch		172.19.0.1	hfgkq36u8b8q8g3t1km6y5zdya
9ew6uyntppnwimr4x546gd79oe	1672249108236	bmq7jiumpib3xdz3mx5iyo99ro	/api/v4/channels/73uy6kj1jb8wdqrf3ti6zies6r/members/7m6hc4oompb7mexf9muuppdd6r	name=off-topic user_id=7m6hc4oompb7mexf9muuppdd6r	172.19.0.1	hfgkq36u8b8q8g3t1km6y5zdya
6ncqkeqgs78jz8igg6gpptn5xy	1672249108262	bmq7jiumpib3xdz3mx5iyo99ro	/api/v4/channels/cxtmz3ubz3gfigd5m6prendmsw/members	name=town-square user_id=7m6hc4oompb7mexf9muuppdd6r	172.19.0.1	hfgkq36u8b8q8g3t1km6y5zdya
or19bkqks7ysfr9r8yx7ukit9r	1672249108583	bmq7jiumpib3xdz3mx5iyo99ro	/api/v4/users/7m6hc4oompb7mexf9muuppdd6r/patch		172.19.0.1	hfgkq36u8b8q8g3t1km6y5zdya
9p1o4nfzwbfadkpt9kofx5qaoh	1672249108701	bmq7jiumpib3xdz3mx5iyo99ro	/api/v4/channels/73uy6kj1jb8wdqrf3ti6zies6r/members	name=off-topic user_id=7m6hc4oompb7mexf9muuppdd6r	172.19.0.1	hfgkq36u8b8q8g3t1km6y5zdya
zdb8ziywobno5mh34s4je3ra6y	1672249111267	bmq7jiumpib3xdz3mx5iyo99ro	/api/v4/channels/73uy6kj1jb8wdqrf3ti6zies6r/members	name=off-topic user_id=bmq7jiumpib3xdz3mx5iyo99ro	172.19.0.1	hfgkq36u8b8q8g3t1km6y5zdya
hmgfhqatgidszewedtctwcgt1c	1672249111287	bmq7jiumpib3xdz3mx5iyo99ro	/api/v4/channels/cxtmz3ubz3gfigd5m6prendmsw/members	name=town-square user_id=bmq7jiumpib3xdz3mx5iyo99ro	172.19.0.1	hfgkq36u8b8q8g3t1km6y5zdya
gtgzmipen7r1m8yy8db7mz5djo	1672249111495	bmq7jiumpib3xdz3mx5iyo99ro	/api/v4/users/7buk99iowt8mipptoftdgimmhy/patch		172.19.0.1	hfgkq36u8b8q8g3t1km6y5zdya
xtsrhbq5x3npjjht471fce7yuc	1672249111549	bmq7jiumpib3xdz3mx5iyo99ro	/api/v4/users/7m6hc4oompb7mexf9muuppdd6r/patch		172.19.0.1	hfgkq36u8b8q8g3t1km6y5zdya
py5kpd7ax7fefqd8ut9so9fbxh	1672249111569	bmq7jiumpib3xdz3mx5iyo99ro	/api/v4/users/7buk99iowt8mipptoftdgimmhy/patch		172.19.0.1	hfgkq36u8b8q8g3t1km6y5zdya
sh9ub3pya787tnodjkxzz9cwbh	1672249111580	bmq7jiumpib3xdz3mx5iyo99ro	/api/v4/users/7m6hc4oompb7mexf9muuppdd6r/patch		172.19.0.1	hfgkq36u8b8q8g3t1km6y5zdya
tq8xpzntb7ba3xrz6zudzf78ke	1672249111655	bmq7jiumpib3xdz3mx5iyo99ro	/api/v4/channels/73uy6kj1jb8wdqrf3ti6zies6r/members	name=off-topic user_id=7buk99iowt8mipptoftdgimmhy	172.19.0.1	hfgkq36u8b8q8g3t1km6y5zdya
m1ayw9jsg7bojqh5xxk4okb7cy	1672249111855	bmq7jiumpib3xdz3mx5iyo99ro	/api/v4/channels/cxtmz3ubz3gfigd5m6prendmsw/members	name=town-square user_id=7buk99iowt8mipptoftdgimmhy	172.19.0.1	hfgkq36u8b8q8g3t1km6y5zdya
obaat4ho5bgstd8n75bgjx9fpy	1672249111922	bmq7jiumpib3xdz3mx5iyo99ro	/api/v4/channels/73uy6kj1jb8wdqrf3ti6zies6r/members	name=off-topic user_id=7m6hc4oompb7mexf9muuppdd6r	172.19.0.1	hfgkq36u8b8q8g3t1km6y5zdya
ezozzwyuhpyzby1azwj4pymfho	1672249111976	bmq7jiumpib3xdz3mx5iyo99ro	/api/v4/channels/cxtmz3ubz3gfigd5m6prendmsw/members	name=town-square user_id=7m6hc4oompb7mexf9muuppdd6r	172.19.0.1	hfgkq36u8b8q8g3t1km6y5zdya
paa36hyoqi8hur5hany5ds7qmc	1672305680848	bmq7jiumpib3xdz3mx5iyo99ro	/api/v4/channels/cxtmz3ubz3gfigd5m6prendmsw/members	name=town-square user_id=bmq7jiumpib3xdz3mx5iyo99ro	172.19.0.1	hfgkq36u8b8q8g3t1km6y5zdya
mx69fngf1bbyxgu531mx5q69wr	1672305680856	bmq7jiumpib3xdz3mx5iyo99ro	/api/v4/channels/73uy6kj1jb8wdqrf3ti6zies6r/members	name=off-topic user_id=bmq7jiumpib3xdz3mx5iyo99ro	172.19.0.1	hfgkq36u8b8q8g3t1km6y5zdya
raxfai1js7dmimbccs49bwngfy	1672305681065	bmq7jiumpib3xdz3mx5iyo99ro	/api/v4/users/7buk99iowt8mipptoftdgimmhy/patch		172.19.0.1	hfgkq36u8b8q8g3t1km6y5zdya
s5q1jg8zojnq8r4yuru3uh9fba	1672305681073	bmq7jiumpib3xdz3mx5iyo99ro	/api/v4/users/7m6hc4oompb7mexf9muuppdd6r/patch		172.19.0.1	hfgkq36u8b8q8g3t1km6y5zdya
qi4sq49pab8mfq9mkxbx58wsto	1672305681083	bmq7jiumpib3xdz3mx5iyo99ro	/api/v4/users/7buk99iowt8mipptoftdgimmhy/patch		172.19.0.1	hfgkq36u8b8q8g3t1km6y5zdya
teeaybipdfd19xa7iraaode5xw	1672305681100	bmq7jiumpib3xdz3mx5iyo99ro	/api/v4/users/7m6hc4oompb7mexf9muuppdd6r/patch		172.19.0.1	hfgkq36u8b8q8g3t1km6y5zdya
1n535nocitgaff7j35gujc4rxo	1672305681099	bmq7jiumpib3xdz3mx5iyo99ro	/api/v4/channels/cxtmz3ubz3gfigd5m6prendmsw/members	name=town-square user_id=7buk99iowt8mipptoftdgimmhy	172.19.0.1	hfgkq36u8b8q8g3t1km6y5zdya
kq6d4ohgbfr5ufp1ic17rj7ime	1672305681097	bmq7jiumpib3xdz3mx5iyo99ro	/api/v4/channels/73uy6kj1jb8wdqrf3ti6zies6r/members	name=off-topic user_id=7buk99iowt8mipptoftdgimmhy	172.19.0.1	hfgkq36u8b8q8g3t1km6y5zdya
qy1ha8jgcjyrfgatuce1nam6ew	1672305681111	bmq7jiumpib3xdz3mx5iyo99ro	/api/v4/channels/cxtmz3ubz3gfigd5m6prendmsw/members	name=town-square user_id=7m6hc4oompb7mexf9muuppdd6r	172.19.0.1	hfgkq36u8b8q8g3t1km6y5zdya
3pp366pdotg6fkkp71kydjghrh	1672305681159	bmq7jiumpib3xdz3mx5iyo99ro	/api/v4/channels/73uy6kj1jb8wdqrf3ti6zies6r/members	name=off-topic user_id=7m6hc4oompb7mexf9muuppdd6r	172.19.0.1	hfgkq36u8b8q8g3t1km6y5zdya
18kro7orhfbaigmacgdfiqxgpw	1672305682134	5bw66y36bff3umq1q57mfy4y5c	/api/v4/channels/73uy6kj1jb8wdqrf3ti6zies6r/members/5bw66y36bff3umq1q57mfy4y5c	name=off-topic user_id=5bw66y36bff3umq1q57mfy4y5c	172.19.0.1	qdo1r3dfkj8siqfcndfi9bozjo
fqm488km5bbc7k51oija1xsbxa	1672305709403	bmq7jiumpib3xdz3mx5iyo99ro	/api/v4/channels/cxtmz3ubz3gfigd5m6prendmsw/members	name=town-square user_id=bmq7jiumpib3xdz3mx5iyo99ro	172.19.0.1	hfgkq36u8b8q8g3t1km6y5zdya
kg9udmryoinktphp7idoyfrhqc	1672305709406	bmq7jiumpib3xdz3mx5iyo99ro	/api/v4/channels/73uy6kj1jb8wdqrf3ti6zies6r/members	name=off-topic user_id=bmq7jiumpib3xdz3mx5iyo99ro	172.19.0.1	hfgkq36u8b8q8g3t1km6y5zdya
7r1gz5epk7f4zjeoewhqin1mdr	1672305709554	bmq7jiumpib3xdz3mx5iyo99ro	/api/v4/users/7m6hc4oompb7mexf9muuppdd6r/patch		172.19.0.1	hfgkq36u8b8q8g3t1km6y5zdya
65f7uun18frppb3db6tcd96taa	1672305709611	bmq7jiumpib3xdz3mx5iyo99ro	/api/v4/users/7buk99iowt8mipptoftdgimmhy/patch		172.19.0.1	hfgkq36u8b8q8g3t1km6y5zdya
f6km51x76jnj3pwxa3qar174or	1672305709626	bmq7jiumpib3xdz3mx5iyo99ro	/api/v4/users/7buk99iowt8mipptoftdgimmhy/patch		172.19.0.1	hfgkq36u8b8q8g3t1km6y5zdya
1t4agz39bfgbp8qm3fb8xkgdky	1672305709647	bmq7jiumpib3xdz3mx5iyo99ro	/api/v4/users/7m6hc4oompb7mexf9muuppdd6r/patch		172.19.0.1	hfgkq36u8b8q8g3t1km6y5zdya
z4berconnbbuicq5uyrddyqeeh	1672305709651	bmq7jiumpib3xdz3mx5iyo99ro	/api/v4/channels/73uy6kj1jb8wdqrf3ti6zies6r/members	name=off-topic user_id=7buk99iowt8mipptoftdgimmhy	172.19.0.1	hfgkq36u8b8q8g3t1km6y5zdya
cgkpnbytrif3pehnd4apkonhnc	1672305709653	bmq7jiumpib3xdz3mx5iyo99ro	/api/v4/channels/cxtmz3ubz3gfigd5m6prendmsw/members	name=town-square user_id=7buk99iowt8mipptoftdgimmhy	172.19.0.1	hfgkq36u8b8q8g3t1km6y5zdya
s48a7zjsu7y7fdghebcxfdbawy	1672305709653	bmq7jiumpib3xdz3mx5iyo99ro	/api/v4/channels/cxtmz3ubz3gfigd5m6prendmsw/members	name=town-square user_id=7m6hc4oompb7mexf9muuppdd6r	172.19.0.1	hfgkq36u8b8q8g3t1km6y5zdya
i8w4asa157f4m8y67doq33xfdy	1672305709684	bmq7jiumpib3xdz3mx5iyo99ro	/api/v4/channels/73uy6kj1jb8wdqrf3ti6zies6r/members	name=off-topic user_id=7m6hc4oompb7mexf9muuppdd6r	172.19.0.1	hfgkq36u8b8q8g3t1km6y5zdya
1c7qqcixfig8ixm6cnsrrd3fgo	1672306063649	bmq7jiumpib3xdz3mx5iyo99ro	/api/v4/channels/cxtmz3ubz3gfigd5m6prendmsw/members	name=town-square user_id=bmq7jiumpib3xdz3mx5iyo99ro	172.19.0.1	hfgkq36u8b8q8g3t1km6y5zdya
hrsow51eejypfr8z7zs33k9cgo	1672306063657	bmq7jiumpib3xdz3mx5iyo99ro	/api/v4/channels/73uy6kj1jb8wdqrf3ti6zies6r/members	name=off-topic user_id=bmq7jiumpib3xdz3mx5iyo99ro	172.19.0.1	hfgkq36u8b8q8g3t1km6y5zdya
harjjubs1inbfb8496948wquxe	1672306063799	bmq7jiumpib3xdz3mx5iyo99ro	/api/v4/users/7buk99iowt8mipptoftdgimmhy/patch		172.19.0.1	hfgkq36u8b8q8g3t1km6y5zdya
md1fexq3q7ymbr37neifb8361y	1672306063805	bmq7jiumpib3xdz3mx5iyo99ro	/api/v4/users/7m6hc4oompb7mexf9muuppdd6r/patch		172.19.0.1	hfgkq36u8b8q8g3t1km6y5zdya
usb46jnxhtfy9xy8kakjtgphww	1672306063810	bmq7jiumpib3xdz3mx5iyo99ro	/api/v4/users/7m6hc4oompb7mexf9muuppdd6r/patch		172.19.0.1	hfgkq36u8b8q8g3t1km6y5zdya
d9ffau3m5ir67x4u5x5ek3beac	1672306063829	bmq7jiumpib3xdz3mx5iyo99ro	/api/v4/channels/73uy6kj1jb8wdqrf3ti6zies6r/members	name=off-topic user_id=7m6hc4oompb7mexf9muuppdd6r	172.19.0.1	hfgkq36u8b8q8g3t1km6y5zdya
q4d4pym3qiyuzd7ddj5tb7cicy	1672306063831	bmq7jiumpib3xdz3mx5iyo99ro	/api/v4/users/7buk99iowt8mipptoftdgimmhy/patch		172.19.0.1	hfgkq36u8b8q8g3t1km6y5zdya
5u17jntagfywfbwy8h4ouynz3c	1672306063834	bmq7jiumpib3xdz3mx5iyo99ro	/api/v4/channels/cxtmz3ubz3gfigd5m6prendmsw/members	name=town-square user_id=7m6hc4oompb7mexf9muuppdd6r	172.19.0.1	hfgkq36u8b8q8g3t1km6y5zdya
t64kfytuubretc6hjqdbgsgh9w	1672306063833	bmq7jiumpib3xdz3mx5iyo99ro	/api/v4/channels/cxtmz3ubz3gfigd5m6prendmsw/members	name=town-square user_id=7buk99iowt8mipptoftdgimmhy	172.19.0.1	hfgkq36u8b8q8g3t1km6y5zdya
7mwdxdsabi8njd8hzpfpt1tasc	1672306063865	bmq7jiumpib3xdz3mx5iyo99ro	/api/v4/channels/73uy6kj1jb8wdqrf3ti6zies6r/members	name=off-topic user_id=7buk99iowt8mipptoftdgimmhy	172.19.0.1	hfgkq36u8b8q8g3t1km6y5zdya
qfiq6zkbcpbntkt98xcb16b76y	1672308587239	bmq7jiumpib3xdz3mx5iyo99ro	/api/v4/channels/cxtmz3ubz3gfigd5m6prendmsw/members	name=town-square user_id=bmq7jiumpib3xdz3mx5iyo99ro	172.19.0.1	hfgkq36u8b8q8g3t1km6y5zdya
q4msdxqutbgedpo3kb4nbc3ugc	1672308587240	bmq7jiumpib3xdz3mx5iyo99ro	/api/v4/channels/73uy6kj1jb8wdqrf3ti6zies6r/members	name=off-topic user_id=bmq7jiumpib3xdz3mx5iyo99ro	172.19.0.1	hfgkq36u8b8q8g3t1km6y5zdya
5eaiw1d1x7botjrfekha9dnp4e	1672308587427	bmq7jiumpib3xdz3mx5iyo99ro	/api/v4/users/7buk99iowt8mipptoftdgimmhy/patch		172.19.0.1	hfgkq36u8b8q8g3t1km6y5zdya
8ytjoozkhtytux6oep7inbkhew	1672308587444	bmq7jiumpib3xdz3mx5iyo99ro	/api/v4/users/7m6hc4oompb7mexf9muuppdd6r/patch		172.19.0.1	hfgkq36u8b8q8g3t1km6y5zdya
8r6oq71yc3y4prn9d9jg3tc41c	1672308587462	bmq7jiumpib3xdz3mx5iyo99ro	/api/v4/users/7buk99iowt8mipptoftdgimmhy/patch		172.19.0.1	hfgkq36u8b8q8g3t1km6y5zdya
i94u9frgpf8ufx7b73n341acxy	1672308587465	bmq7jiumpib3xdz3mx5iyo99ro	/api/v4/users/7m6hc4oompb7mexf9muuppdd6r/patch		172.19.0.1	hfgkq36u8b8q8g3t1km6y5zdya
ihxob7aoupnguds1ozn4ij31sy	1672308587480	bmq7jiumpib3xdz3mx5iyo99ro	/api/v4/channels/73uy6kj1jb8wdqrf3ti6zies6r/members	name=off-topic user_id=7buk99iowt8mipptoftdgimmhy	172.19.0.1	hfgkq36u8b8q8g3t1km6y5zdya
u3a5bemcwfnajme5uea34zooye	1672308587493	bmq7jiumpib3xdz3mx5iyo99ro	/api/v4/channels/73uy6kj1jb8wdqrf3ti6zies6r/members	name=off-topic user_id=7m6hc4oompb7mexf9muuppdd6r	172.19.0.1	hfgkq36u8b8q8g3t1km6y5zdya
ck344ktszfbodeshn1xgcocydw	1672308587498	bmq7jiumpib3xdz3mx5iyo99ro	/api/v4/channels/cxtmz3ubz3gfigd5m6prendmsw/members	name=town-square user_id=7buk99iowt8mipptoftdgimmhy	172.19.0.1	hfgkq36u8b8q8g3t1km6y5zdya
feuh4unh43noiyu399z36bcdxy	1672308588709	bmq7jiumpib3xdz3mx5iyo99ro	/api/v4/channels/73uy6kj1jb8wdqrf3ti6zies6r/members/7m6hc4oompb7mexf9muuppdd6r	name=off-topic user_id=7m6hc4oompb7mexf9muuppdd6r	172.19.0.1	hfgkq36u8b8q8g3t1km6y5zdya
7ki1ea8ojjdd7mp7rjwieakt1r	1672308588959	bmq7jiumpib3xdz3mx5iyo99ro	/api/v4/users/7m6hc4oompb7mexf9muuppdd6r/patch		172.19.0.1	hfgkq36u8b8q8g3t1km6y5zdya
mrohhz6jtpgrfjoo5ymqjmfawh	1672308589795	bmq7jiumpib3xdz3mx5iyo99ro	/api/v4/users/7m6hc4oompb7mexf9muuppdd6r/patch		172.19.0.1	hfgkq36u8b8q8g3t1km6y5zdya
oi7dhwd5oj8h5ji84m7dyi6ose	1672308589927	bmq7jiumpib3xdz3mx5iyo99ro	/api/v4/channels/73uy6kj1jb8wdqrf3ti6zies6r/members/7m6hc4oompb7mexf9muuppdd6r	name=off-topic user_id=7m6hc4oompb7mexf9muuppdd6r	172.19.0.1	hfgkq36u8b8q8g3t1km6y5zdya
389tm64psifjpxa4h9ky9rhmdc	1672308592282	bmq7jiumpib3xdz3mx5iyo99ro	/api/v4/channels/73uy6kj1jb8wdqrf3ti6zies6r/members	name=off-topic user_id=bmq7jiumpib3xdz3mx5iyo99ro	172.19.0.1	hfgkq36u8b8q8g3t1km6y5zdya
ppki66ygfb8opg171mkz53xejh	1672308592524	bmq7jiumpib3xdz3mx5iyo99ro	/api/v4/users/7buk99iowt8mipptoftdgimmhy/patch		172.19.0.1	hfgkq36u8b8q8g3t1km6y5zdya
35q3r6b8gbdmmcysweba53h5ua	1672308592716	bmq7jiumpib3xdz3mx5iyo99ro	/api/v4/channels/cxtmz3ubz3gfigd5m6prendmsw/members	name=town-square user_id=7m6hc4oompb7mexf9muuppdd6r	172.19.0.1	hfgkq36u8b8q8g3t1km6y5zdya
ifsdg9e51f8ofbse9fxxo9rfnr	1672308592732	bmq7jiumpib3xdz3mx5iyo99ro	/api/v4/channels/73uy6kj1jb8wdqrf3ti6zies6r/members	name=off-topic user_id=7buk99iowt8mipptoftdgimmhy	172.19.0.1	hfgkq36u8b8q8g3t1km6y5zdya
n9qu3877m7fcbej5e41oaaaw7w	1672308637579	bmq7jiumpib3xdz3mx5iyo99ro	/api/v4/users/7buk99iowt8mipptoftdgimmhy/patch		172.19.0.1	hfgkq36u8b8q8g3t1km6y5zdya
m4u9h4ajjbgc9qd83zdqbtoz9o	1672308637642	bmq7jiumpib3xdz3mx5iyo99ro	/api/v4/users/7m6hc4oompb7mexf9muuppdd6r/patch		172.19.0.1	hfgkq36u8b8q8g3t1km6y5zdya
iw8co4fhg7bsuc3m5ir3ydmday	1672308637673	bmq7jiumpib3xdz3mx5iyo99ro	/api/v4/channels/cxtmz3ubz3gfigd5m6prendmsw/members	name=town-square user_id=7m6hc4oompb7mexf9muuppdd6r	172.19.0.1	hfgkq36u8b8q8g3t1km6y5zdya
t5jm9niydfbo5f4dr98bzyyp4o	1672308809680	bmq7jiumpib3xdz3mx5iyo99ro	/api/v4/channels/73uy6kj1jb8wdqrf3ti6zies6r/members	name=off-topic user_id=7buk99iowt8mipptoftdgimmhy	172.19.0.1	hfgkq36u8b8q8g3t1km6y5zdya
gxfswqswu7rxpcu3ouzjxstjao	1672308809704	bmq7jiumpib3xdz3mx5iyo99ro	/api/v4/users/7m6hc4oompb7mexf9muuppdd6r/patch		172.19.0.1	hfgkq36u8b8q8g3t1km6y5zdya
txywhiyaxfdz7rzbepjdx8nuna	1672308587505	bmq7jiumpib3xdz3mx5iyo99ro	/api/v4/channels/cxtmz3ubz3gfigd5m6prendmsw/members	name=town-square user_id=7m6hc4oompb7mexf9muuppdd6r	172.19.0.1	hfgkq36u8b8q8g3t1km6y5zdya
qqh3kgwu9tgcjcyuggupotz5zy	1672308589948	bmq7jiumpib3xdz3mx5iyo99ro	/api/v4/channels/cxtmz3ubz3gfigd5m6prendmsw/members	name=town-square user_id=7m6hc4oompb7mexf9muuppdd6r	172.19.0.1	hfgkq36u8b8q8g3t1km6y5zdya
99ew6xf9xtys5bmibgc9o65zpr	1672308590233	bmq7jiumpib3xdz3mx5iyo99ro	/api/v4/channels/73uy6kj1jb8wdqrf3ti6zies6r/members	name=off-topic user_id=7m6hc4oompb7mexf9muuppdd6r	172.19.0.1	hfgkq36u8b8q8g3t1km6y5zdya
oso5ayifuifozx8g57nnawm1ec	1672308637451	bmq7jiumpib3xdz3mx5iyo99ro	/api/v4/channels/73uy6kj1jb8wdqrf3ti6zies6r/members	name=off-topic user_id=bmq7jiumpib3xdz3mx5iyo99ro	172.19.0.1	hfgkq36u8b8q8g3t1km6y5zdya
y6et3z3ui7n1mfzxdm5miwsyqh	1672308637599	bmq7jiumpib3xdz3mx5iyo99ro	/api/v4/channels/cxtmz3ubz3gfigd5m6prendmsw/members	name=town-square user_id=7buk99iowt8mipptoftdgimmhy	172.19.0.1	hfgkq36u8b8q8g3t1km6y5zdya
6589kqrrrtnfbrcycsfscrdaio	1672308809528	bmq7jiumpib3xdz3mx5iyo99ro	/api/v4/channels/73uy6kj1jb8wdqrf3ti6zies6r/members	name=off-topic user_id=bmq7jiumpib3xdz3mx5iyo99ro	172.19.0.1	hfgkq36u8b8q8g3t1km6y5zdya
ksqd7wqu1jrk3qmpnu87wrqi9r	1672308809731	bmq7jiumpib3xdz3mx5iyo99ro	/api/v4/channels/cxtmz3ubz3gfigd5m6prendmsw/members	name=town-square user_id=7buk99iowt8mipptoftdgimmhy	172.19.0.1	hfgkq36u8b8q8g3t1km6y5zdya
j7c1i7kyxp88bmgkkwzeg4ikco	1672308588234	5bw66y36bff3umq1q57mfy4y5c	/api/v4/channels/73uy6kj1jb8wdqrf3ti6zies6r/members	name=off-topic user_id=5bw66y36bff3umq1q57mfy4y5c	172.19.0.1	qdo1r3dfkj8siqfcndfi9bozjo
51cjgi3c4jyw7jqasf1ekqm9ey	1672308589008	bmq7jiumpib3xdz3mx5iyo99ro	/api/v4/channels/73uy6kj1jb8wdqrf3ti6zies6r/members	name=off-topic user_id=7m6hc4oompb7mexf9muuppdd6r	172.19.0.1	hfgkq36u8b8q8g3t1km6y5zdya
wqj4m6syhpg6djzjrfq6dpntfh	1672308592271	bmq7jiumpib3xdz3mx5iyo99ro	/api/v4/channels/cxtmz3ubz3gfigd5m6prendmsw/members	name=town-square user_id=bmq7jiumpib3xdz3mx5iyo99ro	172.19.0.1	hfgkq36u8b8q8g3t1km6y5zdya
6e5rf68k7tgnzqzwh4m99316na	1672308592502	bmq7jiumpib3xdz3mx5iyo99ro	/api/v4/users/7m6hc4oompb7mexf9muuppdd6r/patch		172.19.0.1	hfgkq36u8b8q8g3t1km6y5zdya
k3ak6g1x3bgb3dizq3grxgf59r	1672308592693	bmq7jiumpib3xdz3mx5iyo99ro	/api/v4/channels/73uy6kj1jb8wdqrf3ti6zies6r/members	name=off-topic user_id=7m6hc4oompb7mexf9muuppdd6r	172.19.0.1	hfgkq36u8b8q8g3t1km6y5zdya
1rapt7tn3j8dfgxfzjgifkqnkw	1672308592728	bmq7jiumpib3xdz3mx5iyo99ro	/api/v4/channels/cxtmz3ubz3gfigd5m6prendmsw/members	name=town-square user_id=7buk99iowt8mipptoftdgimmhy	172.19.0.1	hfgkq36u8b8q8g3t1km6y5zdya
e346nyjnaibzzmfr7xd74nk5xw	1672308637450	bmq7jiumpib3xdz3mx5iyo99ro	/api/v4/channels/cxtmz3ubz3gfigd5m6prendmsw/members	name=town-square user_id=bmq7jiumpib3xdz3mx5iyo99ro	172.19.0.1	hfgkq36u8b8q8g3t1km6y5zdya
87mow9ubuifk5yjdwmanxuxqfc	1672308637638	bmq7jiumpib3xdz3mx5iyo99ro	/api/v4/users/7m6hc4oompb7mexf9muuppdd6r/patch		172.19.0.1	hfgkq36u8b8q8g3t1km6y5zdya
s6g85onmqtrc9qgomnhwwk6o5e	1672308637675	bmq7jiumpib3xdz3mx5iyo99ro	/api/v4/users/7buk99iowt8mipptoftdgimmhy/patch		172.19.0.1	hfgkq36u8b8q8g3t1km6y5zdya
msizi3s6apyj586jtfrd88arfh	1672308637716	bmq7jiumpib3xdz3mx5iyo99ro	/api/v4/channels/73uy6kj1jb8wdqrf3ti6zies6r/members	name=off-topic user_id=7buk99iowt8mipptoftdgimmhy	172.19.0.1	hfgkq36u8b8q8g3t1km6y5zdya
tn7u5ms4rjg5uj4p5rwprw3aer	1672308809656	bmq7jiumpib3xdz3mx5iyo99ro	/api/v4/users/7buk99iowt8mipptoftdgimmhy/patch		172.19.0.1	hfgkq36u8b8q8g3t1km6y5zdya
16twu1tmzpnk3fh1xsyz3t7cuc	1672308809697	bmq7jiumpib3xdz3mx5iyo99ro	/api/v4/users/7m6hc4oompb7mexf9muuppdd6r/patch		172.19.0.1	hfgkq36u8b8q8g3t1km6y5zdya
r6d3jq5ai7dejb9ot5scefmgdo	1672308589282	bmq7jiumpib3xdz3mx5iyo99ro	/api/v4/channels/73uy6kj1jb8wdqrf3ti6zies6r/members/7m6hc4oompb7mexf9muuppdd6r	name=off-topic user_id=7m6hc4oompb7mexf9muuppdd6r	172.19.0.1	hfgkq36u8b8q8g3t1km6y5zdya
i6z5xjn1qtbpikes6p8ars5cqo	1672308590183	bmq7jiumpib3xdz3mx5iyo99ro	/api/v4/users/7m6hc4oompb7mexf9muuppdd6r/patch		172.19.0.1	hfgkq36u8b8q8g3t1km6y5zdya
s6j3ztxkmbrizjzfwnwa3hgnye	1672308592487	bmq7jiumpib3xdz3mx5iyo99ro	/api/v4/users/7m6hc4oompb7mexf9muuppdd6r/patch		172.19.0.1	hfgkq36u8b8q8g3t1km6y5zdya
fom1axkjbj83fnhynkzkz7mm9c	1672308592508	bmq7jiumpib3xdz3mx5iyo99ro	/api/v4/users/7buk99iowt8mipptoftdgimmhy/patch		172.19.0.1	hfgkq36u8b8q8g3t1km6y5zdya
7z8sa4jjjjfdjd4ctqipqiew9a	1672308637673	bmq7jiumpib3xdz3mx5iyo99ro	/api/v4/channels/73uy6kj1jb8wdqrf3ti6zies6r/members	name=off-topic user_id=7m6hc4oompb7mexf9muuppdd6r	172.19.0.1	hfgkq36u8b8q8g3t1km6y5zdya
gxnqemp75383jcxikb7pucax4a	1672308809529	bmq7jiumpib3xdz3mx5iyo99ro	/api/v4/channels/cxtmz3ubz3gfigd5m6prendmsw/members	name=town-square user_id=bmq7jiumpib3xdz3mx5iyo99ro	172.19.0.1	hfgkq36u8b8q8g3t1km6y5zdya
iqddea4nffgqiqubidwo1wn73e	1672308809698	bmq7jiumpib3xdz3mx5iyo99ro	/api/v4/users/7buk99iowt8mipptoftdgimmhy/patch		172.19.0.1	hfgkq36u8b8q8g3t1km6y5zdya
g4hg14x4bigaxggnkt64i5paxa	1672308809725	bmq7jiumpib3xdz3mx5iyo99ro	/api/v4/channels/cxtmz3ubz3gfigd5m6prendmsw/members	name=town-square user_id=7m6hc4oompb7mexf9muuppdd6r	172.19.0.1	hfgkq36u8b8q8g3t1km6y5zdya
qfxfwdi5ujrhfn1oywe8f3j7hy	1672308809731	bmq7jiumpib3xdz3mx5iyo99ro	/api/v4/channels/73uy6kj1jb8wdqrf3ti6zies6r/members	name=off-topic user_id=7m6hc4oompb7mexf9muuppdd6r	172.19.0.1	hfgkq36u8b8q8g3t1km6y5zdya
t3yefsobcbndicug4d5nndnf1w	1672309095996	bmq7jiumpib3xdz3mx5iyo99ro	/api/v4/channels/73uy6kj1jb8wdqrf3ti6zies6r/members	name=off-topic user_id=bmq7jiumpib3xdz3mx5iyo99ro	172.19.0.1	hfgkq36u8b8q8g3t1km6y5zdya
rqcfaika8bgz8mbiu3zetiouac	1672309095993	bmq7jiumpib3xdz3mx5iyo99ro	/api/v4/channels/cxtmz3ubz3gfigd5m6prendmsw/members	name=town-square user_id=bmq7jiumpib3xdz3mx5iyo99ro	172.19.0.1	hfgkq36u8b8q8g3t1km6y5zdya
s6hetsuqri84if96yiixxbxq4y	1672309096167	bmq7jiumpib3xdz3mx5iyo99ro	/api/v4/users/7buk99iowt8mipptoftdgimmhy/patch		172.19.0.1	hfgkq36u8b8q8g3t1km6y5zdya
hd4f1jw3xt8u5xfm9fkdqy71jo	1672309096195	bmq7jiumpib3xdz3mx5iyo99ro	/api/v4/users/7m6hc4oompb7mexf9muuppdd6r/patch		172.19.0.1	hfgkq36u8b8q8g3t1km6y5zdya
65nd6iiph7n39bs9zugiyatsxo	1672309096214	bmq7jiumpib3xdz3mx5iyo99ro	/api/v4/users/7buk99iowt8mipptoftdgimmhy/patch		172.19.0.1	hfgkq36u8b8q8g3t1km6y5zdya
agw8k3gu7byqzbpinfbk4s5wrw	1672309096212	bmq7jiumpib3xdz3mx5iyo99ro	/api/v4/channels/73uy6kj1jb8wdqrf3ti6zies6r/members	name=off-topic user_id=7buk99iowt8mipptoftdgimmhy	172.19.0.1	hfgkq36u8b8q8g3t1km6y5zdya
po3fxsxtjifxmfz687xtnnpioy	1672309096228	bmq7jiumpib3xdz3mx5iyo99ro	/api/v4/channels/73uy6kj1jb8wdqrf3ti6zies6r/members	name=off-topic user_id=7m6hc4oompb7mexf9muuppdd6r	172.19.0.1	hfgkq36u8b8q8g3t1km6y5zdya
4i53d5xpbbgabdekzct3oamyph	1672309096231	bmq7jiumpib3xdz3mx5iyo99ro	/api/v4/users/7m6hc4oompb7mexf9muuppdd6r/patch		172.19.0.1	hfgkq36u8b8q8g3t1km6y5zdya
gzki85zgttyy3bddg5h3fr7jpa	1672309096247	bmq7jiumpib3xdz3mx5iyo99ro	/api/v4/channels/cxtmz3ubz3gfigd5m6prendmsw/members	name=town-square user_id=7buk99iowt8mipptoftdgimmhy	172.19.0.1	hfgkq36u8b8q8g3t1km6y5zdya
g7ncy6bqhig98bzarwxerakz9o	1672309096264	bmq7jiumpib3xdz3mx5iyo99ro	/api/v4/channels/cxtmz3ubz3gfigd5m6prendmsw/members	name=town-square user_id=7m6hc4oompb7mexf9muuppdd6r	172.19.0.1	hfgkq36u8b8q8g3t1km6y5zdya
yggrn591jbf7d8f1x87jfmzfby	1672309261435	bmq7jiumpib3xdz3mx5iyo99ro	/api/v4/channels/73uy6kj1jb8wdqrf3ti6zies6r/members	name=off-topic user_id=bmq7jiumpib3xdz3mx5iyo99ro	172.19.0.1	hfgkq36u8b8q8g3t1km6y5zdya
wqt16qfjeigw9et3w4u5dzukqh	1672309261456	bmq7jiumpib3xdz3mx5iyo99ro	/api/v4/channels/cxtmz3ubz3gfigd5m6prendmsw/members	name=town-square user_id=bmq7jiumpib3xdz3mx5iyo99ro	172.19.0.1	hfgkq36u8b8q8g3t1km6y5zdya
7cszuue31j81mf9bkxgp9oubwc	1672309261609	bmq7jiumpib3xdz3mx5iyo99ro	/api/v4/users/7buk99iowt8mipptoftdgimmhy/patch		172.19.0.1	hfgkq36u8b8q8g3t1km6y5zdya
f7thy47c9fgoibd5au4yjrcdyy	1672309261629	bmq7jiumpib3xdz3mx5iyo99ro	/api/v4/users/7m6hc4oompb7mexf9muuppdd6r/patch		172.19.0.1	hfgkq36u8b8q8g3t1km6y5zdya
ydydo6chntytdkaxp1yzk1ssdr	1672309261644	bmq7jiumpib3xdz3mx5iyo99ro	/api/v4/users/7m6hc4oompb7mexf9muuppdd6r/patch		172.19.0.1	hfgkq36u8b8q8g3t1km6y5zdya
iwms1uaiqjym7e37mf3atnp75y	1672309261679	bmq7jiumpib3xdz3mx5iyo99ro	/api/v4/channels/73uy6kj1jb8wdqrf3ti6zies6r/members	name=off-topic user_id=7m6hc4oompb7mexf9muuppdd6r	172.19.0.1	hfgkq36u8b8q8g3t1km6y5zdya
fm168zdqfiyumpdgbe8qprxeyc	1672309261690	bmq7jiumpib3xdz3mx5iyo99ro	/api/v4/channels/cxtmz3ubz3gfigd5m6prendmsw/members	name=town-square user_id=7m6hc4oompb7mexf9muuppdd6r	172.19.0.1	hfgkq36u8b8q8g3t1km6y5zdya
msizoetu6bf6te5gxmx9s4kjre	1672309261712	bmq7jiumpib3xdz3mx5iyo99ro	/api/v4/users/7buk99iowt8mipptoftdgimmhy/patch		172.19.0.1	hfgkq36u8b8q8g3t1km6y5zdya
jhyt3xoxhpgzdnnhbbtywuittw	1672309261731	bmq7jiumpib3xdz3mx5iyo99ro	/api/v4/channels/73uy6kj1jb8wdqrf3ti6zies6r/members	name=off-topic user_id=7buk99iowt8mipptoftdgimmhy	172.19.0.1	hfgkq36u8b8q8g3t1km6y5zdya
t7mg98w38ffrmpm3knhwq7ob9r	1672309261740	bmq7jiumpib3xdz3mx5iyo99ro	/api/v4/channels/cxtmz3ubz3gfigd5m6prendmsw/members	name=town-square user_id=7buk99iowt8mipptoftdgimmhy	172.19.0.1	hfgkq36u8b8q8g3t1km6y5zdya
qytinnfambfwfmdzimwtfb838o	1672309668198	bmq7jiumpib3xdz3mx5iyo99ro	/api/v4/channels/73uy6kj1jb8wdqrf3ti6zies6r/members	name=off-topic user_id=bmq7jiumpib3xdz3mx5iyo99ro	172.19.0.1	hfgkq36u8b8q8g3t1km6y5zdya
ezdjcnmpg7dpbc6364io59ht5o	1672309668201	bmq7jiumpib3xdz3mx5iyo99ro	/api/v4/channels/cxtmz3ubz3gfigd5m6prendmsw/members	name=town-square user_id=bmq7jiumpib3xdz3mx5iyo99ro	172.19.0.1	hfgkq36u8b8q8g3t1km6y5zdya
t38u8w4smjgdjewu73ewjes66y	1672309668335	bmq7jiumpib3xdz3mx5iyo99ro	/api/v4/users/7buk99iowt8mipptoftdgimmhy/patch		172.19.0.1	hfgkq36u8b8q8g3t1km6y5zdya
mxzjw5f9138hib9j8okr5yx8uh	1672309668391	bmq7jiumpib3xdz3mx5iyo99ro	/api/v4/users/7m6hc4oompb7mexf9muuppdd6r/patch		172.19.0.1	hfgkq36u8b8q8g3t1km6y5zdya
chean1uukpy4pmxst8jo4q1hdy	1672309668402	bmq7jiumpib3xdz3mx5iyo99ro	/api/v4/users/7m6hc4oompb7mexf9muuppdd6r/patch		172.19.0.1	hfgkq36u8b8q8g3t1km6y5zdya
j1rsomzw33botgamscstirjzrw	1672309668405	bmq7jiumpib3xdz3mx5iyo99ro	/api/v4/users/7buk99iowt8mipptoftdgimmhy/patch		172.19.0.1	hfgkq36u8b8q8g3t1km6y5zdya
5exwsqfisprciedf8uij8s5k5o	1672309668416	bmq7jiumpib3xdz3mx5iyo99ro	/api/v4/channels/73uy6kj1jb8wdqrf3ti6zies6r/members	name=off-topic user_id=7m6hc4oompb7mexf9muuppdd6r	172.19.0.1	hfgkq36u8b8q8g3t1km6y5zdya
4hj5145z3jfkpfczpi5xwrz55a	1672309668417	bmq7jiumpib3xdz3mx5iyo99ro	/api/v4/channels/73uy6kj1jb8wdqrf3ti6zies6r/members	name=off-topic user_id=7buk99iowt8mipptoftdgimmhy	172.19.0.1	hfgkq36u8b8q8g3t1km6y5zdya
pm4gfbc1838fzmao7ohrp53m9r	1672309668454	bmq7jiumpib3xdz3mx5iyo99ro	/api/v4/channels/cxtmz3ubz3gfigd5m6prendmsw/members	name=town-square user_id=7buk99iowt8mipptoftdgimmhy	172.19.0.1	hfgkq36u8b8q8g3t1km6y5zdya
49hb6mto17ne9bzzo17dmunrae	1672311028097	bmq7jiumpib3xdz3mx5iyo99ro	/api/v4/channels/73uy6kj1jb8wdqrf3ti6zies6r/members	name=off-topic user_id=bmq7jiumpib3xdz3mx5iyo99ro	172.19.0.1	hfgkq36u8b8q8g3t1km6y5zdya
zxwtd4ojjb8xfp5wqxfxjia8pe	1672311028336	bmq7jiumpib3xdz3mx5iyo99ro	/api/v4/users/7buk99iowt8mipptoftdgimmhy/patch		172.19.0.1	hfgkq36u8b8q8g3t1km6y5zdya
68fqkf3tbffwu8mwm616gjmgoy	1672311028379	bmq7jiumpib3xdz3mx5iyo99ro	/api/v4/channels/73uy6kj1jb8wdqrf3ti6zies6r/members	name=off-topic user_id=7m6hc4oompb7mexf9muuppdd6r	172.19.0.1	hfgkq36u8b8q8g3t1km6y5zdya
54z6ak35nifm9pgbtyz9pob3iw	1672311793971	bmq7jiumpib3xdz3mx5iyo99ro	/api/v4/users/7buk99iowt8mipptoftdgimmhy/patch		172.19.0.1	hfgkq36u8b8q8g3t1km6y5zdya
hydobwip7pgi7eodrn3wued44o	1672311794072	bmq7jiumpib3xdz3mx5iyo99ro	/api/v4/channels/73uy6kj1jb8wdqrf3ti6zies6r/members	name=off-topic user_id=7buk99iowt8mipptoftdgimmhy	172.19.0.1	hfgkq36u8b8q8g3t1km6y5zdya
3iasg41u5j8h8kw1uex1pm7pbw	1672311850542	bmq7jiumpib3xdz3mx5iyo99ro	/api/v4/users/7buk99iowt8mipptoftdgimmhy/patch		172.19.0.1	hfgkq36u8b8q8g3t1km6y5zdya
ozighcybpb8qdb8r7jxhpoj4rh	1672311850596	bmq7jiumpib3xdz3mx5iyo99ro	/api/v4/channels/cxtmz3ubz3gfigd5m6prendmsw/members	name=town-square user_id=7buk99iowt8mipptoftdgimmhy	172.19.0.1	hfgkq36u8b8q8g3t1km6y5zdya
1hrw199fk3d7fxgrkb7kifynow	1672312480378	bmq7jiumpib3xdz3mx5iyo99ro	/api/v4/channels/cxtmz3ubz3gfigd5m6prendmsw/members	name=town-square user_id=7buk99iowt8mipptoftdgimmhy	172.19.0.1	hfgkq36u8b8q8g3t1km6y5zdya
gmmon9xur38spjtdrd976h5xro	1672312480428	bmq7jiumpib3xdz3mx5iyo99ro	/api/v4/channels/73uy6kj1jb8wdqrf3ti6zies6r/members	name=off-topic user_id=7m6hc4oompb7mexf9muuppdd6r	172.19.0.1	hfgkq36u8b8q8g3t1km6y5zdya
xq34ryz55tysjn446w45imryir	1672312505181	bmq7jiumpib3xdz3mx5iyo99ro	/api/v4/users/7buk99iowt8mipptoftdgimmhy/patch		172.19.0.1	hfgkq36u8b8q8g3t1km6y5zdya
rhkwjyzon7dyxdqstebuiaxksa	1672309668455	bmq7jiumpib3xdz3mx5iyo99ro	/api/v4/channels/cxtmz3ubz3gfigd5m6prendmsw/members	name=town-square user_id=7m6hc4oompb7mexf9muuppdd6r	172.19.0.1	hfgkq36u8b8q8g3t1km6y5zdya
y58ggxmjapyrtq9wcpxhpg937o	1672311028096	bmq7jiumpib3xdz3mx5iyo99ro	/api/v4/channels/cxtmz3ubz3gfigd5m6prendmsw/members	name=town-square user_id=bmq7jiumpib3xdz3mx5iyo99ro	172.19.0.1	hfgkq36u8b8q8g3t1km6y5zdya
yzdssoes9pd1pqgk8omma6z8ha	1672311028351	bmq7jiumpib3xdz3mx5iyo99ro	/api/v4/users/7m6hc4oompb7mexf9muuppdd6r/patch		172.19.0.1	hfgkq36u8b8q8g3t1km6y5zdya
gc7ij4sik7rqbemz87hgi5d59h	1672311028375	bmq7jiumpib3xdz3mx5iyo99ro	/api/v4/channels/73uy6kj1jb8wdqrf3ti6zies6r/members	name=off-topic user_id=7buk99iowt8mipptoftdgimmhy	172.19.0.1	hfgkq36u8b8q8g3t1km6y5zdya
qdtunhky6fbqxdys71e8jiwdnh	1672311794034	bmq7jiumpib3xdz3mx5iyo99ro	/api/v4/users/7m6hc4oompb7mexf9muuppdd6r/patch		172.19.0.1	hfgkq36u8b8q8g3t1km6y5zdya
agmdmxbwqb84uy35otr4y6a7to	1672311794075	bmq7jiumpib3xdz3mx5iyo99ro	/api/v4/channels/cxtmz3ubz3gfigd5m6prendmsw/members	name=town-square user_id=7m6hc4oompb7mexf9muuppdd6r	172.19.0.1	hfgkq36u8b8q8g3t1km6y5zdya
51oxddm4njyrxcfntw4eg5wb8a	1672311850368	bmq7jiumpib3xdz3mx5iyo99ro	/api/v4/channels/cxtmz3ubz3gfigd5m6prendmsw/members	name=town-square user_id=bmq7jiumpib3xdz3mx5iyo99ro	172.19.0.1	hfgkq36u8b8q8g3t1km6y5zdya
cbampirff3fqprw4hd1d996jaw	1672311850582	bmq7jiumpib3xdz3mx5iyo99ro	/api/v4/users/7buk99iowt8mipptoftdgimmhy/patch		172.19.0.1	hfgkq36u8b8q8g3t1km6y5zdya
gi6dk1z4ypb5dnka6nysc7dj7e	1672311850588	bmq7jiumpib3xdz3mx5iyo99ro	/api/v4/users/7m6hc4oompb7mexf9muuppdd6r/patch		172.19.0.1	hfgkq36u8b8q8g3t1km6y5zdya
q64cxon8b3gtunrzp4frkssw4r	1672311850598	bmq7jiumpib3xdz3mx5iyo99ro	/api/v4/channels/cxtmz3ubz3gfigd5m6prendmsw/members	name=town-square user_id=7m6hc4oompb7mexf9muuppdd6r	172.19.0.1	hfgkq36u8b8q8g3t1km6y5zdya
7w77ti6gcbfp7c7fx4498cqj7h	1672311850615	bmq7jiumpib3xdz3mx5iyo99ro	/api/v4/channels/73uy6kj1jb8wdqrf3ti6zies6r/members	name=off-topic user_id=7m6hc4oompb7mexf9muuppdd6r	172.19.0.1	hfgkq36u8b8q8g3t1km6y5zdya
qzbj4rg9ibb3mdz5oqi7iiktxo	1672311862591	bmq7jiumpib3xdz3mx5iyo99ro	/api/v4/channels/73uy6kj1jb8wdqrf3ti6zies6r/members	name=off-topic user_id=bmq7jiumpib3xdz3mx5iyo99ro	172.19.0.1	hfgkq36u8b8q8g3t1km6y5zdya
r3omku9sobfszb7qsp7n7af95o	1672311862746	bmq7jiumpib3xdz3mx5iyo99ro	/api/v4/users/7buk99iowt8mipptoftdgimmhy/patch		172.19.0.1	hfgkq36u8b8q8g3t1km6y5zdya
8f54sp6exfyfzcwyezk57qp5gy	1672311862802	bmq7jiumpib3xdz3mx5iyo99ro	/api/v4/users/7buk99iowt8mipptoftdgimmhy/patch		172.19.0.1	hfgkq36u8b8q8g3t1km6y5zdya
euaudrsi7ifffn7s6troefxm7e	1672311862849	bmq7jiumpib3xdz3mx5iyo99ro	/api/v4/channels/73uy6kj1jb8wdqrf3ti6zies6r/members	name=off-topic user_id=7m6hc4oompb7mexf9muuppdd6r	172.19.0.1	hfgkq36u8b8q8g3t1km6y5zdya
gfhshs7hs7nsxdx38xbgidec4w	1672311862859	bmq7jiumpib3xdz3mx5iyo99ro	/api/v4/channels/73uy6kj1jb8wdqrf3ti6zies6r/members	name=off-topic user_id=7buk99iowt8mipptoftdgimmhy	172.19.0.1	hfgkq36u8b8q8g3t1km6y5zdya
78hha5zcsbrwimjcjp69jbytqh	1672312480216	bmq7jiumpib3xdz3mx5iyo99ro	/api/v4/channels/73uy6kj1jb8wdqrf3ti6zies6r/members	name=off-topic user_id=bmq7jiumpib3xdz3mx5iyo99ro	172.19.0.1	hfgkq36u8b8q8g3t1km6y5zdya
skhyrybuibg83nrkus76w8useh	1672312480343	bmq7jiumpib3xdz3mx5iyo99ro	/api/v4/users/7buk99iowt8mipptoftdgimmhy/patch		172.19.0.1	hfgkq36u8b8q8g3t1km6y5zdya
uc1d1qz6kjyr88qekj1kxmscya	1672312480372	bmq7jiumpib3xdz3mx5iyo99ro	/api/v4/users/7buk99iowt8mipptoftdgimmhy/patch		172.19.0.1	hfgkq36u8b8q8g3t1km6y5zdya
quix1b84ntyo3ybo43jkq7z7aa	1672312480408	bmq7jiumpib3xdz3mx5iyo99ro	/api/v4/channels/73uy6kj1jb8wdqrf3ti6zies6r/members	name=off-topic user_id=7buk99iowt8mipptoftdgimmhy	172.19.0.1	hfgkq36u8b8q8g3t1km6y5zdya
ms5nmn9jsp86mkf7tiy7cyy94w	1672312505118	bmq7jiumpib3xdz3mx5iyo99ro	/api/v4/users/7buk99iowt8mipptoftdgimmhy/patch		172.19.0.1	hfgkq36u8b8q8g3t1km6y5zdya
y8ogoukaitd4mmjgchasth6xfa	1672312505136	bmq7jiumpib3xdz3mx5iyo99ro	/api/v4/users/7m6hc4oompb7mexf9muuppdd6r/patch		172.19.0.1	hfgkq36u8b8q8g3t1km6y5zdya
5m6d73yrmtyfdfbeusd6pskory	1672312505172	bmq7jiumpib3xdz3mx5iyo99ro	/api/v4/channels/73uy6kj1jb8wdqrf3ti6zies6r/members	name=off-topic user_id=7m6hc4oompb7mexf9muuppdd6r	172.19.0.1	hfgkq36u8b8q8g3t1km6y5zdya
s3ez595kr38spep7ax3wonkjhw	1672311028328	bmq7jiumpib3xdz3mx5iyo99ro	/api/v4/users/7m6hc4oompb7mexf9muuppdd6r/patch		172.19.0.1	hfgkq36u8b8q8g3t1km6y5zdya
fznkf38habrgfyub3uuqguqbow	1672311028377	bmq7jiumpib3xdz3mx5iyo99ro	/api/v4/channels/cxtmz3ubz3gfigd5m6prendmsw/members	name=town-square user_id=7m6hc4oompb7mexf9muuppdd6r	172.19.0.1	hfgkq36u8b8q8g3t1km6y5zdya
sf86c9m53tfbx8os4kk41fdwrw	1672311793814	bmq7jiumpib3xdz3mx5iyo99ro	/api/v4/channels/73uy6kj1jb8wdqrf3ti6zies6r/members	name=off-topic user_id=bmq7jiumpib3xdz3mx5iyo99ro	172.19.0.1	hfgkq36u8b8q8g3t1km6y5zdya
f7w34633upfz5b1icmi9feiqmc	1672311794029	bmq7jiumpib3xdz3mx5iyo99ro	/api/v4/users/7buk99iowt8mipptoftdgimmhy/patch		172.19.0.1	hfgkq36u8b8q8g3t1km6y5zdya
gd93jgwu6i81tcymg6o7pzut9e	1672311862744	bmq7jiumpib3xdz3mx5iyo99ro	/api/v4/users/7m6hc4oompb7mexf9muuppdd6r/patch		172.19.0.1	hfgkq36u8b8q8g3t1km6y5zdya
d617yjh767gbzrsygqqu5tg7ra	1672311862794	bmq7jiumpib3xdz3mx5iyo99ro	/api/v4/users/7m6hc4oompb7mexf9muuppdd6r/patch		172.19.0.1	hfgkq36u8b8q8g3t1km6y5zdya
hsn1iba1hbd9fb5nefbqgcq4uh	1672312480216	bmq7jiumpib3xdz3mx5iyo99ro	/api/v4/channels/cxtmz3ubz3gfigd5m6prendmsw/members	name=town-square user_id=bmq7jiumpib3xdz3mx5iyo99ro	172.19.0.1	hfgkq36u8b8q8g3t1km6y5zdya
bbjeocbreprpupdnie9k38osio	1672312480398	bmq7jiumpib3xdz3mx5iyo99ro	/api/v4/users/7m6hc4oompb7mexf9muuppdd6r/patch		172.19.0.1	hfgkq36u8b8q8g3t1km6y5zdya
7r99ob9odtnm3pobep5dpmkp1w	1672312480403	bmq7jiumpib3xdz3mx5iyo99ro	/api/v4/users/7m6hc4oompb7mexf9muuppdd6r/patch		172.19.0.1	hfgkq36u8b8q8g3t1km6y5zdya
1o5m91cq9bbf5g7jmwppu3y4ja	1672312504969	bmq7jiumpib3xdz3mx5iyo99ro	/api/v4/channels/73uy6kj1jb8wdqrf3ti6zies6r/members	name=off-topic user_id=bmq7jiumpib3xdz3mx5iyo99ro	172.19.0.1	hfgkq36u8b8q8g3t1km6y5zdya
zecu53acq3bfmcjqprp7tqzs3e	1672312505210	bmq7jiumpib3xdz3mx5iyo99ro	/api/v4/channels/cxtmz3ubz3gfigd5m6prendmsw/members	name=town-square user_id=7buk99iowt8mipptoftdgimmhy	172.19.0.1	hfgkq36u8b8q8g3t1km6y5zdya
58a6xqy7h3rgtfkh8gz4i9zaqr	1672311028354	bmq7jiumpib3xdz3mx5iyo99ro	/api/v4/users/7buk99iowt8mipptoftdgimmhy/patch		172.19.0.1	hfgkq36u8b8q8g3t1km6y5zdya
xns56ucgi7br3eus6df744w58e	1672311028381	bmq7jiumpib3xdz3mx5iyo99ro	/api/v4/channels/cxtmz3ubz3gfigd5m6prendmsw/members	name=town-square user_id=7buk99iowt8mipptoftdgimmhy	172.19.0.1	hfgkq36u8b8q8g3t1km6y5zdya
z1o386azz7ghjpr7cti5635upo	1672311793818	bmq7jiumpib3xdz3mx5iyo99ro	/api/v4/channels/cxtmz3ubz3gfigd5m6prendmsw/members	name=town-square user_id=bmq7jiumpib3xdz3mx5iyo99ro	172.19.0.1	hfgkq36u8b8q8g3t1km6y5zdya
gu36a1qdzfbjtmx19mgrc6b33r	1672311794017	bmq7jiumpib3xdz3mx5iyo99ro	/api/v4/channels/cxtmz3ubz3gfigd5m6prendmsw/members	name=town-square user_id=7buk99iowt8mipptoftdgimmhy	172.19.0.1	hfgkq36u8b8q8g3t1km6y5zdya
43hmxkffjpdz8xpste56re1e5h	1672311794042	bmq7jiumpib3xdz3mx5iyo99ro	/api/v4/users/7m6hc4oompb7mexf9muuppdd6r/patch		172.19.0.1	hfgkq36u8b8q8g3t1km6y5zdya
st97tfhipib7tcpsegfo73ckta	1672311794072	bmq7jiumpib3xdz3mx5iyo99ro	/api/v4/channels/73uy6kj1jb8wdqrf3ti6zies6r/members	name=off-topic user_id=7m6hc4oompb7mexf9muuppdd6r	172.19.0.1	hfgkq36u8b8q8g3t1km6y5zdya
9b1ojuosufdm5dbnep7n3nu6xr	1672311850362	bmq7jiumpib3xdz3mx5iyo99ro	/api/v4/channels/73uy6kj1jb8wdqrf3ti6zies6r/members	name=off-topic user_id=bmq7jiumpib3xdz3mx5iyo99ro	172.19.0.1	hfgkq36u8b8q8g3t1km6y5zdya
k4ucykodn7dtzqao7yheuqqirw	1672311850558	bmq7jiumpib3xdz3mx5iyo99ro	/api/v4/users/7m6hc4oompb7mexf9muuppdd6r/patch		172.19.0.1	hfgkq36u8b8q8g3t1km6y5zdya
xo8qkaafypgg5e5whcbeeqcxey	1672311850630	bmq7jiumpib3xdz3mx5iyo99ro	/api/v4/channels/73uy6kj1jb8wdqrf3ti6zies6r/members	name=off-topic user_id=7buk99iowt8mipptoftdgimmhy	172.19.0.1	hfgkq36u8b8q8g3t1km6y5zdya
qyate9t4fjybtdtedpw9m1ynpc	1672311862597	bmq7jiumpib3xdz3mx5iyo99ro	/api/v4/channels/cxtmz3ubz3gfigd5m6prendmsw/members	name=town-square user_id=bmq7jiumpib3xdz3mx5iyo99ro	172.19.0.1	hfgkq36u8b8q8g3t1km6y5zdya
gt5qtpnrktdn5xbobqmutqt7xy	1672311862783	bmq7jiumpib3xdz3mx5iyo99ro	/api/v4/channels/cxtmz3ubz3gfigd5m6prendmsw/members	name=town-square user_id=7m6hc4oompb7mexf9muuppdd6r	172.19.0.1	hfgkq36u8b8q8g3t1km6y5zdya
byqq4r9tmpbojxpni157zuin6h	1672311862798	bmq7jiumpib3xdz3mx5iyo99ro	/api/v4/channels/cxtmz3ubz3gfigd5m6prendmsw/members	name=town-square user_id=7buk99iowt8mipptoftdgimmhy	172.19.0.1	hfgkq36u8b8q8g3t1km6y5zdya
kkjewritwfd87d78rwbpx7zgia	1672312480427	bmq7jiumpib3xdz3mx5iyo99ro	/api/v4/channels/cxtmz3ubz3gfigd5m6prendmsw/members	name=town-square user_id=7m6hc4oompb7mexf9muuppdd6r	172.19.0.1	hfgkq36u8b8q8g3t1km6y5zdya
ubfurczbd3dk7baftuqhefyyhr	1672312504972	bmq7jiumpib3xdz3mx5iyo99ro	/api/v4/channels/cxtmz3ubz3gfigd5m6prendmsw/members	name=town-square user_id=bmq7jiumpib3xdz3mx5iyo99ro	172.19.0.1	hfgkq36u8b8q8g3t1km6y5zdya
a81ssa8r638kdcf4z37qcapnmc	1672312505166	bmq7jiumpib3xdz3mx5iyo99ro	/api/v4/channels/73uy6kj1jb8wdqrf3ti6zies6r/members	name=off-topic user_id=7buk99iowt8mipptoftdgimmhy	172.19.0.1	hfgkq36u8b8q8g3t1km6y5zdya
wxt1osia4tfj9xk7q8norpup5w	1672312505194	bmq7jiumpib3xdz3mx5iyo99ro	/api/v4/users/7m6hc4oompb7mexf9muuppdd6r/patch		172.19.0.1	hfgkq36u8b8q8g3t1km6y5zdya
5ydyjwg6sjg53ng4n4zcm9famr	1672312505237	bmq7jiumpib3xdz3mx5iyo99ro	/api/v4/channels/cxtmz3ubz3gfigd5m6prendmsw/members	name=town-square user_id=7m6hc4oompb7mexf9muuppdd6r	172.19.0.1	hfgkq36u8b8q8g3t1km6y5zdya
mafrpwtd13bi7pjdptx98qrgey	1672312534754	bmq7jiumpib3xdz3mx5iyo99ro	/api/v4/channels/73uy6kj1jb8wdqrf3ti6zies6r/members	name=off-topic user_id=bmq7jiumpib3xdz3mx5iyo99ro	172.19.0.1	hfgkq36u8b8q8g3t1km6y5zdya
rup3je79abgaip8sz8a9a8dgga	1672312534761	bmq7jiumpib3xdz3mx5iyo99ro	/api/v4/channels/cxtmz3ubz3gfigd5m6prendmsw/members	name=town-square user_id=bmq7jiumpib3xdz3mx5iyo99ro	172.19.0.1	hfgkq36u8b8q8g3t1km6y5zdya
de87iampuiyzzroj5m1sspoowy	1672312534918	bmq7jiumpib3xdz3mx5iyo99ro	/api/v4/users/7buk99iowt8mipptoftdgimmhy/patch		172.19.0.1	hfgkq36u8b8q8g3t1km6y5zdya
tbsiosdpa7g8brk8nqiouwx89o	1672312534966	bmq7jiumpib3xdz3mx5iyo99ro	/api/v4/channels/73uy6kj1jb8wdqrf3ti6zies6r/members	name=off-topic user_id=7buk99iowt8mipptoftdgimmhy	172.19.0.1	hfgkq36u8b8q8g3t1km6y5zdya
9tzqitsetjgtzes3gb545s4noo	1672312534972	bmq7jiumpib3xdz3mx5iyo99ro	/api/v4/users/7m6hc4oompb7mexf9muuppdd6r/patch		172.19.0.1	hfgkq36u8b8q8g3t1km6y5zdya
a55y6e3wptr9zrzit3rdimrzhc	1672312534977	bmq7jiumpib3xdz3mx5iyo99ro	/api/v4/users/7m6hc4oompb7mexf9muuppdd6r/patch		172.19.0.1	hfgkq36u8b8q8g3t1km6y5zdya
umkdq3yjnjb5fmwrrok37fm53y	1672312534992	bmq7jiumpib3xdz3mx5iyo99ro	/api/v4/users/7buk99iowt8mipptoftdgimmhy/patch		172.19.0.1	hfgkq36u8b8q8g3t1km6y5zdya
e14ei96xmfbw3c94tqapo1e1qo	1672312535005	bmq7jiumpib3xdz3mx5iyo99ro	/api/v4/channels/cxtmz3ubz3gfigd5m6prendmsw/members	name=town-square user_id=7m6hc4oompb7mexf9muuppdd6r	172.19.0.1	hfgkq36u8b8q8g3t1km6y5zdya
kg4apq1doffu8epth4baoyp1qh	1672312535010	bmq7jiumpib3xdz3mx5iyo99ro	/api/v4/channels/cxtmz3ubz3gfigd5m6prendmsw/members	name=town-square user_id=7buk99iowt8mipptoftdgimmhy	172.19.0.1	hfgkq36u8b8q8g3t1km6y5zdya
jmxujqzpajdz5jhjo4aj5c31ue	1672312535013	bmq7jiumpib3xdz3mx5iyo99ro	/api/v4/channels/73uy6kj1jb8wdqrf3ti6zies6r/members	name=off-topic user_id=7m6hc4oompb7mexf9muuppdd6r	172.19.0.1	hfgkq36u8b8q8g3t1km6y5zdya
yq8oibriwtyzibwaci3yyz8y1o	1672312694689	bmq7jiumpib3xdz3mx5iyo99ro	/api/v4/channels/cxtmz3ubz3gfigd5m6prendmsw/members	name=town-square user_id=bmq7jiumpib3xdz3mx5iyo99ro	172.19.0.1	hfgkq36u8b8q8g3t1km6y5zdya
6k6wrrnpj7ydf8wb713ucmqbne	1672312694691	bmq7jiumpib3xdz3mx5iyo99ro	/api/v4/channels/73uy6kj1jb8wdqrf3ti6zies6r/members	name=off-topic user_id=bmq7jiumpib3xdz3mx5iyo99ro	172.19.0.1	hfgkq36u8b8q8g3t1km6y5zdya
jqpx3zksobrgiftytqdyua8isa	1672312694981	bmq7jiumpib3xdz3mx5iyo99ro	/api/v4/users/7m6hc4oompb7mexf9muuppdd6r/patch		172.19.0.1	hfgkq36u8b8q8g3t1km6y5zdya
kus6cdyrht8p5fwi1e4r5qetyh	1672312695036	bmq7jiumpib3xdz3mx5iyo99ro	/api/v4/channels/73uy6kj1jb8wdqrf3ti6zies6r/members	name=off-topic user_id=7m6hc4oompb7mexf9muuppdd6r	172.19.0.1	hfgkq36u8b8q8g3t1km6y5zdya
nwjixh7xopg7zkbh6pp9n6uxpw	1672312695041	bmq7jiumpib3xdz3mx5iyo99ro	/api/v4/users/7buk99iowt8mipptoftdgimmhy/patch		172.19.0.1	hfgkq36u8b8q8g3t1km6y5zdya
c17wu4m39irmfp4zqjwxoh3kto	1672312695057	bmq7jiumpib3xdz3mx5iyo99ro	/api/v4/users/7buk99iowt8mipptoftdgimmhy/patch		172.19.0.1	hfgkq36u8b8q8g3t1km6y5zdya
dq5tcwgcyfg8idzz1uc67j8pth	1672312695066	bmq7jiumpib3xdz3mx5iyo99ro	/api/v4/users/7m6hc4oompb7mexf9muuppdd6r/patch		172.19.0.1	hfgkq36u8b8q8g3t1km6y5zdya
yfapspe1ypyqddyjmngz8rkoar	1672312695134	bmq7jiumpib3xdz3mx5iyo99ro	/api/v4/channels/cxtmz3ubz3gfigd5m6prendmsw/members	name=town-square user_id=7m6hc4oompb7mexf9muuppdd6r	172.19.0.1	hfgkq36u8b8q8g3t1km6y5zdya
y6ntiwyjq7dhxb1zpioop8aimc	1672312695153	bmq7jiumpib3xdz3mx5iyo99ro	/api/v4/channels/73uy6kj1jb8wdqrf3ti6zies6r/members	name=off-topic user_id=7buk99iowt8mipptoftdgimmhy	172.19.0.1	hfgkq36u8b8q8g3t1km6y5zdya
8nwd8m1z47rqjkrqkihywn534h	1672312695180	bmq7jiumpib3xdz3mx5iyo99ro	/api/v4/channels/cxtmz3ubz3gfigd5m6prendmsw/members	name=town-square user_id=7buk99iowt8mipptoftdgimmhy	172.19.0.1	hfgkq36u8b8q8g3t1km6y5zdya
u1i4k15uap8mfq8ui9z4ahhbnr	1672314080794	bmq7jiumpib3xdz3mx5iyo99ro	/api/v4/channels/73uy6kj1jb8wdqrf3ti6zies6r/members	name=off-topic user_id=bmq7jiumpib3xdz3mx5iyo99ro	172.19.0.1	hfgkq36u8b8q8g3t1km6y5zdya
ktwx817wubnk5ergmj4gmf3qga	1672314080807	bmq7jiumpib3xdz3mx5iyo99ro	/api/v4/channels/cxtmz3ubz3gfigd5m6prendmsw/members	name=town-square user_id=bmq7jiumpib3xdz3mx5iyo99ro	172.19.0.1	hfgkq36u8b8q8g3t1km6y5zdya
ys8h5jiow78uzesx4u5jzydmge	1672314080996	bmq7jiumpib3xdz3mx5iyo99ro	/api/v4/users/7buk99iowt8mipptoftdgimmhy/patch		172.19.0.1	hfgkq36u8b8q8g3t1km6y5zdya
7zkp454xmt8u5pwp356xbnpbzr	1672314081036	bmq7jiumpib3xdz3mx5iyo99ro	/api/v4/users/7m6hc4oompb7mexf9muuppdd6r/patch		172.19.0.1	hfgkq36u8b8q8g3t1km6y5zdya
wqpot7o3ujnnjncgznexjgcjko	1672314081047	bmq7jiumpib3xdz3mx5iyo99ro	/api/v4/users/7m6hc4oompb7mexf9muuppdd6r/patch		172.19.0.1	hfgkq36u8b8q8g3t1km6y5zdya
b8n4qpoxgjnozdnzayk4raiwca	1672314081095	bmq7jiumpib3xdz3mx5iyo99ro	/api/v4/channels/73uy6kj1jb8wdqrf3ti6zies6r/members	name=off-topic user_id=7m6hc4oompb7mexf9muuppdd6r	172.19.0.1	hfgkq36u8b8q8g3t1km6y5zdya
ustoqtk4rpnt381w4jwm6kf6qr	1672314081114	bmq7jiumpib3xdz3mx5iyo99ro	/api/v4/channels/cxtmz3ubz3gfigd5m6prendmsw/members	name=town-square user_id=7m6hc4oompb7mexf9muuppdd6r	172.19.0.1	hfgkq36u8b8q8g3t1km6y5zdya
pcrmbzs5e3ycugsxtjteg9a4mr	1672314081142	bmq7jiumpib3xdz3mx5iyo99ro	/api/v4/users/7buk99iowt8mipptoftdgimmhy/patch		172.19.0.1	hfgkq36u8b8q8g3t1km6y5zdya
b8mdmapi6i81tceub4jc91bdme	1672314081161	bmq7jiumpib3xdz3mx5iyo99ro	/api/v4/channels/cxtmz3ubz3gfigd5m6prendmsw/members	name=town-square user_id=7buk99iowt8mipptoftdgimmhy	172.19.0.1	hfgkq36u8b8q8g3t1km6y5zdya
wtcgejc1zfd1ipuzc6t954n3xr	1672314081175	bmq7jiumpib3xdz3mx5iyo99ro	/api/v4/channels/73uy6kj1jb8wdqrf3ti6zies6r/members	name=off-topic user_id=7buk99iowt8mipptoftdgimmhy	172.19.0.1	hfgkq36u8b8q8g3t1km6y5zdya
wrw4863c1jbzzba5h8kbo7wmqo	1672314194866	bmq7jiumpib3xdz3mx5iyo99ro	/api/v4/channels/cxtmz3ubz3gfigd5m6prendmsw/members	name=town-square user_id=bmq7jiumpib3xdz3mx5iyo99ro	172.19.0.1	hfgkq36u8b8q8g3t1km6y5zdya
p8q7magdpibwdbyq9o3euqj8ye	1672314194875	bmq7jiumpib3xdz3mx5iyo99ro	/api/v4/channels/73uy6kj1jb8wdqrf3ti6zies6r/members	name=off-topic user_id=bmq7jiumpib3xdz3mx5iyo99ro	172.19.0.1	hfgkq36u8b8q8g3t1km6y5zdya
679s8szug7gczpbogtn14h4zxo	1672314195032	bmq7jiumpib3xdz3mx5iyo99ro	/api/v4/users/7buk99iowt8mipptoftdgimmhy/patch		172.19.0.1	hfgkq36u8b8q8g3t1km6y5zdya
iye5eiugztb8tb1tdsezsttjba	1672314195058	bmq7jiumpib3xdz3mx5iyo99ro	/api/v4/channels/cxtmz3ubz3gfigd5m6prendmsw/members	name=town-square user_id=7buk99iowt8mipptoftdgimmhy	172.19.0.1	hfgkq36u8b8q8g3t1km6y5zdya
9smwzjtpkinepcw9kdm87iqosh	1672314195086	bmq7jiumpib3xdz3mx5iyo99ro	/api/v4/users/7m6hc4oompb7mexf9muuppdd6r/patch		172.19.0.1	hfgkq36u8b8q8g3t1km6y5zdya
5yy3cs5mufgwu839tfptqhbnxa	1672314195090	bmq7jiumpib3xdz3mx5iyo99ro	/api/v4/users/7buk99iowt8mipptoftdgimmhy/patch		172.19.0.1	hfgkq36u8b8q8g3t1km6y5zdya
6g9ijpwt6fgzfjcnty6qzn4ngc	1672314195097	bmq7jiumpib3xdz3mx5iyo99ro	/api/v4/users/7m6hc4oompb7mexf9muuppdd6r/patch		172.19.0.1	hfgkq36u8b8q8g3t1km6y5zdya
qbg19jq767fj8gfcnh4kjh3pue	1672314195117	bmq7jiumpib3xdz3mx5iyo99ro	/api/v4/channels/73uy6kj1jb8wdqrf3ti6zies6r/members	name=off-topic user_id=7buk99iowt8mipptoftdgimmhy	172.19.0.1	hfgkq36u8b8q8g3t1km6y5zdya
r1yk5pfdaif7jfgpcd7k86t38w	1672314195133	bmq7jiumpib3xdz3mx5iyo99ro	/api/v4/channels/cxtmz3ubz3gfigd5m6prendmsw/members	name=town-square user_id=7m6hc4oompb7mexf9muuppdd6r	172.19.0.1	hfgkq36u8b8q8g3t1km6y5zdya
1w9zb8fadjn53g1wkka6o8b3ba	1672314195131	bmq7jiumpib3xdz3mx5iyo99ro	/api/v4/channels/73uy6kj1jb8wdqrf3ti6zies6r/members	name=off-topic user_id=7m6hc4oompb7mexf9muuppdd6r	172.19.0.1	hfgkq36u8b8q8g3t1km6y5zdya
y386rwh3rpf4zfpszf3gfuea4a	1672314316660	bmq7jiumpib3xdz3mx5iyo99ro	/api/v4/channels/cxtmz3ubz3gfigd5m6prendmsw/members	name=town-square user_id=bmq7jiumpib3xdz3mx5iyo99ro	172.19.0.1	hfgkq36u8b8q8g3t1km6y5zdya
tnfj9keb1bd39myfb4ntxzpeza	1672314316664	bmq7jiumpib3xdz3mx5iyo99ro	/api/v4/channels/73uy6kj1jb8wdqrf3ti6zies6r/members	name=off-topic user_id=bmq7jiumpib3xdz3mx5iyo99ro	172.19.0.1	hfgkq36u8b8q8g3t1km6y5zdya
ur4d5grwr3yf5gubjteuju5iay	1672314316848	bmq7jiumpib3xdz3mx5iyo99ro	/api/v4/users/7m6hc4oompb7mexf9muuppdd6r/patch		172.19.0.1	hfgkq36u8b8q8g3t1km6y5zdya
q14f6h3mpffyxdozcnh5j7z15y	1672314316857	bmq7jiumpib3xdz3mx5iyo99ro	/api/v4/users/7buk99iowt8mipptoftdgimmhy/patch		172.19.0.1	hfgkq36u8b8q8g3t1km6y5zdya
sfz8d1sei3bqug7auaphjccjhc	1672314316857	bmq7jiumpib3xdz3mx5iyo99ro	/api/v4/users/7m6hc4oompb7mexf9muuppdd6r/patch		172.19.0.1	hfgkq36u8b8q8g3t1km6y5zdya
tqy99ggy5ibx3mgq17wwor774h	1672314316880	bmq7jiumpib3xdz3mx5iyo99ro	/api/v4/users/7buk99iowt8mipptoftdgimmhy/patch		172.19.0.1	hfgkq36u8b8q8g3t1km6y5zdya
51udr1naujfmxnzihtp6xruqwa	1672314316894	bmq7jiumpib3xdz3mx5iyo99ro	/api/v4/channels/73uy6kj1jb8wdqrf3ti6zies6r/members	name=off-topic user_id=7buk99iowt8mipptoftdgimmhy	172.19.0.1	hfgkq36u8b8q8g3t1km6y5zdya
ueorktdtzirttxyojheaw3xyic	1672314316894	bmq7jiumpib3xdz3mx5iyo99ro	/api/v4/channels/73uy6kj1jb8wdqrf3ti6zies6r/members	name=off-topic user_id=7m6hc4oompb7mexf9muuppdd6r	172.19.0.1	hfgkq36u8b8q8g3t1km6y5zdya
x5ii8dpspig7zgxo3yfbqj433c	1672314316892	bmq7jiumpib3xdz3mx5iyo99ro	/api/v4/channels/cxtmz3ubz3gfigd5m6prendmsw/members	name=town-square user_id=7buk99iowt8mipptoftdgimmhy	172.19.0.1	hfgkq36u8b8q8g3t1km6y5zdya
di14o38nmpy4ic7xkbubg3nmby	1672314316902	bmq7jiumpib3xdz3mx5iyo99ro	/api/v4/channels/cxtmz3ubz3gfigd5m6prendmsw/members	name=town-square user_id=7m6hc4oompb7mexf9muuppdd6r	172.19.0.1	hfgkq36u8b8q8g3t1km6y5zdya
4be1c9kr9pr1trs8hr7g71yxjo	1672314376232	bmq7jiumpib3xdz3mx5iyo99ro	/api/v4/channels/73uy6kj1jb8wdqrf3ti6zies6r/members	name=off-topic user_id=bmq7jiumpib3xdz3mx5iyo99ro	172.19.0.1	hfgkq36u8b8q8g3t1km6y5zdya
ej83hquz4f8gjbxqytupnzh7ay	1672314376232	bmq7jiumpib3xdz3mx5iyo99ro	/api/v4/channels/cxtmz3ubz3gfigd5m6prendmsw/members	name=town-square user_id=bmq7jiumpib3xdz3mx5iyo99ro	172.19.0.1	hfgkq36u8b8q8g3t1km6y5zdya
gq749r8fa38of8a8ec5izmpf7y	1672314376387	bmq7jiumpib3xdz3mx5iyo99ro	/api/v4/users/7buk99iowt8mipptoftdgimmhy/patch		172.19.0.1	hfgkq36u8b8q8g3t1km6y5zdya
rasz848ihtg6dp5bmfd57ks39o	1672314376392	bmq7jiumpib3xdz3mx5iyo99ro	/api/v4/users/7m6hc4oompb7mexf9muuppdd6r/patch		172.19.0.1	hfgkq36u8b8q8g3t1km6y5zdya
y1zcwtb3jfft7guxg9j9kywrta	1672314376428	bmq7jiumpib3xdz3mx5iyo99ro	/api/v4/channels/73uy6kj1jb8wdqrf3ti6zies6r/members	name=off-topic user_id=7buk99iowt8mipptoftdgimmhy	172.19.0.1	hfgkq36u8b8q8g3t1km6y5zdya
d9ub84nhx3ns7maxxgmdi3qufe	1672314376437	bmq7jiumpib3xdz3mx5iyo99ro	/api/v4/channels/73uy6kj1jb8wdqrf3ti6zies6r/members	name=off-topic user_id=7m6hc4oompb7mexf9muuppdd6r	172.19.0.1	hfgkq36u8b8q8g3t1km6y5zdya
yxdz456kzjf9idqb3kwmur5dwh	1672314376435	bmq7jiumpib3xdz3mx5iyo99ro	/api/v4/users/7buk99iowt8mipptoftdgimmhy/patch		172.19.0.1	hfgkq36u8b8q8g3t1km6y5zdya
wsbhd3ea4iyeurmnbnzr6xbhpo	1672314620313	bmq7jiumpib3xdz3mx5iyo99ro	/api/v4/users/7buk99iowt8mipptoftdgimmhy/patch		172.19.0.1	hfgkq36u8b8q8g3t1km6y5zdya
up79uiip9bgo9cz4918n3jitrc	1672314620336	bmq7jiumpib3xdz3mx5iyo99ro	/api/v4/users/7m6hc4oompb7mexf9muuppdd6r/patch		172.19.0.1	hfgkq36u8b8q8g3t1km6y5zdya
srh7zrbtwibfdq89z7jpwu76pa	1672314620379	bmq7jiumpib3xdz3mx5iyo99ro	/api/v4/channels/73uy6kj1jb8wdqrf3ti6zies6r/members	name=off-topic user_id=7m6hc4oompb7mexf9muuppdd6r	172.19.0.1	hfgkq36u8b8q8g3t1km6y5zdya
kkoho4oukf81zgeu7897njzz7h	1672314704068	bmq7jiumpib3xdz3mx5iyo99ro	/api/v4/channels/73uy6kj1jb8wdqrf3ti6zies6r/members	name=off-topic user_id=bmq7jiumpib3xdz3mx5iyo99ro	172.19.0.1	hfgkq36u8b8q8g3t1km6y5zdya
pgopnj1ubf83zxbdsok4hfub8w	1672314704299	bmq7jiumpib3xdz3mx5iyo99ro	/api/v4/channels/73uy6kj1jb8wdqrf3ti6zies6r/members	name=off-topic user_id=7buk99iowt8mipptoftdgimmhy	172.19.0.1	hfgkq36u8b8q8g3t1km6y5zdya
wa6xpg488brizgffi7a4ama4ch	1672314758858	bmq7jiumpib3xdz3mx5iyo99ro	/api/v4/channels/cxtmz3ubz3gfigd5m6prendmsw/members	name=town-square user_id=bmq7jiumpib3xdz3mx5iyo99ro	172.19.0.1	hfgkq36u8b8q8g3t1km6y5zdya
m6xiqjzr37beunux9n7oatinoa	1672314759023	bmq7jiumpib3xdz3mx5iyo99ro	/api/v4/users/7m6hc4oompb7mexf9muuppdd6r/patch		172.19.0.1	hfgkq36u8b8q8g3t1km6y5zdya
gqnk5ngqq7dxpcxryjbe6yipkw	1672314759075	bmq7jiumpib3xdz3mx5iyo99ro	/api/v4/channels/73uy6kj1jb8wdqrf3ti6zies6r/members	name=off-topic user_id=7buk99iowt8mipptoftdgimmhy	172.19.0.1	hfgkq36u8b8q8g3t1km6y5zdya
w1akri9u4783ugqyjm7dxrqndy	1672314794436	bmq7jiumpib3xdz3mx5iyo99ro	/api/v4/channels/73uy6kj1jb8wdqrf3ti6zies6r/members	name=off-topic user_id=bmq7jiumpib3xdz3mx5iyo99ro	172.19.0.1	hfgkq36u8b8q8g3t1km6y5zdya
cweq46ywsjyczji6s7g43cymiy	1672314794634	bmq7jiumpib3xdz3mx5iyo99ro	/api/v4/users/7buk99iowt8mipptoftdgimmhy/patch		172.19.0.1	hfgkq36u8b8q8g3t1km6y5zdya
hazejxgb47yc9q5eiagwqypsia	1672314794676	bmq7jiumpib3xdz3mx5iyo99ro	/api/v4/channels/cxtmz3ubz3gfigd5m6prendmsw/members	name=town-square user_id=7buk99iowt8mipptoftdgimmhy	172.19.0.1	hfgkq36u8b8q8g3t1km6y5zdya
if3wm9hwh3rk5fyhgzgzn9o59y	1672314376459	bmq7jiumpib3xdz3mx5iyo99ro	/api/v4/users/7m6hc4oompb7mexf9muuppdd6r/patch		172.19.0.1	hfgkq36u8b8q8g3t1km6y5zdya
881ycy3c5jg9xy9ai37r6adm3r	1672314376486	bmq7jiumpib3xdz3mx5iyo99ro	/api/v4/channels/cxtmz3ubz3gfigd5m6prendmsw/members	name=town-square user_id=7buk99iowt8mipptoftdgimmhy	172.19.0.1	hfgkq36u8b8q8g3t1km6y5zdya
1c4ems9dqtbx8xbb1eh6rg4uno	1672314620138	bmq7jiumpib3xdz3mx5iyo99ro	/api/v4/channels/cxtmz3ubz3gfigd5m6prendmsw/members	name=town-square user_id=bmq7jiumpib3xdz3mx5iyo99ro	172.19.0.1	hfgkq36u8b8q8g3t1km6y5zdya
z9jt7xttbfdr3e6mhab5nad47w	1672314620351	bmq7jiumpib3xdz3mx5iyo99ro	/api/v4/users/7buk99iowt8mipptoftdgimmhy/patch		172.19.0.1	hfgkq36u8b8q8g3t1km6y5zdya
mqjeebjtjffwxc4ayuce9yyh7h	1672314620370	bmq7jiumpib3xdz3mx5iyo99ro	/api/v4/channels/73uy6kj1jb8wdqrf3ti6zies6r/members	name=off-topic user_id=7buk99iowt8mipptoftdgimmhy	172.19.0.1	hfgkq36u8b8q8g3t1km6y5zdya
ei5ctu84xpn45gphk5w8mhs7po	1672314620379	bmq7jiumpib3xdz3mx5iyo99ro	/api/v4/users/7m6hc4oompb7mexf9muuppdd6r/patch		172.19.0.1	hfgkq36u8b8q8g3t1km6y5zdya
mfm376wqzf8rppbq1nsrgj4g3a	1672314620411	bmq7jiumpib3xdz3mx5iyo99ro	/api/v4/channels/cxtmz3ubz3gfigd5m6prendmsw/members	name=town-square user_id=7m6hc4oompb7mexf9muuppdd6r	172.19.0.1	hfgkq36u8b8q8g3t1km6y5zdya
95at6x5fp3r79bgzxb6a3cxkze	1672314704061	bmq7jiumpib3xdz3mx5iyo99ro	/api/v4/channels/cxtmz3ubz3gfigd5m6prendmsw/members	name=town-square user_id=bmq7jiumpib3xdz3mx5iyo99ro	172.19.0.1	hfgkq36u8b8q8g3t1km6y5zdya
obk3c3puqibt3b9ip6mmxz4ifa	1672314704263	bmq7jiumpib3xdz3mx5iyo99ro	/api/v4/users/7buk99iowt8mipptoftdgimmhy/patch		172.19.0.1	hfgkq36u8b8q8g3t1km6y5zdya
7wtiz7ohapymzmzwcg4i5tnway	1672314704292	bmq7jiumpib3xdz3mx5iyo99ro	/api/v4/channels/cxtmz3ubz3gfigd5m6prendmsw/members	name=town-square user_id=7buk99iowt8mipptoftdgimmhy	172.19.0.1	hfgkq36u8b8q8g3t1km6y5zdya
ur66jwknbb84pefqbmh54ndg3h	1672314794449	bmq7jiumpib3xdz3mx5iyo99ro	/api/v4/channels/cxtmz3ubz3gfigd5m6prendmsw/members	name=town-square user_id=bmq7jiumpib3xdz3mx5iyo99ro	172.19.0.1	hfgkq36u8b8q8g3t1km6y5zdya
uyf3gf3hefne7g5w8bfzhdk6xe	1672314794631	bmq7jiumpib3xdz3mx5iyo99ro	/api/v4/users/7m6hc4oompb7mexf9muuppdd6r/patch		172.19.0.1	hfgkq36u8b8q8g3t1km6y5zdya
e3twnk14ki8w883nkq3x4cat4r	1672314794662	bmq7jiumpib3xdz3mx5iyo99ro	/api/v4/channels/73uy6kj1jb8wdqrf3ti6zies6r/members	name=off-topic user_id=7buk99iowt8mipptoftdgimmhy	172.19.0.1	hfgkq36u8b8q8g3t1km6y5zdya
oc9qpgt1xty5zqe8cuyrjd8q5e	1672314795562	7m6hc4oompb7mexf9muuppdd6r	/api/v4/users/7m6hc4oompb7mexf9muuppdd6r/patch		172.19.0.1	azro556pa3rruy7sdsmet33mhh
kood3finwirmffsbi164hd6pco	1672314376515	bmq7jiumpib3xdz3mx5iyo99ro	/api/v4/channels/cxtmz3ubz3gfigd5m6prendmsw/members	name=town-square user_id=7m6hc4oompb7mexf9muuppdd6r	172.19.0.1	hfgkq36u8b8q8g3t1km6y5zdya
8bfji6ysfirh5eorsbpm7f5bew	1672314620392	bmq7jiumpib3xdz3mx5iyo99ro	/api/v4/channels/cxtmz3ubz3gfigd5m6prendmsw/members	name=town-square user_id=7buk99iowt8mipptoftdgimmhy	172.19.0.1	hfgkq36u8b8q8g3t1km6y5zdya
x9ouaczn6jrfdj1okz56ruz5mr	1672314704243	bmq7jiumpib3xdz3mx5iyo99ro	/api/v4/users/7m6hc4oompb7mexf9muuppdd6r/patch		172.19.0.1	hfgkq36u8b8q8g3t1km6y5zdya
upinfoe7spbxjyyedgo89kmgzw	1672314704255	bmq7jiumpib3xdz3mx5iyo99ro	/api/v4/users/7m6hc4oompb7mexf9muuppdd6r/patch		172.19.0.1	hfgkq36u8b8q8g3t1km6y5zdya
hagg9zqhsjf6icb735u3tdsi8y	1672314759018	bmq7jiumpib3xdz3mx5iyo99ro	/api/v4/users/7buk99iowt8mipptoftdgimmhy/patch		172.19.0.1	hfgkq36u8b8q8g3t1km6y5zdya
ic49ikzzmp843nppfppqj81doc	1672314759078	bmq7jiumpib3xdz3mx5iyo99ro	/api/v4/channels/cxtmz3ubz3gfigd5m6prendmsw/members	name=town-square user_id=7buk99iowt8mipptoftdgimmhy	172.19.0.1	hfgkq36u8b8q8g3t1km6y5zdya
aekztwtmbfnp78dtyttrozktxy	1672314759106	bmq7jiumpib3xdz3mx5iyo99ro	/api/v4/users/7m6hc4oompb7mexf9muuppdd6r/patch		172.19.0.1	hfgkq36u8b8q8g3t1km6y5zdya
mwfgextmcpb35pakubnoddx53c	1672314794630	bmq7jiumpib3xdz3mx5iyo99ro	/api/v4/users/7buk99iowt8mipptoftdgimmhy/patch		172.19.0.1	hfgkq36u8b8q8g3t1km6y5zdya
otaddethafrsfqt48e64ch1apo	1672314794663	bmq7jiumpib3xdz3mx5iyo99ro	/api/v4/channels/cxtmz3ubz3gfigd5m6prendmsw/members	name=town-square user_id=7m6hc4oompb7mexf9muuppdd6r	172.19.0.1	hfgkq36u8b8q8g3t1km6y5zdya
8kqdxh9sejbf58kk633pns5ror	1672314794666	bmq7jiumpib3xdz3mx5iyo99ro	/api/v4/channels/73uy6kj1jb8wdqrf3ti6zies6r/members	name=off-topic user_id=7m6hc4oompb7mexf9muuppdd6r	172.19.0.1	hfgkq36u8b8q8g3t1km6y5zdya
7i746djydpng5ddzt3wnmn8oia	1672314620136	bmq7jiumpib3xdz3mx5iyo99ro	/api/v4/channels/73uy6kj1jb8wdqrf3ti6zies6r/members	name=off-topic user_id=bmq7jiumpib3xdz3mx5iyo99ro	172.19.0.1	hfgkq36u8b8q8g3t1km6y5zdya
ux1zh6q3kj8htjbws4ewmpkhjh	1672314704264	bmq7jiumpib3xdz3mx5iyo99ro	/api/v4/users/7buk99iowt8mipptoftdgimmhy/patch		172.19.0.1	hfgkq36u8b8q8g3t1km6y5zdya
zi9isi16ofg6ipjad1qkzyuozc	1672314704277	bmq7jiumpib3xdz3mx5iyo99ro	/api/v4/channels/73uy6kj1jb8wdqrf3ti6zies6r/members	name=off-topic user_id=7m6hc4oompb7mexf9muuppdd6r	172.19.0.1	hfgkq36u8b8q8g3t1km6y5zdya
y7h7csdz7pgs7nqqwsck3gdb8h	1672314704290	bmq7jiumpib3xdz3mx5iyo99ro	/api/v4/channels/cxtmz3ubz3gfigd5m6prendmsw/members	name=town-square user_id=7m6hc4oompb7mexf9muuppdd6r	172.19.0.1	hfgkq36u8b8q8g3t1km6y5zdya
k5x1cg8gfidx7p9n8bao43goke	1672314758858	bmq7jiumpib3xdz3mx5iyo99ro	/api/v4/channels/73uy6kj1jb8wdqrf3ti6zies6r/members	name=off-topic user_id=bmq7jiumpib3xdz3mx5iyo99ro	172.19.0.1	hfgkq36u8b8q8g3t1km6y5zdya
kuwsjji847gaxjga83nfr1unkh	1672314759050	bmq7jiumpib3xdz3mx5iyo99ro	/api/v4/users/7buk99iowt8mipptoftdgimmhy/patch		172.19.0.1	hfgkq36u8b8q8g3t1km6y5zdya
6mc6673giig5mmizehw9ri5tzw	1672314759078	bmq7jiumpib3xdz3mx5iyo99ro	/api/v4/channels/73uy6kj1jb8wdqrf3ti6zies6r/members	name=off-topic user_id=7m6hc4oompb7mexf9muuppdd6r	172.19.0.1	hfgkq36u8b8q8g3t1km6y5zdya
iksgc7wqc3b97p8he6zwwiw68h	1672314759223	bmq7jiumpib3xdz3mx5iyo99ro	/api/v4/channels/cxtmz3ubz3gfigd5m6prendmsw/members	name=town-square user_id=7m6hc4oompb7mexf9muuppdd6r	172.19.0.1	hfgkq36u8b8q8g3t1km6y5zdya
sejigzye8jdeprtwcbbd69aegh	1672314794631	bmq7jiumpib3xdz3mx5iyo99ro	/api/v4/users/7m6hc4oompb7mexf9muuppdd6r/patch		172.19.0.1	hfgkq36u8b8q8g3t1km6y5zdya
s3zjh8erxjnouxjzo3qx3bzsuo	1672314795645	7m6hc4oompb7mexf9muuppdd6r	/api/v4/users/7m6hc4oompb7mexf9muuppdd6r/patch		172.19.0.1	azro556pa3rruy7sdsmet33mhh
wzqdde41yine5yq4uigc51zykc	1672314813170	bmq7jiumpib3xdz3mx5iyo99ro	/api/v4/channels/73uy6kj1jb8wdqrf3ti6zies6r/members	name=off-topic user_id=bmq7jiumpib3xdz3mx5iyo99ro	172.19.0.1	hfgkq36u8b8q8g3t1km6y5zdya
dctm8izyf3go3pfigdwnhaae3r	1672314813168	bmq7jiumpib3xdz3mx5iyo99ro	/api/v4/channels/cxtmz3ubz3gfigd5m6prendmsw/members	name=town-square user_id=bmq7jiumpib3xdz3mx5iyo99ro	172.19.0.1	hfgkq36u8b8q8g3t1km6y5zdya
r4iqzg97iid1mmhjq8cijx7hch	1672314813338	bmq7jiumpib3xdz3mx5iyo99ro	/api/v4/users/7m6hc4oompb7mexf9muuppdd6r/patch		172.19.0.1	hfgkq36u8b8q8g3t1km6y5zdya
9xgwdf3iepfwp84adpruuj56nr	1672314813349	bmq7jiumpib3xdz3mx5iyo99ro	/api/v4/users/7buk99iowt8mipptoftdgimmhy/patch		172.19.0.1	hfgkq36u8b8q8g3t1km6y5zdya
ud8616eqsby5pejzi4ne6s3z6o	1672314813356	bmq7jiumpib3xdz3mx5iyo99ro	/api/v4/users/7buk99iowt8mipptoftdgimmhy/patch		172.19.0.1	hfgkq36u8b8q8g3t1km6y5zdya
qt7bigkzytfkfg5fq35yzjip8y	1672314813369	bmq7jiumpib3xdz3mx5iyo99ro	/api/v4/users/7m6hc4oompb7mexf9muuppdd6r/patch		172.19.0.1	hfgkq36u8b8q8g3t1km6y5zdya
gwi38ywkopn57jz81hnst8pfne	1672314813372	bmq7jiumpib3xdz3mx5iyo99ro	/api/v4/channels/cxtmz3ubz3gfigd5m6prendmsw/members	name=town-square user_id=7m6hc4oompb7mexf9muuppdd6r	172.19.0.1	hfgkq36u8b8q8g3t1km6y5zdya
yi9rs5one3djbdkus4fai634gy	1672314813381	bmq7jiumpib3xdz3mx5iyo99ro	/api/v4/channels/cxtmz3ubz3gfigd5m6prendmsw/members	name=town-square user_id=7buk99iowt8mipptoftdgimmhy	172.19.0.1	hfgkq36u8b8q8g3t1km6y5zdya
g5n1h14hu3n6trtqfjuoibsbxh	1672314813401	bmq7jiumpib3xdz3mx5iyo99ro	/api/v4/channels/73uy6kj1jb8wdqrf3ti6zies6r/members	name=off-topic user_id=7m6hc4oompb7mexf9muuppdd6r	172.19.0.1	hfgkq36u8b8q8g3t1km6y5zdya
m4ftk5tcctnz8nfq3mjwa17beh	1672314813404	bmq7jiumpib3xdz3mx5iyo99ro	/api/v4/channels/73uy6kj1jb8wdqrf3ti6zies6r/members	name=off-topic user_id=7buk99iowt8mipptoftdgimmhy	172.19.0.1	hfgkq36u8b8q8g3t1km6y5zdya
7q35b5tg13893ma93hummw1c1y	1672314814371	5bw66y36bff3umq1q57mfy4y5c	/api/v4/channels/73uy6kj1jb8wdqrf3ti6zies6r/members/5bw66y36bff3umq1q57mfy4y5c	name=off-topic user_id=5bw66y36bff3umq1q57mfy4y5c	172.19.0.1	qdo1r3dfkj8siqfcndfi9bozjo
r3eeqmxgp7d17cwocnt84adfmr	1672314814623	5bw66y36bff3umq1q57mfy4y5c	/api/v4/channels/73uy6kj1jb8wdqrf3ti6zies6r/members	name=off-topic user_id=5bw66y36bff3umq1q57mfy4y5c	172.19.0.1	qdo1r3dfkj8siqfcndfi9bozjo
eedj7xc7afgnmmp6cg9mpddere	1672314815085	bmq7jiumpib3xdz3mx5iyo99ro	/api/v4/channels/73uy6kj1jb8wdqrf3ti6zies6r/members/7m6hc4oompb7mexf9muuppdd6r	name=off-topic user_id=7m6hc4oompb7mexf9muuppdd6r	172.19.0.1	hfgkq36u8b8q8g3t1km6y5zdya
j44n9u6fz7g5ugk8acgm33edbe	1672314815326	bmq7jiumpib3xdz3mx5iyo99ro	/api/v4/users/7m6hc4oompb7mexf9muuppdd6r/patch		172.19.0.1	hfgkq36u8b8q8g3t1km6y5zdya
wg4srfxkuir1bjbr4foymq8z8h	1672314815379	bmq7jiumpib3xdz3mx5iyo99ro	/api/v4/channels/73uy6kj1jb8wdqrf3ti6zies6r/members	name=off-topic user_id=7m6hc4oompb7mexf9muuppdd6r	172.19.0.1	hfgkq36u8b8q8g3t1km6y5zdya
e46yrfhckbr988jfkan689hkfr	1672314815584	bmq7jiumpib3xdz3mx5iyo99ro	/api/v4/channels/73uy6kj1jb8wdqrf3ti6zies6r/members/7m6hc4oompb7mexf9muuppdd6r	name=off-topic user_id=7m6hc4oompb7mexf9muuppdd6r	172.19.0.1	hfgkq36u8b8q8g3t1km6y5zdya
p3dk9ts57bbkuehtag7gxaixyo	1672314816101	bmq7jiumpib3xdz3mx5iyo99ro	/api/v4/users/7m6hc4oompb7mexf9muuppdd6r/patch		172.19.0.1	hfgkq36u8b8q8g3t1km6y5zdya
dxha5oddkbfi8x53oiea135gce	1672314816310	bmq7jiumpib3xdz3mx5iyo99ro	/api/v4/channels/73uy6kj1jb8wdqrf3ti6zies6r/members/7m6hc4oompb7mexf9muuppdd6r	name=off-topic user_id=7m6hc4oompb7mexf9muuppdd6r	172.19.0.1	hfgkq36u8b8q8g3t1km6y5zdya
ze75nsryi3r4idft3pk7xgaj4r	1672314816326	bmq7jiumpib3xdz3mx5iyo99ro	/api/v4/channels/cxtmz3ubz3gfigd5m6prendmsw/members	name=town-square user_id=7m6hc4oompb7mexf9muuppdd6r	172.19.0.1	hfgkq36u8b8q8g3t1km6y5zdya
ra1kjpnsjpyipcrc9gonrwb5ry	1672314816544	bmq7jiumpib3xdz3mx5iyo99ro	/api/v4/users/7m6hc4oompb7mexf9muuppdd6r/patch		172.19.0.1	hfgkq36u8b8q8g3t1km6y5zdya
wrga4esoc3bomja5miufkzo6fh	1672314816603	bmq7jiumpib3xdz3mx5iyo99ro	/api/v4/channels/73uy6kj1jb8wdqrf3ti6zies6r/members	name=off-topic user_id=7m6hc4oompb7mexf9muuppdd6r	172.19.0.1	hfgkq36u8b8q8g3t1km6y5zdya
qzsbebb8f3nfpkr9wbi8n9onme	1672314818482	bmq7jiumpib3xdz3mx5iyo99ro	/api/v4/channels/cxtmz3ubz3gfigd5m6prendmsw/members	name=town-square user_id=bmq7jiumpib3xdz3mx5iyo99ro	172.19.0.1	hfgkq36u8b8q8g3t1km6y5zdya
tes4z1opubf9fr7j9gjw5m951w	1672314818479	bmq7jiumpib3xdz3mx5iyo99ro	/api/v4/channels/73uy6kj1jb8wdqrf3ti6zies6r/members	name=off-topic user_id=bmq7jiumpib3xdz3mx5iyo99ro	172.19.0.1	hfgkq36u8b8q8g3t1km6y5zdya
8i4spd81ktnrudiwthnh5h8txa	1672314818688	bmq7jiumpib3xdz3mx5iyo99ro	/api/v4/users/7buk99iowt8mipptoftdgimmhy/patch		172.19.0.1	hfgkq36u8b8q8g3t1km6y5zdya
os77u33ymtbq9ynm3o7m8edhph	1672314818693	bmq7jiumpib3xdz3mx5iyo99ro	/api/v4/users/7buk99iowt8mipptoftdgimmhy/patch		172.19.0.1	hfgkq36u8b8q8g3t1km6y5zdya
5nbb5apxetdb38w5abk17ftdsc	1672314818695	bmq7jiumpib3xdz3mx5iyo99ro	/api/v4/users/7m6hc4oompb7mexf9muuppdd6r/patch		172.19.0.1	hfgkq36u8b8q8g3t1km6y5zdya
77ac1teqa7dnj8ko7o4xpjbrje	1672314818725	bmq7jiumpib3xdz3mx5iyo99ro	/api/v4/users/7m6hc4oompb7mexf9muuppdd6r/patch		172.19.0.1	hfgkq36u8b8q8g3t1km6y5zdya
7e9d75qb8ig9tgteh6w9aphcuh	1672314818926	bmq7jiumpib3xdz3mx5iyo99ro	/api/v4/channels/73uy6kj1jb8wdqrf3ti6zies6r/members	name=off-topic user_id=7buk99iowt8mipptoftdgimmhy	172.19.0.1	hfgkq36u8b8q8g3t1km6y5zdya
6zf97zz7oj8p7efs94e1pxa7ba	1672314828547	bmq7jiumpib3xdz3mx5iyo99ro	/api/v4/channels/cxtmz3ubz3gfigd5m6prendmsw/members	name=town-square user_id=bmq7jiumpib3xdz3mx5iyo99ro	172.19.0.1	hfgkq36u8b8q8g3t1km6y5zdya
zduqppaftfryuea3f47e9ouu6c	1672314835857	bmq7jiumpib3xdz3mx5iyo99ro	/api/v4/users/7buk99iowt8mipptoftdgimmhy/patch		172.19.0.1	hfgkq36u8b8q8g3t1km6y5zdya
pp89gjcqijfo5mth9udfonokrc	1672314835916	bmq7jiumpib3xdz3mx5iyo99ro	/api/v4/users/7m6hc4oompb7mexf9muuppdd6r/patch		172.19.0.1	hfgkq36u8b8q8g3t1km6y5zdya
q4az1dtc7jyyudgychoudhgs7c	1672314856871	bmq7jiumpib3xdz3mx5iyo99ro	/api/v4/users/7buk99iowt8mipptoftdgimmhy/patch		172.19.0.1	hfgkq36u8b8q8g3t1km6y5zdya
yqqwayidrb8bt8syf8jizj44de	1672314856952	bmq7jiumpib3xdz3mx5iyo99ro	/api/v4/channels/cxtmz3ubz3gfigd5m6prendmsw/members	name=town-square user_id=7buk99iowt8mipptoftdgimmhy	172.19.0.1	hfgkq36u8b8q8g3t1km6y5zdya
wja59xxaaff39ehtuaprwqiygh	1672314860905	bmq7jiumpib3xdz3mx5iyo99ro	/api/v4/channels/cxtmz3ubz3gfigd5m6prendmsw/members	name=town-square user_id=7buk99iowt8mipptoftdgimmhy	172.19.0.1	hfgkq36u8b8q8g3t1km6y5zdya
peohqopcibbkbgjgmi5bchwcuw	1672314860922	bmq7jiumpib3xdz3mx5iyo99ro	/api/v4/users/7m6hc4oompb7mexf9muuppdd6r/patch		172.19.0.1	hfgkq36u8b8q8g3t1km6y5zdya
mq3azyzidtfuzb17xchcyq7yur	1672314860957	bmq7jiumpib3xdz3mx5iyo99ro	/api/v4/channels/73uy6kj1jb8wdqrf3ti6zies6r/members	name=off-topic user_id=7m6hc4oompb7mexf9muuppdd6r	172.19.0.1	hfgkq36u8b8q8g3t1km6y5zdya
89ewmuf9ni8q8dezxtth6ke4ty	1672314818902	bmq7jiumpib3xdz3mx5iyo99ro	/api/v4/channels/cxtmz3ubz3gfigd5m6prendmsw/members	name=town-square user_id=7m6hc4oompb7mexf9muuppdd6r	172.19.0.1	hfgkq36u8b8q8g3t1km6y5zdya
jppr859sntrgdbin4cyg9mz36a	1672314818938	bmq7jiumpib3xdz3mx5iyo99ro	/api/v4/channels/cxtmz3ubz3gfigd5m6prendmsw/members	name=town-square user_id=7buk99iowt8mipptoftdgimmhy	172.19.0.1	hfgkq36u8b8q8g3t1km6y5zdya
me4twqezzpgh88nbhsrc7ajmnh	1672314828716	bmq7jiumpib3xdz3mx5iyo99ro	/api/v4/users/7buk99iowt8mipptoftdgimmhy/patch		172.19.0.1	hfgkq36u8b8q8g3t1km6y5zdya
n91e9cspgb8k9fdmuru4hfe75o	1672314828738	bmq7jiumpib3xdz3mx5iyo99ro	/api/v4/users/7m6hc4oompb7mexf9muuppdd6r/patch		172.19.0.1	hfgkq36u8b8q8g3t1km6y5zdya
5z11fp66r3n38pw4w4koswwuhc	1672314828773	bmq7jiumpib3xdz3mx5iyo99ro	/api/v4/channels/73uy6kj1jb8wdqrf3ti6zies6r/members	name=off-topic user_id=7m6hc4oompb7mexf9muuppdd6r	172.19.0.1	hfgkq36u8b8q8g3t1km6y5zdya
8cnndfa88tfgtqxzcekupu4zka	1672314835705	bmq7jiumpib3xdz3mx5iyo99ro	/api/v4/channels/cxtmz3ubz3gfigd5m6prendmsw/members	name=town-square user_id=bmq7jiumpib3xdz3mx5iyo99ro	172.19.0.1	hfgkq36u8b8q8g3t1km6y5zdya
n77wf6obc7f7jfzio6p1xpw96w	1672314835923	bmq7jiumpib3xdz3mx5iyo99ro	/api/v4/channels/73uy6kj1jb8wdqrf3ti6zies6r/members	name=off-topic user_id=7m6hc4oompb7mexf9muuppdd6r	172.19.0.1	hfgkq36u8b8q8g3t1km6y5zdya
6jhinhxopfnt9xtnjg5ukrynxe	1672314835964	bmq7jiumpib3xdz3mx5iyo99ro	/api/v4/channels/cxtmz3ubz3gfigd5m6prendmsw/members	name=town-square user_id=7m6hc4oompb7mexf9muuppdd6r	172.19.0.1	hfgkq36u8b8q8g3t1km6y5zdya
8accptyytt86d88dedxfimr53c	1672314856708	bmq7jiumpib3xdz3mx5iyo99ro	/api/v4/channels/73uy6kj1jb8wdqrf3ti6zies6r/members	name=off-topic user_id=bmq7jiumpib3xdz3mx5iyo99ro	172.19.0.1	hfgkq36u8b8q8g3t1km6y5zdya
rfbgkdxw4tnntxqsjda9m6cquo	1672314818915	bmq7jiumpib3xdz3mx5iyo99ro	/api/v4/channels/73uy6kj1jb8wdqrf3ti6zies6r/members	name=off-topic user_id=7m6hc4oompb7mexf9muuppdd6r	172.19.0.1	hfgkq36u8b8q8g3t1km6y5zdya
augkky83wjg4myb31sroiyp3jo	1672314828710	bmq7jiumpib3xdz3mx5iyo99ro	/api/v4/users/7m6hc4oompb7mexf9muuppdd6r/patch		172.19.0.1	hfgkq36u8b8q8g3t1km6y5zdya
9spb16bdftf3xm8n16gusj6kdc	1672314828729	bmq7jiumpib3xdz3mx5iyo99ro	/api/v4/channels/cxtmz3ubz3gfigd5m6prendmsw/members	name=town-square user_id=7buk99iowt8mipptoftdgimmhy	172.19.0.1	hfgkq36u8b8q8g3t1km6y5zdya
xobi7c45bpbgxqwrggqwfmmmrc	1672314835699	bmq7jiumpib3xdz3mx5iyo99ro	/api/v4/channels/73uy6kj1jb8wdqrf3ti6zies6r/members	name=off-topic user_id=bmq7jiumpib3xdz3mx5iyo99ro	172.19.0.1	hfgkq36u8b8q8g3t1km6y5zdya
doj16s4hrfd13fztkgfc7g7tbe	1672314835875	bmq7jiumpib3xdz3mx5iyo99ro	/api/v4/users/7m6hc4oompb7mexf9muuppdd6r/patch		172.19.0.1	hfgkq36u8b8q8g3t1km6y5zdya
sf6zbc1q5j8f58borbraygbzgc	1672314835921	bmq7jiumpib3xdz3mx5iyo99ro	/api/v4/channels/cxtmz3ubz3gfigd5m6prendmsw/members	name=town-square user_id=7buk99iowt8mipptoftdgimmhy	172.19.0.1	hfgkq36u8b8q8g3t1km6y5zdya
o4diw7cwy7dsfdtujjn3k3yqwr	1672314856919	bmq7jiumpib3xdz3mx5iyo99ro	/api/v4/users/7m6hc4oompb7mexf9muuppdd6r/patch		172.19.0.1	hfgkq36u8b8q8g3t1km6y5zdya
ywprfn3yq3n39fk46z3rh3ac9r	1672314856930	bmq7jiumpib3xdz3mx5iyo99ro	/api/v4/channels/73uy6kj1jb8wdqrf3ti6zies6r/members	name=off-topic user_id=7buk99iowt8mipptoftdgimmhy	172.19.0.1	hfgkq36u8b8q8g3t1km6y5zdya
t6kspz7gnf8hidkpw4g4six8jw	1672314856952	bmq7jiumpib3xdz3mx5iyo99ro	/api/v4/channels/73uy6kj1jb8wdqrf3ti6zies6r/members	name=off-topic user_id=7m6hc4oompb7mexf9muuppdd6r	172.19.0.1	hfgkq36u8b8q8g3t1km6y5zdya
wgq1ua43rbycurqrnpg5edyejo	1672314860737	bmq7jiumpib3xdz3mx5iyo99ro	/api/v4/channels/73uy6kj1jb8wdqrf3ti6zies6r/members	name=off-topic user_id=bmq7jiumpib3xdz3mx5iyo99ro	172.19.0.1	hfgkq36u8b8q8g3t1km6y5zdya
fxf5wy7wobnb8d74cerj8psunw	1672314860881	bmq7jiumpib3xdz3mx5iyo99ro	/api/v4/users/7buk99iowt8mipptoftdgimmhy/patch		172.19.0.1	hfgkq36u8b8q8g3t1km6y5zdya
xpquuup3htnzzgwnxaw7zb8boo	1672314860918	bmq7jiumpib3xdz3mx5iyo99ro	/api/v4/users/7m6hc4oompb7mexf9muuppdd6r/patch		172.19.0.1	hfgkq36u8b8q8g3t1km6y5zdya
9gdo8d1zrbrrtxqo53t7w1mx4o	1672314860952	bmq7jiumpib3xdz3mx5iyo99ro	/api/v4/channels/73uy6kj1jb8wdqrf3ti6zies6r/members	name=off-topic user_id=7buk99iowt8mipptoftdgimmhy	172.19.0.1	hfgkq36u8b8q8g3t1km6y5zdya
5gdtkrnej3d83rfns3bduirm7e	1672314828529	bmq7jiumpib3xdz3mx5iyo99ro	/api/v4/channels/73uy6kj1jb8wdqrf3ti6zies6r/members	name=off-topic user_id=bmq7jiumpib3xdz3mx5iyo99ro	172.19.0.1	hfgkq36u8b8q8g3t1km6y5zdya
5ccn7fjby7gd58s4gebf6hwo6h	1672314828683	bmq7jiumpib3xdz3mx5iyo99ro	/api/v4/users/7buk99iowt8mipptoftdgimmhy/patch		172.19.0.1	hfgkq36u8b8q8g3t1km6y5zdya
5fjfzimqj7n78gmkeqjnntz3ph	1672314828745	bmq7jiumpib3xdz3mx5iyo99ro	/api/v4/channels/cxtmz3ubz3gfigd5m6prendmsw/members	name=town-square user_id=7m6hc4oompb7mexf9muuppdd6r	172.19.0.1	hfgkq36u8b8q8g3t1km6y5zdya
7s73a8gztb87if66dpr4z16z9h	1672314828766	bmq7jiumpib3xdz3mx5iyo99ro	/api/v4/channels/73uy6kj1jb8wdqrf3ti6zies6r/members	name=off-topic user_id=7buk99iowt8mipptoftdgimmhy	172.19.0.1	hfgkq36u8b8q8g3t1km6y5zdya
dms76iy3hpbamcjpn1t8w71oke	1672314835874	bmq7jiumpib3xdz3mx5iyo99ro	/api/v4/users/7buk99iowt8mipptoftdgimmhy/patch		172.19.0.1	hfgkq36u8b8q8g3t1km6y5zdya
xtnxfkxh5jn6iq3s4xsrkru4uh	1672314835907	bmq7jiumpib3xdz3mx5iyo99ro	/api/v4/channels/73uy6kj1jb8wdqrf3ti6zies6r/members	name=off-topic user_id=7buk99iowt8mipptoftdgimmhy	172.19.0.1	hfgkq36u8b8q8g3t1km6y5zdya
98ebtt66ejfqzy9oxw416z4taw	1672314856710	bmq7jiumpib3xdz3mx5iyo99ro	/api/v4/channels/cxtmz3ubz3gfigd5m6prendmsw/members	name=town-square user_id=bmq7jiumpib3xdz3mx5iyo99ro	172.19.0.1	hfgkq36u8b8q8g3t1km6y5zdya
47oqnq7ratnbdksqzjh3e763jc	1672314856920	bmq7jiumpib3xdz3mx5iyo99ro	/api/v4/users/7buk99iowt8mipptoftdgimmhy/patch		172.19.0.1	hfgkq36u8b8q8g3t1km6y5zdya
quffzmtmufd9trwwwc8hiaggxc	1672314856930	bmq7jiumpib3xdz3mx5iyo99ro	/api/v4/users/7m6hc4oompb7mexf9muuppdd6r/patch		172.19.0.1	hfgkq36u8b8q8g3t1km6y5zdya
dzjypk4p1tr3deowut3pa5scpc	1672314856967	bmq7jiumpib3xdz3mx5iyo99ro	/api/v4/channels/cxtmz3ubz3gfigd5m6prendmsw/members	name=town-square user_id=7m6hc4oompb7mexf9muuppdd6r	172.19.0.1	hfgkq36u8b8q8g3t1km6y5zdya
ckf9mdkr3tns8qcofzh3jatc1e	1672314860748	bmq7jiumpib3xdz3mx5iyo99ro	/api/v4/channels/cxtmz3ubz3gfigd5m6prendmsw/members	name=town-square user_id=bmq7jiumpib3xdz3mx5iyo99ro	172.19.0.1	hfgkq36u8b8q8g3t1km6y5zdya
xgmtg4dpwbrc9yp9y94os5jddw	1672314860899	bmq7jiumpib3xdz3mx5iyo99ro	/api/v4/users/7buk99iowt8mipptoftdgimmhy/patch		172.19.0.1	hfgkq36u8b8q8g3t1km6y5zdya
t5qbcffim7guu81uijsc54jb7w	1672314860955	bmq7jiumpib3xdz3mx5iyo99ro	/api/v4/channels/cxtmz3ubz3gfigd5m6prendmsw/members	name=town-square user_id=7m6hc4oompb7mexf9muuppdd6r	172.19.0.1	hfgkq36u8b8q8g3t1km6y5zdya
y1yjnzggqpdpfx1jtcj91gwkzy	1672315002980	bmq7jiumpib3xdz3mx5iyo99ro	/api/v4/channels/73uy6kj1jb8wdqrf3ti6zies6r/members	name=off-topic user_id=bmq7jiumpib3xdz3mx5iyo99ro	172.19.0.1	hfgkq36u8b8q8g3t1km6y5zdya
i9uo1ey9ipb7bncnytdxxhqwae	1672315002992	bmq7jiumpib3xdz3mx5iyo99ro	/api/v4/channels/cxtmz3ubz3gfigd5m6prendmsw/members	name=town-square user_id=bmq7jiumpib3xdz3mx5iyo99ro	172.19.0.1	hfgkq36u8b8q8g3t1km6y5zdya
rfu5fpqxr3d8fpsxjuqwak6fga	1672315003186	bmq7jiumpib3xdz3mx5iyo99ro	/api/v4/users/7m6hc4oompb7mexf9muuppdd6r/patch		172.19.0.1	hfgkq36u8b8q8g3t1km6y5zdya
wdw13jibu38rbn4eofc9enmzjh	1672315003207	bmq7jiumpib3xdz3mx5iyo99ro	/api/v4/users/7buk99iowt8mipptoftdgimmhy/patch		172.19.0.1	hfgkq36u8b8q8g3t1km6y5zdya
mw94kfn98fg1xfde9n9hgfm7bo	1672315003252	bmq7jiumpib3xdz3mx5iyo99ro	/api/v4/channels/cxtmz3ubz3gfigd5m6prendmsw/members	name=town-square user_id=7m6hc4oompb7mexf9muuppdd6r	172.19.0.1	hfgkq36u8b8q8g3t1km6y5zdya
b7zi1ji6ibgj3ra44fwb1ei3wr	1672315003253	bmq7jiumpib3xdz3mx5iyo99ro	/api/v4/users/7m6hc4oompb7mexf9muuppdd6r/patch		172.19.0.1	hfgkq36u8b8q8g3t1km6y5zdya
o1yc4t7bkpbs3yfqy9baccb4my	1672315003258	bmq7jiumpib3xdz3mx5iyo99ro	/api/v4/users/7buk99iowt8mipptoftdgimmhy/patch		172.19.0.1	hfgkq36u8b8q8g3t1km6y5zdya
ukuqawdbwif5bnqdzdjgw9oypy	1672315003269	bmq7jiumpib3xdz3mx5iyo99ro	/api/v4/channels/cxtmz3ubz3gfigd5m6prendmsw/members	name=town-square user_id=7buk99iowt8mipptoftdgimmhy	172.19.0.1	hfgkq36u8b8q8g3t1km6y5zdya
di11ep7zufg9jy54ubz47bmgee	1672315003277	bmq7jiumpib3xdz3mx5iyo99ro	/api/v4/channels/73uy6kj1jb8wdqrf3ti6zies6r/members	name=off-topic user_id=7m6hc4oompb7mexf9muuppdd6r	172.19.0.1	hfgkq36u8b8q8g3t1km6y5zdya
dnssbkx6r3gh8ynpnxrjw93r6r	1672315003286	bmq7jiumpib3xdz3mx5iyo99ro	/api/v4/channels/73uy6kj1jb8wdqrf3ti6zies6r/members	name=off-topic user_id=7buk99iowt8mipptoftdgimmhy	172.19.0.1	hfgkq36u8b8q8g3t1km6y5zdya
15ks1suxcj868gtpkniqx8tnao	1672315007984	bmq7jiumpib3xdz3mx5iyo99ro	/api/v4/channels/cxtmz3ubz3gfigd5m6prendmsw/members	name=town-square user_id=bmq7jiumpib3xdz3mx5iyo99ro	172.19.0.1	hfgkq36u8b8q8g3t1km6y5zdya
78rgqgxtdb8nzc5uid3bej4xzw	1672315007993	bmq7jiumpib3xdz3mx5iyo99ro	/api/v4/channels/73uy6kj1jb8wdqrf3ti6zies6r/members	name=off-topic user_id=bmq7jiumpib3xdz3mx5iyo99ro	172.19.0.1	hfgkq36u8b8q8g3t1km6y5zdya
iaq3pts97bngz8dmk34gjhtfze	1672315008149	bmq7jiumpib3xdz3mx5iyo99ro	/api/v4/users/7m6hc4oompb7mexf9muuppdd6r/patch		172.19.0.1	hfgkq36u8b8q8g3t1km6y5zdya
7c9j5fndmfg5tnerjtnocbucio	1672315008153	bmq7jiumpib3xdz3mx5iyo99ro	/api/v4/users/7buk99iowt8mipptoftdgimmhy/patch		172.19.0.1	hfgkq36u8b8q8g3t1km6y5zdya
uz9ntxmxmifh8rhnzbshdris9w	1672315008179	bmq7jiumpib3xdz3mx5iyo99ro	/api/v4/channels/cxtmz3ubz3gfigd5m6prendmsw/members	name=town-square user_id=7buk99iowt8mipptoftdgimmhy	172.19.0.1	hfgkq36u8b8q8g3t1km6y5zdya
45wbpgz1q7rkfmmjrbby6msaew	1672315008187	bmq7jiumpib3xdz3mx5iyo99ro	/api/v4/channels/cxtmz3ubz3gfigd5m6prendmsw/members	name=town-square user_id=7m6hc4oompb7mexf9muuppdd6r	172.19.0.1	hfgkq36u8b8q8g3t1km6y5zdya
6zt6bw611jd4zjjxpe5bjcki7r	1672315008192	bmq7jiumpib3xdz3mx5iyo99ro	/api/v4/users/7m6hc4oompb7mexf9muuppdd6r/patch		172.19.0.1	hfgkq36u8b8q8g3t1km6y5zdya
snkxqd6t6pghzrdfuwfcti5kry	1672315008228	bmq7jiumpib3xdz3mx5iyo99ro	/api/v4/channels/73uy6kj1jb8wdqrf3ti6zies6r/members	name=off-topic user_id=7m6hc4oompb7mexf9muuppdd6r	172.19.0.1	hfgkq36u8b8q8g3t1km6y5zdya
nr7njoq41iy958czpkjymmt9fa	1672315008232	bmq7jiumpib3xdz3mx5iyo99ro	/api/v4/users/7buk99iowt8mipptoftdgimmhy/patch		172.19.0.1	hfgkq36u8b8q8g3t1km6y5zdya
ywf7cjiqatnx3dskqyxywqbrzo	1672315008281	bmq7jiumpib3xdz3mx5iyo99ro	/api/v4/channels/73uy6kj1jb8wdqrf3ti6zies6r/members	name=off-topic user_id=7buk99iowt8mipptoftdgimmhy	172.19.0.1	hfgkq36u8b8q8g3t1km6y5zdya
a6u76zmanpy87cgak4nnepsiuo	1672315353320	bmq7jiumpib3xdz3mx5iyo99ro	/api/v4/channels/cxtmz3ubz3gfigd5m6prendmsw/members	name=town-square user_id=bmq7jiumpib3xdz3mx5iyo99ro	172.19.0.1	hfgkq36u8b8q8g3t1km6y5zdya
sehnh7qnmtnjtntjahddco9jdw	1672315353323	bmq7jiumpib3xdz3mx5iyo99ro	/api/v4/channels/73uy6kj1jb8wdqrf3ti6zies6r/members	name=off-topic user_id=bmq7jiumpib3xdz3mx5iyo99ro	172.19.0.1	hfgkq36u8b8q8g3t1km6y5zdya
dk8izbby638z5jz8xtbbd6x8uw	1672315353472	bmq7jiumpib3xdz3mx5iyo99ro	/api/v4/users/7buk99iowt8mipptoftdgimmhy/patch		172.19.0.1	hfgkq36u8b8q8g3t1km6y5zdya
amumumd8jp8ei8xun6hn35fg1h	1672315353475	bmq7jiumpib3xdz3mx5iyo99ro	/api/v4/users/7m6hc4oompb7mexf9muuppdd6r/patch		172.19.0.1	hfgkq36u8b8q8g3t1km6y5zdya
mzion499opfi5meao9fk94ujro	1672315353512	bmq7jiumpib3xdz3mx5iyo99ro	/api/v4/channels/73uy6kj1jb8wdqrf3ti6zies6r/members	name=off-topic user_id=7m6hc4oompb7mexf9muuppdd6r	172.19.0.1	hfgkq36u8b8q8g3t1km6y5zdya
31pmutxdj3yo3xqka7w1yzr1no	1672315353516	bmq7jiumpib3xdz3mx5iyo99ro	/api/v4/channels/73uy6kj1jb8wdqrf3ti6zies6r/members	name=off-topic user_id=7buk99iowt8mipptoftdgimmhy	172.19.0.1	hfgkq36u8b8q8g3t1km6y5zdya
8xgqrqkxaigy8gffjg4t6xmyky	1672315353521	bmq7jiumpib3xdz3mx5iyo99ro	/api/v4/users/7m6hc4oompb7mexf9muuppdd6r/patch		172.19.0.1	hfgkq36u8b8q8g3t1km6y5zdya
ie1wtoxpwbbbiec6fuudo1ux9r	1672315353527	bmq7jiumpib3xdz3mx5iyo99ro	/api/v4/users/7buk99iowt8mipptoftdgimmhy/patch		172.19.0.1	hfgkq36u8b8q8g3t1km6y5zdya
szqdy6qg4idsdd5yf4wk3gkm1c	1672315353558	bmq7jiumpib3xdz3mx5iyo99ro	/api/v4/channels/cxtmz3ubz3gfigd5m6prendmsw/members	name=town-square user_id=7m6hc4oompb7mexf9muuppdd6r	172.19.0.1	hfgkq36u8b8q8g3t1km6y5zdya
wn1rpewbifng9ghjjcuypnewuh	1672315423038	bmq7jiumpib3xdz3mx5iyo99ro	/api/v4/channels/cxtmz3ubz3gfigd5m6prendmsw/members	name=town-square user_id=bmq7jiumpib3xdz3mx5iyo99ro	172.19.0.1	hfgkq36u8b8q8g3t1km6y5zdya
eh18wcb9rfryjmfezq1by7hpfy	1672315423245	bmq7jiumpib3xdz3mx5iyo99ro	/api/v4/channels/cxtmz3ubz3gfigd5m6prendmsw/members	name=town-square user_id=7buk99iowt8mipptoftdgimmhy	172.19.0.1	hfgkq36u8b8q8g3t1km6y5zdya
p6ht84gjcbbhip3tos9sz53fxh	1672317589728	bmq7jiumpib3xdz3mx5iyo99ro	/api/v4/users/7buk99iowt8mipptoftdgimmhy/patch		172.19.0.1	hfgkq36u8b8q8g3t1km6y5zdya
7niayqxu5bfebejj478qybyq1a	1672317589773	bmq7jiumpib3xdz3mx5iyo99ro	/api/v4/channels/cxtmz3ubz3gfigd5m6prendmsw/members	name=town-square user_id=7buk99iowt8mipptoftdgimmhy	172.19.0.1	hfgkq36u8b8q8g3t1km6y5zdya
18rbchy54fy83fyggwwhpujq1y	1672317657433	bmq7jiumpib3xdz3mx5iyo99ro	/api/v4/channels/cxtmz3ubz3gfigd5m6prendmsw/members	name=town-square user_id=7m6hc4oompb7mexf9muuppdd6r	172.19.0.1	hfgkq36u8b8q8g3t1km6y5zdya
ckzz1tw9ztfxzq4et18tnoakhc	1672317896430	bmq7jiumpib3xdz3mx5iyo99ro	/api/v4/users/7m6hc4oompb7mexf9muuppdd6r/patch		172.19.0.1	hfgkq36u8b8q8g3t1km6y5zdya
7ygckao3pjbk8q4c4c9u9bfi5e	1672317900510	bmq7jiumpib3xdz3mx5iyo99ro	/api/v4/channels/cxtmz3ubz3gfigd5m6prendmsw/members	name=town-square user_id=7m6hc4oompb7mexf9muuppdd6r	172.19.0.1	hfgkq36u8b8q8g3t1km6y5zdya
cfmn4zugnigitcu6hd3r8smtfc	1672317962918	bmq7jiumpib3xdz3mx5iyo99ro	/api/v4/channels/cxtmz3ubz3gfigd5m6prendmsw/members	name=town-square user_id=7buk99iowt8mipptoftdgimmhy	172.19.0.1	hfgkq36u8b8q8g3t1km6y5zdya
8ksk591cbidcf84kfzoa6n3k4o	1672315423041	bmq7jiumpib3xdz3mx5iyo99ro	/api/v4/channels/73uy6kj1jb8wdqrf3ti6zies6r/members	name=off-topic user_id=bmq7jiumpib3xdz3mx5iyo99ro	172.19.0.1	hfgkq36u8b8q8g3t1km6y5zdya
58i86sdp7pg6tya4etmmk3jk3c	1672317652906	bmq7jiumpib3xdz3mx5iyo99ro	/api/v4/users/7buk99iowt8mipptoftdgimmhy/patch		172.19.0.1	hfgkq36u8b8q8g3t1km6y5zdya
ctieg89by7f1j81wcxexzcpdjc	1672317652962	bmq7jiumpib3xdz3mx5iyo99ro	/api/v4/users/7buk99iowt8mipptoftdgimmhy/patch		172.19.0.1	hfgkq36u8b8q8g3t1km6y5zdya
enmjm3pkf3bz8yqjw6tey35she	1672317657390	bmq7jiumpib3xdz3mx5iyo99ro	/api/v4/channels/cxtmz3ubz3gfigd5m6prendmsw/members	name=town-square user_id=7buk99iowt8mipptoftdgimmhy	172.19.0.1	hfgkq36u8b8q8g3t1km6y5zdya
tw3ay5aemigsxf3mnwag6bcyjw	1672317900488	bmq7jiumpib3xdz3mx5iyo99ro	/api/v4/channels/cxtmz3ubz3gfigd5m6prendmsw/members	name=town-square user_id=7buk99iowt8mipptoftdgimmhy	172.19.0.1	hfgkq36u8b8q8g3t1km6y5zdya
jm4metqpq388pjju6q7d875azh	1672315423190	bmq7jiumpib3xdz3mx5iyo99ro	/api/v4/users/7buk99iowt8mipptoftdgimmhy/patch		172.19.0.1	hfgkq36u8b8q8g3t1km6y5zdya
ctc99gdubpfuuf4wdko3cwmkbw	1672317652744	bmq7jiumpib3xdz3mx5iyo99ro	/api/v4/channels/cxtmz3ubz3gfigd5m6prendmsw/members	name=town-square user_id=bmq7jiumpib3xdz3mx5iyo99ro	172.19.0.1	hfgkq36u8b8q8g3t1km6y5zdya
q7o8zw1dg7rui88hfbey35wu4y	1672317652998	bmq7jiumpib3xdz3mx5iyo99ro	/api/v4/channels/cxtmz3ubz3gfigd5m6prendmsw/members	name=town-square user_id=7m6hc4oompb7mexf9muuppdd6r	172.19.0.1	hfgkq36u8b8q8g3t1km6y5zdya
xpueniwxyjnwib7hydh9gec67r	1672317900421	bmq7jiumpib3xdz3mx5iyo99ro	/api/v4/users/7buk99iowt8mipptoftdgimmhy/patch		172.19.0.1	hfgkq36u8b8q8g3t1km6y5zdya
ssqsqe681brbtcbgr81n6r941e	1672317900454	bmq7jiumpib3xdz3mx5iyo99ro	/api/v4/channels/73uy6kj1jb8wdqrf3ti6zies6r/members	name=off-topic user_id=7buk99iowt8mipptoftdgimmhy	172.19.0.1	hfgkq36u8b8q8g3t1km6y5zdya
iwj9oiijxfndtm8wt6mgqskdar	1672317962824	bmq7jiumpib3xdz3mx5iyo99ro	/api/v4/users/7buk99iowt8mipptoftdgimmhy/patch		172.19.0.1	hfgkq36u8b8q8g3t1km6y5zdya
zmnmch573jf8pjii1ts5zf3fgo	1672315423218	bmq7jiumpib3xdz3mx5iyo99ro	/api/v4/users/7m6hc4oompb7mexf9muuppdd6r/patch		172.19.0.1	hfgkq36u8b8q8g3t1km6y5zdya
t3c5mwkgy3de8qumnppsekkwty	1672317589726	bmq7jiumpib3xdz3mx5iyo99ro	/api/v4/users/7m6hc4oompb7mexf9muuppdd6r/patch		172.19.0.1	hfgkq36u8b8q8g3t1km6y5zdya
phx3w3dg7jrofxtuau7gjjm4oa	1672317589768	bmq7jiumpib3xdz3mx5iyo99ro	/api/v4/channels/73uy6kj1jb8wdqrf3ti6zies6r/members	name=off-topic user_id=7buk99iowt8mipptoftdgimmhy	172.19.0.1	hfgkq36u8b8q8g3t1km6y5zdya
89n6ao6413bg5frrfr3dyrsn5h	1672317652982	bmq7jiumpib3xdz3mx5iyo99ro	/api/v4/channels/73uy6kj1jb8wdqrf3ti6zies6r/members	name=off-topic user_id=7buk99iowt8mipptoftdgimmhy	172.19.0.1	hfgkq36u8b8q8g3t1km6y5zdya
ixxmrhgjg7ntmmd5pd3jtnyg4a	1672317657153	bmq7jiumpib3xdz3mx5iyo99ro	/api/v4/channels/cxtmz3ubz3gfigd5m6prendmsw/members	name=town-square user_id=bmq7jiumpib3xdz3mx5iyo99ro	172.19.0.1	hfgkq36u8b8q8g3t1km6y5zdya
w3bdjarhyprs9mn9i8py14a5mo	1672317657321	bmq7jiumpib3xdz3mx5iyo99ro	/api/v4/users/7m6hc4oompb7mexf9muuppdd6r/patch		172.19.0.1	hfgkq36u8b8q8g3t1km6y5zdya
h1i1h6wqh3brxnigohg7hwi1hc	1672317657363	bmq7jiumpib3xdz3mx5iyo99ro	/api/v4/users/7buk99iowt8mipptoftdgimmhy/patch		172.19.0.1	hfgkq36u8b8q8g3t1km6y5zdya
huzdq8ugztnixfsjb6568hhroy	1672317896418	bmq7jiumpib3xdz3mx5iyo99ro	/api/v4/channels/cxtmz3ubz3gfigd5m6prendmsw/members	name=town-square user_id=7buk99iowt8mipptoftdgimmhy	172.19.0.1	hfgkq36u8b8q8g3t1km6y5zdya
4fgikbaxdjrstmr1tpafjwrkse	1672317896445	bmq7jiumpib3xdz3mx5iyo99ro	/api/v4/channels/cxtmz3ubz3gfigd5m6prendmsw/members	name=town-square user_id=7m6hc4oompb7mexf9muuppdd6r	172.19.0.1	hfgkq36u8b8q8g3t1km6y5zdya
z8fknjws9tfbdckaxui3jqgquh	1672317900478	bmq7jiumpib3xdz3mx5iyo99ro	/api/v4/channels/73uy6kj1jb8wdqrf3ti6zies6r/members	name=off-topic user_id=7m6hc4oompb7mexf9muuppdd6r	172.19.0.1	hfgkq36u8b8q8g3t1km6y5zdya
x7xekzgbrpnaidzzyzx7yabxoc	1672317962855	bmq7jiumpib3xdz3mx5iyo99ro	/api/v4/users/7m6hc4oompb7mexf9muuppdd6r/patch		172.19.0.1	hfgkq36u8b8q8g3t1km6y5zdya
btjun535sfymmc1izb5ggjxziy	1672317962897	bmq7jiumpib3xdz3mx5iyo99ro	/api/v4/users/7m6hc4oompb7mexf9muuppdd6r/patch		172.19.0.1	hfgkq36u8b8q8g3t1km6y5zdya
7h3413bnb7yf9mcnqxnqo7ppdy	1672315423227	bmq7jiumpib3xdz3mx5iyo99ro	/api/v4/users/7buk99iowt8mipptoftdgimmhy/patch		172.19.0.1	hfgkq36u8b8q8g3t1km6y5zdya
thptc4zwjjfdxp4inhti5qgw8c	1672317589507	bmq7jiumpib3xdz3mx5iyo99ro	/api/v4/channels/73uy6kj1jb8wdqrf3ti6zies6r/members	name=off-topic user_id=bmq7jiumpib3xdz3mx5iyo99ro	172.19.0.1	hfgkq36u8b8q8g3t1km6y5zdya
d37w6k9it3gpze4171aqh9944h	1672317589775	bmq7jiumpib3xdz3mx5iyo99ro	/api/v4/channels/cxtmz3ubz3gfigd5m6prendmsw/members	name=town-square user_id=7m6hc4oompb7mexf9muuppdd6r	172.19.0.1	hfgkq36u8b8q8g3t1km6y5zdya
j3yozogkkj8ptk3pe4b49qid1a	1672317657303	bmq7jiumpib3xdz3mx5iyo99ro	/api/v4/users/7buk99iowt8mipptoftdgimmhy/patch		172.19.0.1	hfgkq36u8b8q8g3t1km6y5zdya
bc4hsfqhe3d5dkyt9r56aaermo	1672317896414	bmq7jiumpib3xdz3mx5iyo99ro	/api/v4/users/7m6hc4oompb7mexf9muuppdd6r/patch		172.19.0.1	hfgkq36u8b8q8g3t1km6y5zdya
xdzstndd1bddt8fs8hthyfjuqh	1672317896445	bmq7jiumpib3xdz3mx5iyo99ro	/api/v4/channels/73uy6kj1jb8wdqrf3ti6zies6r/members	name=off-topic user_id=7m6hc4oompb7mexf9muuppdd6r	172.19.0.1	hfgkq36u8b8q8g3t1km6y5zdya
ezka83abojbnfbigck1wekp19w	1672317962664	bmq7jiumpib3xdz3mx5iyo99ro	/api/v4/channels/cxtmz3ubz3gfigd5m6prendmsw/members	name=town-square user_id=bmq7jiumpib3xdz3mx5iyo99ro	172.19.0.1	hfgkq36u8b8q8g3t1km6y5zdya
38s9ztnutjnfzxkfr6hst7yqza	1672315423261	bmq7jiumpib3xdz3mx5iyo99ro	/api/v4/channels/73uy6kj1jb8wdqrf3ti6zies6r/members	name=off-topic user_id=7m6hc4oompb7mexf9muuppdd6r	172.19.0.1	hfgkq36u8b8q8g3t1km6y5zdya
x146by9jyjd68qm4kptq958i1a	1672317652735	bmq7jiumpib3xdz3mx5iyo99ro	/api/v4/channels/73uy6kj1jb8wdqrf3ti6zies6r/members	name=off-topic user_id=bmq7jiumpib3xdz3mx5iyo99ro	172.19.0.1	hfgkq36u8b8q8g3t1km6y5zdya
14jas8sihpb8m8g4grsxn9kcfw	1672317652928	bmq7jiumpib3xdz3mx5iyo99ro	/api/v4/users/7m6hc4oompb7mexf9muuppdd6r/patch		172.19.0.1	hfgkq36u8b8q8g3t1km6y5zdya
9uox8hrf53dujjf3yym1wzk38r	1672317657161	bmq7jiumpib3xdz3mx5iyo99ro	/api/v4/channels/73uy6kj1jb8wdqrf3ti6zies6r/members	name=off-topic user_id=bmq7jiumpib3xdz3mx5iyo99ro	172.19.0.1	hfgkq36u8b8q8g3t1km6y5zdya
oteriq8m6bnipen7j5czrscoor	1672317657334	bmq7jiumpib3xdz3mx5iyo99ro	/api/v4/channels/73uy6kj1jb8wdqrf3ti6zies6r/members	name=off-topic user_id=7buk99iowt8mipptoftdgimmhy	172.19.0.1	hfgkq36u8b8q8g3t1km6y5zdya
3b4br715qjd6mqioggapwcokgc	1672317900455	bmq7jiumpib3xdz3mx5iyo99ro	/api/v4/users/7m6hc4oompb7mexf9muuppdd6r/patch		172.19.0.1	hfgkq36u8b8q8g3t1km6y5zdya
pr8sm5brbbdp7r1gx1pc73qjya	1672315423275	bmq7jiumpib3xdz3mx5iyo99ro	/api/v4/channels/73uy6kj1jb8wdqrf3ti6zies6r/members	name=off-topic user_id=7buk99iowt8mipptoftdgimmhy	172.19.0.1	hfgkq36u8b8q8g3t1km6y5zdya
4szkukmzstr5zqypxbiffqe4fw	1672317652980	bmq7jiumpib3xdz3mx5iyo99ro	/api/v4/users/7m6hc4oompb7mexf9muuppdd6r/patch		172.19.0.1	hfgkq36u8b8q8g3t1km6y5zdya
eisaexrn6bg8myyuwewagxhw6o	1672317900452	bmq7jiumpib3xdz3mx5iyo99ro	/api/v4/users/7buk99iowt8mipptoftdgimmhy/patch		172.19.0.1	hfgkq36u8b8q8g3t1km6y5zdya
eyg3y74st7dpukgruykb9pqxto	1672317962909	bmq7jiumpib3xdz3mx5iyo99ro	/api/v4/channels/73uy6kj1jb8wdqrf3ti6zies6r/members	name=off-topic user_id=7m6hc4oompb7mexf9muuppdd6r	172.19.0.1	hfgkq36u8b8q8g3t1km6y5zdya
1c5tbinyb3nzzn8gmeyweqdcdr	1672315423289	bmq7jiumpib3xdz3mx5iyo99ro	/api/v4/users/7m6hc4oompb7mexf9muuppdd6r/patch		172.19.0.1	hfgkq36u8b8q8g3t1km6y5zdya
zw9z9p7uqpbjf8yywkszmrjjhh	1672317589508	bmq7jiumpib3xdz3mx5iyo99ro	/api/v4/channels/cxtmz3ubz3gfigd5m6prendmsw/members	name=town-square user_id=bmq7jiumpib3xdz3mx5iyo99ro	172.19.0.1	hfgkq36u8b8q8g3t1km6y5zdya
3otctdyns3nmbms5awurp1gpth	1672317652993	bmq7jiumpib3xdz3mx5iyo99ro	/api/v4/channels/73uy6kj1jb8wdqrf3ti6zies6r/members	name=off-topic user_id=7m6hc4oompb7mexf9muuppdd6r	172.19.0.1	hfgkq36u8b8q8g3t1km6y5zdya
tc8jgd9jdtbupmh9is9ffm497y	1672317657390	bmq7jiumpib3xdz3mx5iyo99ro	/api/v4/users/7m6hc4oompb7mexf9muuppdd6r/patch		172.19.0.1	hfgkq36u8b8q8g3t1km6y5zdya
rpio1n8arfy5jxr5jj8kjbz5cw	1672317896401	bmq7jiumpib3xdz3mx5iyo99ro	/api/v4/users/7buk99iowt8mipptoftdgimmhy/patch		172.19.0.1	hfgkq36u8b8q8g3t1km6y5zdya
nbjae3fa1t8q3xxcmii146pukr	1672317896441	bmq7jiumpib3xdz3mx5iyo99ro	/api/v4/channels/73uy6kj1jb8wdqrf3ti6zies6r/members	name=off-topic user_id=7buk99iowt8mipptoftdgimmhy	172.19.0.1	hfgkq36u8b8q8g3t1km6y5zdya
z7bwy5h8bbgxmj3baxwycxfeea	1672315423360	bmq7jiumpib3xdz3mx5iyo99ro	/api/v4/channels/cxtmz3ubz3gfigd5m6prendmsw/members	name=town-square user_id=7m6hc4oompb7mexf9muuppdd6r	172.19.0.1	hfgkq36u8b8q8g3t1km6y5zdya
unrdhoyq1bfp98uc4hoi4ni4pe	1672317589722	bmq7jiumpib3xdz3mx5iyo99ro	/api/v4/users/7buk99iowt8mipptoftdgimmhy/patch		172.19.0.1	hfgkq36u8b8q8g3t1km6y5zdya
imt4h81fobg188c11n6zw3um3r	1672317900271	bmq7jiumpib3xdz3mx5iyo99ro	/api/v4/channels/cxtmz3ubz3gfigd5m6prendmsw/members	name=town-square user_id=bmq7jiumpib3xdz3mx5iyo99ro	172.19.0.1	hfgkq36u8b8q8g3t1km6y5zdya
pcxci9rjr3yj7nsyfwducbfpio	1672317962855	bmq7jiumpib3xdz3mx5iyo99ro	/api/v4/channels/73uy6kj1jb8wdqrf3ti6zies6r/members	name=off-topic user_id=7buk99iowt8mipptoftdgimmhy	172.19.0.1	hfgkq36u8b8q8g3t1km6y5zdya
cpc49zxtrf8s7j6jtpc14zbg5e	1672317589720	bmq7jiumpib3xdz3mx5iyo99ro	/api/v4/users/7m6hc4oompb7mexf9muuppdd6r/patch		172.19.0.1	hfgkq36u8b8q8g3t1km6y5zdya
uygsch15ciyci8oj4xt4czaisy	1672317589768	bmq7jiumpib3xdz3mx5iyo99ro	/api/v4/channels/73uy6kj1jb8wdqrf3ti6zies6r/members	name=off-topic user_id=7m6hc4oompb7mexf9muuppdd6r	172.19.0.1	hfgkq36u8b8q8g3t1km6y5zdya
8fooj4r7kpfpzpjrweft3wixha	1672317896104	bmq7jiumpib3xdz3mx5iyo99ro	/api/v4/channels/73uy6kj1jb8wdqrf3ti6zies6r/members	name=off-topic user_id=bmq7jiumpib3xdz3mx5iyo99ro	172.19.0.1	hfgkq36u8b8q8g3t1km6y5zdya
u485n8pc47bpjq4a63uif8bdgh	1672317896382	bmq7jiumpib3xdz3mx5iyo99ro	/api/v4/users/7buk99iowt8mipptoftdgimmhy/patch		172.19.0.1	hfgkq36u8b8q8g3t1km6y5zdya
h4xsdsjt5pbzjp88mxhocgg6br	1672317900467	bmq7jiumpib3xdz3mx5iyo99ro	/api/v4/users/7m6hc4oompb7mexf9muuppdd6r/patch		172.19.0.1	hfgkq36u8b8q8g3t1km6y5zdya
iijz61whtbn9zkjws6x51okrpy	1672317962668	bmq7jiumpib3xdz3mx5iyo99ro	/api/v4/channels/73uy6kj1jb8wdqrf3ti6zies6r/members	name=off-topic user_id=bmq7jiumpib3xdz3mx5iyo99ro	172.19.0.1	hfgkq36u8b8q8g3t1km6y5zdya
37qd7utxobf75yt57qbs3pikbc	1672317962885	bmq7jiumpib3xdz3mx5iyo99ro	/api/v4/users/7buk99iowt8mipptoftdgimmhy/patch		172.19.0.1	hfgkq36u8b8q8g3t1km6y5zdya
muy787iu6tnj3ecm6uajetde8w	1672317653001	bmq7jiumpib3xdz3mx5iyo99ro	/api/v4/channels/cxtmz3ubz3gfigd5m6prendmsw/members	name=town-square user_id=7buk99iowt8mipptoftdgimmhy	172.19.0.1	hfgkq36u8b8q8g3t1km6y5zdya
wcd5kbewtirf5bn91mc7tg8que	1672317657365	bmq7jiumpib3xdz3mx5iyo99ro	/api/v4/channels/73uy6kj1jb8wdqrf3ti6zies6r/members	name=off-topic user_id=7m6hc4oompb7mexf9muuppdd6r	172.19.0.1	hfgkq36u8b8q8g3t1km6y5zdya
sdijx1m7nbndddr63perkufdta	1672317896108	bmq7jiumpib3xdz3mx5iyo99ro	/api/v4/channels/cxtmz3ubz3gfigd5m6prendmsw/members	name=town-square user_id=bmq7jiumpib3xdz3mx5iyo99ro	172.19.0.1	hfgkq36u8b8q8g3t1km6y5zdya
htg46gouy7bzxdq6gq443b7gye	1672317900278	bmq7jiumpib3xdz3mx5iyo99ro	/api/v4/channels/73uy6kj1jb8wdqrf3ti6zies6r/members	name=off-topic user_id=bmq7jiumpib3xdz3mx5iyo99ro	172.19.0.1	hfgkq36u8b8q8g3t1km6y5zdya
cfy55184oinzikxpgeeem17xoc	1672317962930	bmq7jiumpib3xdz3mx5iyo99ro	/api/v4/channels/cxtmz3ubz3gfigd5m6prendmsw/members	name=town-square user_id=7m6hc4oompb7mexf9muuppdd6r	172.19.0.1	hfgkq36u8b8q8g3t1km6y5zdya
hqwb9g64xpdxjk3iwmo7ygkxcr	1672315353558	bmq7jiumpib3xdz3mx5iyo99ro	/api/v4/channels/cxtmz3ubz3gfigd5m6prendmsw/members	name=town-square user_id=7buk99iowt8mipptoftdgimmhy	172.19.0.1	hfgkq36u8b8q8g3t1km6y5zdya
\.


--
-- Data for Name: bots; Type: TABLE DATA; Schema: public; Owner: mattermost
--

COPY public.bots (userid, description, ownerid, lasticonupdate, createat, updateat, deleteat) FROM stdin;
\.


--
-- Data for Name: channelmemberhistory; Type: TABLE DATA; Schema: public; Owner: mattermost
--

COPY public.channelmemberhistory (channelid, userid, jointime, leavetime) FROM stdin;
cxtmz3ubz3gfigd5m6prendmsw	bmq7jiumpib3xdz3mx5iyo99ro	1598351847734	\N
73uy6kj1jb8wdqrf3ti6zies6r	bmq7jiumpib3xdz3mx5iyo99ro	1598351847751	\N
cxtmz3ubz3gfigd5m6prendmsw	5bw66y36bff3umq1q57mfy4y5c	1598351852028	\N
cxtmz3ubz3gfigd5m6prendmsw	3zats68fztgu9mgu944a4t35so	1598351852028	\N
73uy6kj1jb8wdqrf3ti6zies6r	3zats68fztgu9mgu944a4t35so	1598351852045	\N
cxtmz3ubz3gfigd5m6prendmsw	0z4okgmv5lfhx3p0tf6pnpk8sk	1598351852028	\N
73uy6kj1jb8wdqrf3ti6zies6r	0z4okgmv5lfhx3p0tf6pnpk8sk	1598351852045	\N
cxtmz3ubz3gfigd5m6prendmsw	7m6hc4oompb7mexf9muuppdd6r	1672241420615	\N
cxtmz3ubz3gfigd5m6prendmsw	7buk99iowt8mipptoftdgimmhy	1672241420956	\N
73uy6kj1jb8wdqrf3ti6zies6r	7buk99iowt8mipptoftdgimmhy	1672241421027	\N
73uy6kj1jb8wdqrf3ti6zies6r	7buk99iowt8mipptoftdgimmhy	1672241421062	\N
73uy6kj1jb8wdqrf3ti6zies6r	5bw66y36bff3umq1q57mfy4y5c	1598351852045	1672248712107
73uy6kj1jb8wdqrf3ti6zies6r	7m6hc4oompb7mexf9muuppdd6r	1672241420646	1672249105736
73uy6kj1jb8wdqrf3ti6zies6r	7m6hc4oompb7mexf9muuppdd6r	1672249106667	1672249107255
cxtmz3ubz3gfigd5m6prendmsw	7m6hc4oompb7mexf9muuppdd6r	1672249108147	\N
73uy6kj1jb8wdqrf3ti6zies6r	7m6hc4oompb7mexf9muuppdd6r	1672249108169	1672249108230
cxtmz3ubz3gfigd5m6prendmsw	bmq7jiumpib3xdz3mx5iyo99ro	1672249111192	\N
73uy6kj1jb8wdqrf3ti6zies6r	bmq7jiumpib3xdz3mx5iyo99ro	1672249111215	\N
73uy6kj1jb8wdqrf3ti6zies6r	7buk99iowt8mipptoftdgimmhy	1672249111653	\N
cxtmz3ubz3gfigd5m6prendmsw	7m6hc4oompb7mexf9muuppdd6r	1672249111704	\N
cxtmz3ubz3gfigd5m6prendmsw	7buk99iowt8mipptoftdgimmhy	1672249111724	\N
73uy6kj1jb8wdqrf3ti6zies6r	7buk99iowt8mipptoftdgimmhy	1672249111758	\N
73uy6kj1jb8wdqrf3ti6zies6r	5bw66y36bff3umq1q57mfy4y5c	1672248798227	1672305682065
73uy6kj1jb8wdqrf3ti6zies6r	7m6hc4oompb7mexf9muuppdd6r	1672249108698	1672308588700
73uy6kj1jb8wdqrf3ti6zies6r	7m6hc4oompb7mexf9muuppdd6r	1672249111774	1672308588700
73uy6kj1jb8wdqrf3ti6zies6r	7m6hc4oompb7mexf9muuppdd6r	1672308589005	1672308589277
cxtmz3ubz3gfigd5m6prendmsw	7m6hc4oompb7mexf9muuppdd6r	1672308589854	\N
73uy6kj1jb8wdqrf3ti6zies6r	7m6hc4oompb7mexf9muuppdd6r	1672308589878	1672308589919
cxtmz3ubz3gfigd5m6prendmsw	bmq7jiumpib3xdz3mx5iyo99ro	1672308592190	\N
73uy6kj1jb8wdqrf3ti6zies6r	bmq7jiumpib3xdz3mx5iyo99ro	1672308592221	\N
cxtmz3ubz3gfigd5m6prendmsw	7m6hc4oompb7mexf9muuppdd6r	1672308592604	\N
cxtmz3ubz3gfigd5m6prendmsw	7buk99iowt8mipptoftdgimmhy	1672308592614	\N
73uy6kj1jb8wdqrf3ti6zies6r	7buk99iowt8mipptoftdgimmhy	1672308592646	\N
73uy6kj1jb8wdqrf3ti6zies6r	5bw66y36bff3umq1q57mfy4y5c	1672308588187	1672314814329
73uy6kj1jb8wdqrf3ti6zies6r	5bw66y36bff3umq1q57mfy4y5c	1672314814585	\N
73uy6kj1jb8wdqrf3ti6zies6r	7m6hc4oompb7mexf9muuppdd6r	1672308590232	1672314815076
73uy6kj1jb8wdqrf3ti6zies6r	7m6hc4oompb7mexf9muuppdd6r	1672308592634	1672314815076
73uy6kj1jb8wdqrf3ti6zies6r	7m6hc4oompb7mexf9muuppdd6r	1672314815376	1672314815575
cxtmz3ubz3gfigd5m6prendmsw	7m6hc4oompb7mexf9muuppdd6r	1672314816236	\N
73uy6kj1jb8wdqrf3ti6zies6r	7m6hc4oompb7mexf9muuppdd6r	1672314816256	1672314816304
73uy6kj1jb8wdqrf3ti6zies6r	7m6hc4oompb7mexf9muuppdd6r	1672314816600	\N
cxtmz3ubz3gfigd5m6prendmsw	bmq7jiumpib3xdz3mx5iyo99ro	1672314818382	\N
73uy6kj1jb8wdqrf3ti6zies6r	bmq7jiumpib3xdz3mx5iyo99ro	1672314818421	\N
cxtmz3ubz3gfigd5m6prendmsw	7buk99iowt8mipptoftdgimmhy	1672314818810	\N
cxtmz3ubz3gfigd5m6prendmsw	7m6hc4oompb7mexf9muuppdd6r	1672314818816	\N
73uy6kj1jb8wdqrf3ti6zies6r	7m6hc4oompb7mexf9muuppdd6r	1672314818838	\N
73uy6kj1jb8wdqrf3ti6zies6r	7buk99iowt8mipptoftdgimmhy	1672314818843	\N
\.


--
-- Data for Name: channelmembers; Type: TABLE DATA; Schema: public; Owner: mattermost
--

COPY public.channelmembers (channelid, userid, roles, lastviewedat, msgcount, mentioncount, notifyprops, lastupdateat, schemeuser, schemeadmin, schemeguest) FROM stdin;
cxtmz3ubz3gfigd5m6prendmsw	0z4okgmv5lfhx3p0tf6pnpk8sk		0	0	0	{"desktop":"default","email":"default","ignore_channel_mentions":"default","mark_unread":"all","push":"default"}	1598351852017	t	f	f
73uy6kj1jb8wdqrf3ti6zies6r	0z4okgmv5lfhx3p0tf6pnpk8sk		0	0	0	{"desktop":"default","email":"default","ignore_channel_mentions":"default","mark_unread":"all","push":"default"}	1598351852041	t	f	f
cxtmz3ubz3gfigd5m6prendmsw	bmq7jiumpib3xdz3mx5iyo99ro		0	0	0	{"desktop":"default","email":"default","ignore_channel_mentions":"default","mark_unread":"all","push":"default"}	1672314818360	t	f	f
73uy6kj1jb8wdqrf3ti6zies6r	bmq7jiumpib3xdz3mx5iyo99ro		0	0	0	{"desktop":"default","email":"default","ignore_channel_mentions":"default","mark_unread":"all","push":"default"}	1672314818405	t	f	f
cxtmz3ubz3gfigd5m6prendmsw	3zats68fztgu9mgu944a4t35so		1672317897351	47	0	{"desktop":"default","email":"default","ignore_channel_mentions":"default","mark_unread":"all","push":"default"}	1672317897351	t	f	f
73uy6kj1jb8wdqrf3ti6zies6r	7buk99iowt8mipptoftdgimmhy		1672317898347	31	0	{"desktop":"default","email":"default","ignore_channel_mentions":"default","mark_unread":"all","push":"default"}	1672317898347	t	f	f
73uy6kj1jb8wdqrf3ti6zies6r	5bw66y36bff3umq1q57mfy4y5c		0	0	0	{"desktop":"default","email":"default","ignore_channel_mentions":"default","mark_unread":"all","push":"default"}	1672314814579	t	f	f
73uy6kj1jb8wdqrf3ti6zies6r	3zats68fztgu9mgu944a4t35so		1672314834453	10	0	{"desktop":"default","email":"default","ignore_channel_mentions":"default","mark_unread":"all","push":"default"}	1672314834453	t	f	f
cxtmz3ubz3gfigd5m6prendmsw	7m6hc4oompb7mexf9muuppdd6r		1672314835168	21	0	{"desktop":"default","email":"default","ignore_channel_mentions":"default","mark_unread":"all","push":"default"}	1672314835168	t	f	f
cxtmz3ubz3gfigd5m6prendmsw	7buk99iowt8mipptoftdgimmhy		1672317898905	50	0	{"desktop":"default","email":"default","ignore_channel_mentions":"default","mark_unread":"all","push":"default"}	1672317898905	t	f	f
73uy6kj1jb8wdqrf3ti6zies6r	7m6hc4oompb7mexf9muuppdd6r		1672317899858	35	0	{"desktop":"default","email":"default","ignore_channel_mentions":"default","mark_unread":"all","push":"default"}	1672317899858	t	f	f
cxtmz3ubz3gfigd5m6prendmsw	5bw66y36bff3umq1q57mfy4y5c		1672317901660	53	0	{"desktop":"default","email":"default","ignore_channel_mentions":"default","mark_unread":"all","push":"default"}	1672317901660	t	f	f
\.


--
-- Data for Name: channels; Type: TABLE DATA; Schema: public; Owner: mattermost
--

COPY public.channels (id, createat, updateat, deleteat, teamid, type, displayname, name, header, purpose, lastpostat, totalmsgcount, extraupdateat, creatorid, schemeid, groupconstrained) FROM stdin;
73uy6kj1jb8wdqrf3ti6zies6r	1598351837717	1598351837717	0	tgrw7sjgbiy1jggs3qg3m6zpee	O	Off-Topic	off-topic			1672317899858	35	0		\N	\N
cxtmz3ubz3gfigd5m6prendmsw	1598351837713	1598351837713	0	tgrw7sjgbiy1jggs3qg3m6zpee	O	Town Square	town-square			1672317901660	53	0		\N	\N
\.


--
-- Data for Name: clusterdiscovery; Type: TABLE DATA; Schema: public; Owner: mattermost
--

COPY public.clusterdiscovery (id, type, clustername, hostname, gossipport, port, createat, lastpingat) FROM stdin;
\.


--
-- Data for Name: commands; Type: TABLE DATA; Schema: public; Owner: mattermost
--

COPY public.commands (id, token, createat, updateat, deleteat, creatorid, teamid, trigger, method, username, iconurl, autocomplete, autocompletedesc, autocompletehint, displayname, description, url) FROM stdin;
\.


--
-- Data for Name: commandwebhooks; Type: TABLE DATA; Schema: public; Owner: mattermost
--

COPY public.commandwebhooks (id, createat, commandid, userid, channelid, rootid, parentid, usecount) FROM stdin;
\.


--
-- Data for Name: compliances; Type: TABLE DATA; Schema: public; Owner: mattermost
--

COPY public.compliances (id, createat, userid, status, count, "desc", type, startat, endat, keywords, emails) FROM stdin;
\.


--
-- Data for Name: emoji; Type: TABLE DATA; Schema: public; Owner: mattermost
--

COPY public.emoji (id, createat, updateat, deleteat, creatorid, name) FROM stdin;
\.


--
-- Data for Name: fileinfo; Type: TABLE DATA; Schema: public; Owner: mattermost
--

COPY public.fileinfo (id, creatorid, postid, createat, updateat, deleteat, path, thumbnailpath, previewpath, name, extension, size, mimetype, width, height, haspreviewimage) FROM stdin;
pq5414coktgkdy8ukf4855yxxa	3zats68fztgu9mgu944a4t35so	4uzkuqno4tr7jemb4mpejdb5ha	1672306062662	1672306062662	0	20221229/teams/noteam/channels/73uy6kj1jb8wdqrf3ti6zies6r/users/3zats68fztgu9mgu944a4t35so/pq5414coktgkdy8ukf4855yxxa/filename			filename		11		0	0	f
tx6xa7ch7f8ifemntuo7ymcfja	7m6hc4oompb7mexf9muuppdd6r	z6myk7pcwinpi8ea4u6m645igr	1672306063227	1672306063227	0	20221229/teams/noteam/channels/cxtmz3ubz3gfigd5m6prendmsw/users/7m6hc4oompb7mexf9muuppdd6r/tx6xa7ch7f8ifemntuo7ymcfja/mydata			mydata		8		0	0	f
hn6au1ebf3r98j6obi4a8n3fba	3zats68fztgu9mgu944a4t35so	8km7dejhpjrbdq199o5ns7mfhw	1672314834434	1672314834434	0	20221229/teams/noteam/channels/73uy6kj1jb8wdqrf3ti6zies6r/users/3zats68fztgu9mgu944a4t35so/hn6au1ebf3r98j6obi4a8n3fba/filename			filename		11		0	0	f
g3hrez8i578ufcf9ddireystxa	7m6hc4oompb7mexf9muuppdd6r	5rdyrzt9f38i9ni3sgdruxb94y	1672314835134	1672314835134	0	20221229/teams/noteam/channels/cxtmz3ubz3gfigd5m6prendmsw/users/7m6hc4oompb7mexf9muuppdd6r/g3hrez8i578ufcf9ddireystxa/mydata			mydata		8		0	0	f
\.


--
-- Data for Name: groupchannels; Type: TABLE DATA; Schema: public; Owner: mattermost
--

COPY public.groupchannels (groupid, autoadd, schemeadmin, createat, deleteat, updateat, channelid) FROM stdin;
\.


--
-- Data for Name: groupmembers; Type: TABLE DATA; Schema: public; Owner: mattermost
--

COPY public.groupmembers (groupid, userid, createat, deleteat) FROM stdin;
\.


--
-- Data for Name: groupteams; Type: TABLE DATA; Schema: public; Owner: mattermost
--

COPY public.groupteams (groupid, autoadd, schemeadmin, createat, deleteat, updateat, teamid) FROM stdin;
\.


--
-- Data for Name: incomingwebhooks; Type: TABLE DATA; Schema: public; Owner: mattermost
--

COPY public.incomingwebhooks (id, createat, updateat, deleteat, userid, channelid, teamid, displayname, description, username, iconurl, channellocked) FROM stdin;
\.


--
-- Data for Name: jobs; Type: TABLE DATA; Schema: public; Owner: mattermost
--

COPY public.jobs (id, type, priority, createat, startat, lastactivityat, status, progress, data) FROM stdin;
fky8msypr7nhbko6jm1fydozow	migrations	0	1598351829123	1598351839894	1598351840103	success	0	{"last_done":"{\\"current_table\\":\\"ChannelMembers\\",\\"last_team_id\\":\\"00000000000000000000000000\\",\\"last_channel_id\\":\\"00000000000000000000000000\\",\\"last_user\\":\\"00000000000000000000000000\\"}","migration_key":"migration_advanced_permissions_phase_2"}
gm5efjx5zprgbdoh1oyhihqqhe	expiry_notify	0	1672242019426	1672242023470	1672242023489	success	0	{}
a6b4xehmatye7xgh9ojfz1rb3y	expiry_notify	0	1672310348463	1672310349793	1672310349813	success	0	{}
yq3rf515gifzd8cb9o9ebidtcc	expiry_notify	0	1672242619026	1672242623233	1672242623251	success	0	{}
9t8gsy7da788te4ioj9q1x34kc	expiry_notify	0	1672285528398	1672292732373	1672292732380	success	0	{}
trn9wf37zpfgbd611rrp91tt3y	expiry_notify	0	1672243218745	1672243223088	1672243223093	success	0	{}
jqr3bgr9kpdgbrnbu6ycnzwcpc	expiry_notify	0	1672243818355	1672243822913	1672243822919	success	0	{}
8pynh8ywsjfedepfzfttg1756h	expiry_notify	0	1672244417913	1672244422661	1672244422669	success	0	{}
51etw447ntb6j8x3dtk3r5ioka	expiry_notify	0	1672292732366	1672299937547	1672299937563	success	0	{}
r3tppr4kpbbbzp4hbj456gmgfw	expiry_notify	0	1672245017791	1672245022549	1672245022555	success	0	{}
rb55t3bfr3nt9e76ark6zaxbzc	expiry_notify	0	1672245617511	1672245622385	1672245622395	success	0	{}
zfzkst4rqpn67ea1rduuqz63mo	expiry_notify	0	1672299937558	1672299952560	1672299952564	success	0	{}
4gmndqtyd3bqbqfr9hawtuaf5y	expiry_notify	0	1672246217141	1672246222226	1672246222233	success	0	{}
gc4r9zyu83nnjynr5nr5b35fxw	expiry_notify	0	1672246816777	1672246822103	1672246822112	success	0	{}
q5jpb1jwbir75fiac453xzwkua	expiry_notify	0	1672310948083	1672310949692	1672310949698	success	0	{}
9hom17waebyy3eope83387rdqy	expiry_notify	0	1672247416416	1672247421911	1672247421922	success	0	{}
y9pkiokakiy4fjk1jdpp4kx5kw	expiry_notify	0	1672305549365	1672305564232	1672305564242	success	0	{}
dxi7thwfjpguiyza1phneh5wch	expiry_notify	0	1672248016053	1672248021767	1672248021773	success	0	{}
r3edto5uoj897ey43jxamb4q3r	expiry_notify	0	1672248615722	1672248621633	1672248621641	success	0	{}
6g1fsftgnpbf3fzzrbogetkszo	expiry_notify	0	1672249215342	1672249221491	1672249221497	success	0	{}
c1qz6kiubpy3de6ywx9gexxnsy	expiry_notify	0	1672306150956	1672306165959	1672306165965	success	0	{}
pw6bn9j7a3dotjorzneh96ru4h	expiry_notify	0	1672256686399	1672256701280	1672256701291	success	0	{}
qffybczpkbdzf87td41hb9mgxw	expiry_notify	0	1672263914557	1672271120059	1672271120098	success	0	{}
ny368a7en78q5kyqwf4igy5wsw	expiry_notify	0	1672315602588	1672315608434	1672315608455	success	0	{}
ami4tkedijn69fn8y6spm8ceeh	expiry_notify	0	1672271120090	1672278324651	1672278324660	success	0	{}
6g4iwmhghjnz8ckwufwwu5wxpe	expiry_notify	0	1672306750576	1672306750781	1672306750799	success	0	{}
w5kftjeikjbtpqd8ryrsbxwrgo	expiry_notify	0	1672278324652	1672285528384	1672285528401	success	0	{}
ksi4fa6pwtrsugfasdck9893ko	expiry_notify	0	1672311547702	1672311549559	1672311549564	success	0	{}
gbqzttxtd7rtumkwty74cnopqh	expiry_notify	0	1672307350263	1672307350684	1672307350687	success	0	{}
53a3ux9ottdoig7bigprs8kxae	expiry_notify	0	1672307949905	1672307950522	1672307950528	success	0	{}
psammu41n3d4mgxebsxcd8pnpw	expiry_notify	0	1672308549522	1672308550310	1672308550315	success	0	{}
1macqg1aftgx7erndfz431e6se	expiry_notify	0	1672312147257	1672312149316	1672312149322	success	0	{}
sagh4dfimjbkbfder4rs5ihi1o	expiry_notify	0	1672309149198	1672309150144	1672309150153	success	0	{}
q1p7q59ytin15fxh5myy5acsch	expiry_notify	0	1672309748833	1672309749984	1672309749991	success	0	{}
fp1rodzj1prp8rtpcbt1tnjfgw	expiry_notify	0	1672318600791	1672318607667	1672318607674	success	0	{}
4nm16apbetrzmr8efdtmcfqs9r	expiry_notify	0	1672316202237	1672316208286	1672316208291	success	0	{}
mmjgc3b3q3n3ucg3d1ik9k6qty	expiry_notify	0	1672312746954	1672312749183	1672312749194	success	0	{}
7zid4hx8mfgniyfr5ro81f9kaa	expiry_notify	0	1672313346586	1672313349029	1672313349037	success	0	{}
ydohz7p44pgcjmq7fnw4ruhiyy	expiry_notify	0	1672313946195	1672313948783	1672313948789	success	0	{}
7d8eaz6dztrqdbjawj4roe3qko	expiry_notify	0	1672316801855	1672316808151	1672316808159	success	0	{}
3pspxh9p5jb4pj9xcshn7pd9po	expiry_notify	0	1672314545856	1672314548695	1672314548703	success	0	{}
4qwigtfsotn47npi9an673wu4e	expiry_notify	0	1672317401493	1672317407978	1672317407983	success	0	{}
mur1yd9xxb8w8xjojn3da61cia	expiry_notify	0	1672318001138	1672318007872	1672318007881	success	0	{}
\.


--
-- Data for Name: licenses; Type: TABLE DATA; Schema: public; Owner: mattermost
--

COPY public.licenses (id, createat, bytes) FROM stdin;
\.


--
-- Data for Name: linkmetadata; Type: TABLE DATA; Schema: public; Owner: mattermost
--

COPY public.linkmetadata (hash, url, "timestamp", type, data) FROM stdin;
\.


--
-- Data for Name: oauthaccessdata; Type: TABLE DATA; Schema: public; Owner: mattermost
--

COPY public.oauthaccessdata (clientid, userid, token, refreshtoken, redirecturi, expiresat, scope) FROM stdin;
\.


--
-- Data for Name: oauthapps; Type: TABLE DATA; Schema: public; Owner: mattermost
--

COPY public.oauthapps (id, creatorid, createat, updateat, clientsecret, name, description, iconurl, callbackurls, homepage, istrusted) FROM stdin;
\.


--
-- Data for Name: oauthauthdata; Type: TABLE DATA; Schema: public; Owner: mattermost
--

COPY public.oauthauthdata (clientid, userid, code, expiresin, createat, redirecturi, state, scope) FROM stdin;
\.


--
-- Data for Name: outgoingwebhooks; Type: TABLE DATA; Schema: public; Owner: mattermost
--

COPY public.outgoingwebhooks (id, token, createat, updateat, deleteat, creatorid, channelid, teamid, triggerwords, triggerwhen, callbackurls, displayname, description, contenttype, username, iconurl) FROM stdin;
\.


--
-- Data for Name: pluginkeyvaluestore; Type: TABLE DATA; Schema: public; Owner: mattermost
--

COPY public.pluginkeyvaluestore (pluginid, pkey, pvalue, expireat) FROM stdin;
\.


--
-- Data for Name: posts; Type: TABLE DATA; Schema: public; Owner: mattermost
--

COPY public.posts (id, createat, updateat, editat, deleteat, ispinned, userid, channelid, rootid, parentid, originalid, message, type, props, hashtags, filenames, fileids, hasreactions) FROM stdin;
jqj9h4gwg7nuurhfo5xa8d66gc	1672241420616	1672241420616	0	0	f	7m6hc4oompb7mexf9muuppdd6r	cxtmz3ubz3gfigd5m6prendmsw				matrix_matrix_a joined the team.	system_join_team	{"username":"matrix_matrix_a"}		[]	[]	f
my1yhm4977b8fpczurpzq6uh6w	1672241420648	1672241420648	0	0	f	7m6hc4oompb7mexf9muuppdd6r	73uy6kj1jb8wdqrf3ti6zies6r				matrix_matrix_a joined the channel.	system_join_channel	{"username":"matrix_matrix_a"}		[]	[]	f
yku3doi91tnapk75k87c6hyamw	1672241420965	1672241420965	0	0	f	7buk99iowt8mipptoftdgimmhy	cxtmz3ubz3gfigd5m6prendmsw				matrix_matrix_b joined the team.	system_join_team	{"username":"matrix_matrix_b"}		[]	[]	f
d3fi9df5wt8ptmi6njpewqnmco	1672241421029	1672241421029	0	0	f	bmq7jiumpib3xdz3mx5iyo99ro	73uy6kj1jb8wdqrf3ti6zies6r				matrix_matrix_b added to the channel by admin.	system_add_to_channel	{"addedUserId":"7buk99iowt8mipptoftdgimmhy","addedUsername":"matrix_matrix_b","userId":"bmq7jiumpib3xdz3mx5iyo99ro","username":"admin"}		[]	[]	f
g6r9sqpeofg1pkaufuyn8cxdty	1672241421065	1672241421065	0	0	f	7buk99iowt8mipptoftdgimmhy	73uy6kj1jb8wdqrf3ti6zies6r				matrix_matrix_b joined the channel.	system_join_channel	{"username":"matrix_matrix_b"}		[]	[]	f
tucknm3uyifzufto4cfna3mjae	1672248712115	1672248712115	0	0	f	5bw66y36bff3umq1q57mfy4y5c	73uy6kj1jb8wdqrf3ti6zies6r				@mattermost_a left the channel.	system_leave_channel	{"username":"mattermost_a"}		[]	[]	f
buh7r3h6ii8y5bfm7c6fk1hhtr	1672248798233	1672248798233	0	0	f	5bw66y36bff3umq1q57mfy4y5c	73uy6kj1jb8wdqrf3ti6zies6r				mattermost_a joined the channel.	system_join_channel	{"username":"mattermost_a"}		[]	[]	f
pzc1z8s4yigtdezeu6jjntqhfo	1672249105792	1672249105792	0	0	f	bmq7jiumpib3xdz3mx5iyo99ro	73uy6kj1jb8wdqrf3ti6zies6r				@matrix_matrix_a removed from the channel.	system_remove_from_channel	{"removedUserId":"7m6hc4oompb7mexf9muuppdd6r","removedUsername":"matrix_matrix_a"}		[]	[]	f
cbpcjhfs4brqmkdocswxfzgm8w	1672249106671	1672249106671	0	0	f	bmq7jiumpib3xdz3mx5iyo99ro	73uy6kj1jb8wdqrf3ti6zies6r				matrix_matrix_a added to the channel by admin.	system_add_to_channel	{"addedUserId":"7m6hc4oompb7mexf9muuppdd6r","addedUsername":"matrix_matrix_a","userId":"bmq7jiumpib3xdz3mx5iyo99ro","username":"admin"}		[]	[]	f
isffmdrgu7baume4qd14e7z8py	1672249107263	1672249107263	0	0	f	bmq7jiumpib3xdz3mx5iyo99ro	73uy6kj1jb8wdqrf3ti6zies6r				@matrix_matrix_a removed from the channel.	system_remove_from_channel	{"removedUserId":"7m6hc4oompb7mexf9muuppdd6r","removedUsername":"matrix_matrix_a"}		[]	[]	f
it3djipd77rjum958qexow1m8o	1672249107815	1672249107815	0	0	f	7m6hc4oompb7mexf9muuppdd6r	cxtmz3ubz3gfigd5m6prendmsw				matrix_matrix_a left the team.	system_leave_team	{"username":"matrix_matrix_a"}		[]	[]	f
ze3rg97zzb8pimiedsdcarqoxy	1672249108150	1672249108150	0	0	f	7m6hc4oompb7mexf9muuppdd6r	cxtmz3ubz3gfigd5m6prendmsw				matrix_matrix_a joined the team.	system_join_team	{"username":"matrix_matrix_a"}		[]	[]	f
173ezow4s3y1iggor18z1qzakh	1672249108171	1672249108171	0	0	f	7m6hc4oompb7mexf9muuppdd6r	73uy6kj1jb8wdqrf3ti6zies6r				matrix_matrix_a joined the channel.	system_join_channel	{"username":"matrix_matrix_a"}		[]	[]	f
wd94wdgcjjnu7cm4jg16x5acbh	1672249108237	1672249108237	0	0	f	bmq7jiumpib3xdz3mx5iyo99ro	73uy6kj1jb8wdqrf3ti6zies6r				@matrix_matrix_a removed from the channel.	system_remove_from_channel	{"removedUserId":"7m6hc4oompb7mexf9muuppdd6r","removedUsername":"matrix_matrix_a"}		[]	[]	f
bpcrxoiy13dpuqzkhpr6kjmqaw	1672249108703	1672249108703	0	0	f	bmq7jiumpib3xdz3mx5iyo99ro	73uy6kj1jb8wdqrf3ti6zies6r				matrix_matrix_a added to the channel by admin.	system_add_to_channel	{"addedUserId":"7m6hc4oompb7mexf9muuppdd6r","addedUsername":"matrix_matrix_a","userId":"bmq7jiumpib3xdz3mx5iyo99ro","username":"admin"}		[]	[]	f
b4mnp7drhtbmmrsmddsr1ij6ze	1672249109801	1672249109801	0	0	f	7buk99iowt8mipptoftdgimmhy	cxtmz3ubz3gfigd5m6prendmsw				matrix_matrix_b left the team.	system_leave_team	{"username":"matrix_matrix_b"}		[]	[]	f
b5645s9fhf8idnxtrei4wcjm3c	1672249109832	1672249109832	0	0	f	7m6hc4oompb7mexf9muuppdd6r	cxtmz3ubz3gfigd5m6prendmsw				matrix_matrix_a left the team.	system_leave_team	{"username":"matrix_matrix_a"}		[]	[]	f
q5gi9u77xjnmbnpigc5txykjha	1672249109935	1672249109935	0	0	f	bmq7jiumpib3xdz3mx5iyo99ro	cxtmz3ubz3gfigd5m6prendmsw				admin left the team.	system_leave_team	{"username":"admin"}		[]	[]	f
sr5ehfyy1i81z8wabrdnk9gjea	1672249111194	1672249111194	0	0	f	bmq7jiumpib3xdz3mx5iyo99ro	cxtmz3ubz3gfigd5m6prendmsw				admin joined the team.	system_join_team	{"username":"admin"}		[]	[]	f
jhcnprt7uibsxcmhm5q4iq4sro	1672249111216	1672249111216	0	0	f	bmq7jiumpib3xdz3mx5iyo99ro	73uy6kj1jb8wdqrf3ti6zies6r				admin joined the channel.	system_join_channel	{"username":"admin"}		[]	[]	f
177i1xiihpr5uxmnioiygwapbc	1672249111708	1672249111708	0	0	f	7m6hc4oompb7mexf9muuppdd6r	cxtmz3ubz3gfigd5m6prendmsw				matrix_matrix_a joined the team.	system_join_team	{"username":"matrix_matrix_a"}		[]	[]	f
g878ny5bn3bndp96d1mu8k8tsc	1672249111658	1672249111658	0	0	f	bmq7jiumpib3xdz3mx5iyo99ro	73uy6kj1jb8wdqrf3ti6zies6r				matrix_matrix_b added to the channel by admin.	system_add_to_channel	{"addedUserId":"7buk99iowt8mipptoftdgimmhy","addedUsername":"matrix_matrix_b","userId":"bmq7jiumpib3xdz3mx5iyo99ro","username":"admin"}		[]	[]	f
artc9irzk3yh3gij6no6rfr95w	1672249111733	1672249111733	0	0	f	7buk99iowt8mipptoftdgimmhy	cxtmz3ubz3gfigd5m6prendmsw				matrix_matrix_b joined the team.	system_join_team	{"username":"matrix_matrix_b"}		[]	[]	f
qnuaxp614fyn5ypciifxf51zzr	1672249111761	1672249111761	0	0	f	7buk99iowt8mipptoftdgimmhy	73uy6kj1jb8wdqrf3ti6zies6r				matrix_matrix_b joined the channel.	system_join_channel	{"username":"matrix_matrix_b"}		[]	[]	f
83ytg8uokj8app83fk598nyxzo	1672249111777	1672249111777	0	0	f	7m6hc4oompb7mexf9muuppdd6r	73uy6kj1jb8wdqrf3ti6zies6r				matrix_matrix_a joined the channel.	system_join_channel	{"username":"matrix_matrix_a"}		[]	[]	f
mgxr4z6eppbfikta6pz41cgk5e	1672305682072	1672305682072	0	0	f	5bw66y36bff3umq1q57mfy4y5c	73uy6kj1jb8wdqrf3ti6zies6r				@mattermost_a left the channel.	system_leave_channel	{"username":"mattermost_a"}		[]	[]	f
nzetx1536bbpmf54xm9ke14ubh	1672305710331	1672305710331	0	0	f	5bw66y36bff3umq1q57mfy4y5c	cxtmz3ubz3gfigd5m6prendmsw				test		{}		[]	[]	f
ia67b3pmgjf35m3drgzwta85re	1672306061955	1672306061955	0	0	f	7m6hc4oompb7mexf9muuppdd6r	cxtmz3ubz3gfigd5m6prendmsw				test2		{}		[]	[]	f
4fwy1489yfyejysftpewhmpq1o	1672306062104	1672306062104	0	0	f	5bw66y36bff3umq1q57mfy4y5c	cxtmz3ubz3gfigd5m6prendmsw				# Header\n\n**bold**		{}		[]	[]	f
f9t8uuz1ypnom8e3u3xxeki79r	1672306062425	1672306062425	0	0	f	7buk99iowt8mipptoftdgimmhy	cxtmz3ubz3gfigd5m6prendmsw				Header\n======\n\n**Bolded text**		{}		[]	[]	f
m8ckwwgc6iy7jmzntzauakjhor	1672306062600	1672306062600	0	0	f	7m6hc4oompb7mexf9muuppdd6r	cxtmz3ubz3gfigd5m6prendmsw				*test*	me	{"message":"test"}		[]	[]	f
4uzkuqno4tr7jemb4mpejdb5ha	1672306062717	1672306062717	0	0	f	3zats68fztgu9mgu944a4t35so	73uy6kj1jb8wdqrf3ti6zies6r				filename		{}		[]	["pq5414coktgkdy8ukf4855yxxa"]	f
z6myk7pcwinpi8ea4u6m645igr	1672306063255	1672306063255	0	0	f	7m6hc4oompb7mexf9muuppdd6r	cxtmz3ubz3gfigd5m6prendmsw						{}		[]	["tx6xa7ch7f8ifemntuo7ymcfja"]	f
59krsizxk3f1ipwe3u3wcbnwnh	1672308588198	1672308588198	0	0	f	5bw66y36bff3umq1q57mfy4y5c	73uy6kj1jb8wdqrf3ti6zies6r				mattermost_a joined the channel.	system_join_channel	{"username":"mattermost_a"}		[]	[]	f
t6m49y3c9ink7mmu1hjbcykigh	1672308589859	1672308589859	0	0	f	7m6hc4oompb7mexf9muuppdd6r	cxtmz3ubz3gfigd5m6prendmsw				matrix_matrix_a joined the team.	system_join_team	{"username":"matrix_matrix_a"}		[]	[]	f
d8uk7b9gwpyb98gp9frkemp9oy	1672308590234	1672308590234	0	0	f	bmq7jiumpib3xdz3mx5iyo99ro	73uy6kj1jb8wdqrf3ti6zies6r				matrix_matrix_a added to the channel by admin.	system_add_to_channel	{"addedUserId":"7m6hc4oompb7mexf9muuppdd6r","addedUsername":"matrix_matrix_a","userId":"bmq7jiumpib3xdz3mx5iyo99ro","username":"admin"}		[]	[]	f
jswkxn6sofru5xx5su7q96i1se	1672308592191	1672308592191	0	0	f	bmq7jiumpib3xdz3mx5iyo99ro	cxtmz3ubz3gfigd5m6prendmsw				admin joined the team.	system_join_team	{"username":"admin"}		[]	[]	f
et588ot9k7dnzd15rfcc68h55r	1672306065844	1672306065844	0	0	f	7m6hc4oompb7mexf9muuppdd6r	73uy6kj1jb8wdqrf3ti6zies6r				hidden message		{}		[]	[]	f
u79eu7seg7gcuke1p9ygtz1yfw	1672308588709	1672308588709	0	0	f	bmq7jiumpib3xdz3mx5iyo99ro	73uy6kj1jb8wdqrf3ti6zies6r				@matrix_matrix_a removed from the channel.	system_remove_from_channel	{"removedUserId":"7m6hc4oompb7mexf9muuppdd6r","removedUsername":"matrix_matrix_a"}		[]	[]	f
6znctqepqt8sfrsqh9u38jc6ec	1672308589282	1672308589282	0	0	f	bmq7jiumpib3xdz3mx5iyo99ro	73uy6kj1jb8wdqrf3ti6zies6r				@matrix_matrix_a removed from the channel.	system_remove_from_channel	{"removedUserId":"7m6hc4oompb7mexf9muuppdd6r","removedUsername":"matrix_matrix_a"}		[]	[]	f
uy9d3zcc1jy3tcwn6sh87jhuya	1672308589518	1672308589518	0	0	f	7m6hc4oompb7mexf9muuppdd6r	cxtmz3ubz3gfigd5m6prendmsw				matrix_matrix_a left the team.	system_leave_team	{"username":"matrix_matrix_a"}		[]	[]	f
bxtagm1hbpbqbdc34sw6uim11r	1672308589879	1672308589879	0	0	f	7m6hc4oompb7mexf9muuppdd6r	73uy6kj1jb8wdqrf3ti6zies6r				matrix_matrix_a joined the channel.	system_join_channel	{"username":"matrix_matrix_a"}		[]	[]	f
j3hnxyrn7proz8h111bpzqu6dy	1672308589927	1672308589927	0	0	f	bmq7jiumpib3xdz3mx5iyo99ro	73uy6kj1jb8wdqrf3ti6zies6r				@matrix_matrix_a removed from the channel.	system_remove_from_channel	{"removedUserId":"7m6hc4oompb7mexf9muuppdd6r","removedUsername":"matrix_matrix_a"}		[]	[]	f
cf5pj44dtbn6zbp4yjjjuyzf3a	1672308590986	1672308590986	0	0	f	7m6hc4oompb7mexf9muuppdd6r	cxtmz3ubz3gfigd5m6prendmsw				matrix_matrix_a left the team.	system_leave_team	{"username":"matrix_matrix_a"}		[]	[]	f
b4psutkrgiycdqs6dc6qx9exey	1672308591061	1672308591061	0	0	f	bmq7jiumpib3xdz3mx5iyo99ro	cxtmz3ubz3gfigd5m6prendmsw				admin left the team.	system_leave_team	{"username":"admin"}		[]	[]	f
re5tos4iqpb19dxrijobmcq95c	1672308592636	1672308592636	0	0	f	7m6hc4oompb7mexf9muuppdd6r	73uy6kj1jb8wdqrf3ti6zies6r				matrix_matrix_a joined the channel.	system_join_channel	{"username":"matrix_matrix_a"}		[]	[]	f
9tgj9srcmjds5ccccccb9cb13o	1672308589009	1672308589009	0	0	f	bmq7jiumpib3xdz3mx5iyo99ro	73uy6kj1jb8wdqrf3ti6zies6r				matrix_matrix_a added to the channel by admin.	system_add_to_channel	{"addedUserId":"7m6hc4oompb7mexf9muuppdd6r","addedUsername":"matrix_matrix_a","userId":"bmq7jiumpib3xdz3mx5iyo99ro","username":"admin"}		[]	[]	f
stqq97d64fg69cigz8wn8ncfce	1672308590990	1672308590990	0	0	f	7buk99iowt8mipptoftdgimmhy	cxtmz3ubz3gfigd5m6prendmsw				matrix_matrix_b left the team.	system_leave_team	{"username":"matrix_matrix_b"}		[]	[]	f
gzzaucx5wpd6tndpi6sez96f3r	1672308592223	1672308592223	0	0	f	bmq7jiumpib3xdz3mx5iyo99ro	73uy6kj1jb8wdqrf3ti6zies6r				admin joined the channel.	system_join_channel	{"username":"admin"}		[]	[]	f
4moqy8abcb8rbjre6nsn3mh6je	1672308592606	1672308592606	0	0	f	7m6hc4oompb7mexf9muuppdd6r	cxtmz3ubz3gfigd5m6prendmsw				matrix_matrix_a joined the team.	system_join_team	{"username":"matrix_matrix_a"}		[]	[]	f
ehunyscpkjnzukadxby7ofnn3a	1672308592617	1672308592617	0	0	f	7buk99iowt8mipptoftdgimmhy	cxtmz3ubz3gfigd5m6prendmsw				matrix_matrix_b joined the team.	system_join_team	{"username":"matrix_matrix_b"}		[]	[]	f
44ytz47pm3r6mmyap7g3bngbdr	1672308592649	1672308592649	0	0	f	7buk99iowt8mipptoftdgimmhy	73uy6kj1jb8wdqrf3ti6zies6r				matrix_matrix_b joined the channel.	system_join_channel	{"username":"matrix_matrix_b"}		[]	[]	f
93gwkdk7rfrsfnp7ct41rit4cr	1672312506110	1672312506110	0	0	f	5bw66y36bff3umq1q57mfy4y5c	cxtmz3ubz3gfigd5m6prendmsw				test		{}		[]	[]	f
g4raeez3jj8r7p1occaymuxuwh	1672312535878	1672312535878	0	0	f	3zats68fztgu9mgu944a4t35so	cxtmz3ubz3gfigd5m6prendmsw	nz386cxdqibfjggps36ec3cwta	nz386cxdqibfjggps36ec3cwta		second mm message		{}		[]	[]	f
po1pmyzanfyjjra7u7ty437mhr	1672312535969	1672312535969	0	0	f	5bw66y36bff3umq1q57mfy4y5c	cxtmz3ubz3gfigd5m6prendmsw	nz386cxdqibfjggps36ec3cwta	nz386cxdqibfjggps36ec3cwta		third mm message		{}		[]	[]	f
nz386cxdqibfjggps36ec3cwta	1672312535805	1672312535969	0	0	f	5bw66y36bff3umq1q57mfy4y5c	cxtmz3ubz3gfigd5m6prendmsw				first mm message		{}		[]	[]	f
cycnpsyympgm7bpjop87kqfp7c	1672312691241	1672312691241	0	0	f	7buk99iowt8mipptoftdgimmhy	73uy6kj1jb8wdqrf3ti6zies6r	aayo4sdzpjdhibh5c778zsox7w	aayo4sdzpjdhibh5c778zsox7w		second matrix message		{}		[]	[]	f
7r946qpjx3yh5y3wdar1qjx1xa	1672312691308	1672312691308	0	0	f	7m6hc4oompb7mexf9muuppdd6r	73uy6kj1jb8wdqrf3ti6zies6r	aayo4sdzpjdhibh5c778zsox7w	aayo4sdzpjdhibh5c778zsox7w		third matrix message		{}		[]	[]	f
aayo4sdzpjdhibh5c778zsox7w	1672312691035	1672312691308	0	0	f	7m6hc4oompb7mexf9muuppdd6r	73uy6kj1jb8wdqrf3ti6zies6r				first matrix message		{}		[]	[]	f
m7o78bmd9trpjm3ix85er1n7br	1672312692120	1672312692120	0	0	f	7buk99iowt8mipptoftdgimmhy	cxtmz3ubz3gfigd5m6prendmsw	jxp6r9w5cinhxxgpq3ba3cbtre	jxp6r9w5cinhxxgpq3ba3cbtre		second message		{}		[]	[]	f
oox994g44tdqjc3jojh57sqspa	1672312692266	1672312692266	0	0	f	5bw66y36bff3umq1q57mfy4y5c	cxtmz3ubz3gfigd5m6prendmsw	jxp6r9w5cinhxxgpq3ba3cbtre	jxp6r9w5cinhxxgpq3ba3cbtre		third message		{}		[]	[]	f
jxp6r9w5cinhxxgpq3ba3cbtre	1672312691361	1672312692266	0	0	f	5bw66y36bff3umq1q57mfy4y5c	cxtmz3ubz3gfigd5m6prendmsw				first message		{}		[]	[]	f
1rqei99sip8uzm1hfhthaeoeya	1672312693371	1672312693644	0	1672312693644	f	7m6hc4oompb7mexf9muuppdd6r	73uy6kj1jb8wdqrf3ti6zies6r	ahrks1c17jdd8dhmw5djju6ibe	ahrks1c17jdd8dhmw5djju6ibe		reply message		{"deleteBy":"bmq7jiumpib3xdz3mx5iyo99ro"}		[]	[]	f
ahrks1c17jdd8dhmw5djju6ibe	1672312693166	1672312693644	0	1672312693644	f	7m6hc4oompb7mexf9muuppdd6r	73uy6kj1jb8wdqrf3ti6zies6r				root message		{"deleteBy":"bmq7jiumpib3xdz3mx5iyo99ro"}		[]	[]	f
r1in1d4uwfrt3rd1zu3qgittba	1672312693766	1672312693766	0	0	f	7m6hc4oompb7mexf9muuppdd6r	73uy6kj1jb8wdqrf3ti6zies6r				last message		{}		[]	[]	f
nz5jfpeocfd6xg9o44g7yhkidr	1672312696248	1672312696248	0	0	f	5bw66y36bff3umq1q57mfy4y5c	cxtmz3ubz3gfigd5m6prendmsw	a6hb7n86y38y9cr7w75opwyace	a6hb7n86y38y9cr7w75opwyace		new message		{}		[]	[]	f
a6hb7n86y38y9cr7w75opwyace	1672312694177	1672312696248	0	0	f	5bw66y36bff3umq1q57mfy4y5c	cxtmz3ubz3gfigd5m6prendmsw				hidden message		{}		[]	[]	f
1pgot5xu9tbkmmfnhm9ou51jdo	1672314814333	1672314814333	0	0	f	5bw66y36bff3umq1q57mfy4y5c	73uy6kj1jb8wdqrf3ti6zies6r				@mattermost_a left the channel.	system_leave_channel	{"username":"mattermost_a"}		[]	[]	f
k7cxwd7hrfgsmfieby9pf5ooiw	1672314814589	1672314814589	0	0	f	5bw66y36bff3umq1q57mfy4y5c	73uy6kj1jb8wdqrf3ti6zies6r				mattermost_a joined the channel.	system_join_channel	{"username":"mattermost_a"}		[]	[]	f
7i4iytwjgpru3kyndxofg4ujar	1672314815085	1672314815085	0	0	f	bmq7jiumpib3xdz3mx5iyo99ro	73uy6kj1jb8wdqrf3ti6zies6r				@matrix_matrix_a removed from the channel.	system_remove_from_channel	{"removedUserId":"7m6hc4oompb7mexf9muuppdd6r","removedUsername":"matrix_matrix_a"}		[]	[]	f
3ugky6cq7pdt3r4we1e7ttojpw	1672314815382	1672314815382	0	0	f	bmq7jiumpib3xdz3mx5iyo99ro	73uy6kj1jb8wdqrf3ti6zies6r				matrix_matrix_a added to the channel by admin.	system_add_to_channel	{"addedUserId":"7m6hc4oompb7mexf9muuppdd6r","addedUsername":"matrix_matrix_a","userId":"bmq7jiumpib3xdz3mx5iyo99ro","username":"admin"}		[]	[]	f
qck8574smiysm858pfo1iz6eth	1672314815585	1672314815585	0	0	f	bmq7jiumpib3xdz3mx5iyo99ro	73uy6kj1jb8wdqrf3ti6zies6r				@matrix_matrix_a removed from the channel.	system_remove_from_channel	{"removedUserId":"7m6hc4oompb7mexf9muuppdd6r","removedUsername":"matrix_matrix_a"}		[]	[]	f
95ep1rbb57ntbyjma1xfgboyzo	1672314815839	1672314815839	0	0	f	7m6hc4oompb7mexf9muuppdd6r	cxtmz3ubz3gfigd5m6prendmsw				matrix_matrix_a left the team.	system_leave_team	{"username":"matrix_matrix_a"}		[]	[]	f
hu46q1xdhigcuxdqk6bjuz6afa	1672314816237	1672314816237	0	0	f	7m6hc4oompb7mexf9muuppdd6r	cxtmz3ubz3gfigd5m6prendmsw				matrix_matrix_a joined the team.	system_join_team	{"username":"matrix_matrix_a"}		[]	[]	f
1im9udngw3dsp8ffgze8h4iu3w	1672314818425	1672314818425	0	0	f	bmq7jiumpib3xdz3mx5iyo99ro	73uy6kj1jb8wdqrf3ti6zies6r				admin joined the channel.	system_join_channel	{"username":"admin"}		[]	[]	f
apuxthakxbyxi8er94z6wutr7e	1672314833525	1672314833525	0	0	f	7m6hc4oompb7mexf9muuppdd6r	cxtmz3ubz3gfigd5m6prendmsw				test2		{}		[]	[]	f
f6wijmoeujnebnynsgp7s14ukw	1672314833960	1672314833960	0	0	f	7buk99iowt8mipptoftdgimmhy	cxtmz3ubz3gfigd5m6prendmsw				Header\n======\n\n**Bolded text**		{}		[]	[]	f
az9cwtqt7fdeby65ewt5byk8cw	1672314837778	1672314837778	0	0	f	7m6hc4oompb7mexf9muuppdd6r	73uy6kj1jb8wdqrf3ti6zies6r				hidden message		{}		[]	[]	f
yqk1q63fgj86pxgahge8nsozyy	1672314857886	1672314857886	0	0	f	3zats68fztgu9mgu944a4t35so	cxtmz3ubz3gfigd5m6prendmsw	fecakni1tf8f5kkik3yzs86jjr	fecakni1tf8f5kkik3yzs86jjr		second mm message		{}		[]	[]	f
3oihhxyonpdjjng1anmuhp846a	1672314858643	1672314858973	0	0	f	7m6hc4oompb7mexf9muuppdd6r	73uy6kj1jb8wdqrf3ti6zies6r				first matrix message		{}		[]	[]	f
w79opd1mojd35p9dusyxkmbqre	1672314859419	1672314859419	0	0	f	7buk99iowt8mipptoftdgimmhy	cxtmz3ubz3gfigd5m6prendmsw	9f1jhutcabfe5k8e6a4q7fi8me	9f1jhutcabfe5k8e6a4q7fi8me		second message		{}		[]	[]	f
u731qrgg4idt3e43mk6gkakgxr	1672314816258	1672314816258	0	0	f	7m6hc4oompb7mexf9muuppdd6r	73uy6kj1jb8wdqrf3ti6zies6r				matrix_matrix_a joined the channel.	system_join_channel	{"username":"matrix_matrix_a"}		[]	[]	f
fzoue6pfntgb5qb69yz1fk1yih	1672314816310	1672314816310	0	0	f	bmq7jiumpib3xdz3mx5iyo99ro	73uy6kj1jb8wdqrf3ti6zies6r				@matrix_matrix_a removed from the channel.	system_remove_from_channel	{"removedUserId":"7m6hc4oompb7mexf9muuppdd6r","removedUsername":"matrix_matrix_a"}		[]	[]	f
mh4q8ah9gbgs5xyq9xndawmimo	1672314816605	1672314816605	0	0	f	bmq7jiumpib3xdz3mx5iyo99ro	73uy6kj1jb8wdqrf3ti6zies6r				matrix_matrix_a added to the channel by admin.	system_add_to_channel	{"addedUserId":"7m6hc4oompb7mexf9muuppdd6r","addedUsername":"matrix_matrix_a","userId":"bmq7jiumpib3xdz3mx5iyo99ro","username":"admin"}		[]	[]	f
qbcc6x7cj7y9jjhy79nbkpw4yh	1672314817350	1672314817350	0	0	f	7buk99iowt8mipptoftdgimmhy	cxtmz3ubz3gfigd5m6prendmsw				matrix_matrix_b left the team.	system_leave_team	{"username":"matrix_matrix_b"}		[]	[]	f
ksbm55b1xbr8dxz5yd19kib5za	1672314818384	1672314818384	0	0	f	bmq7jiumpib3xdz3mx5iyo99ro	cxtmz3ubz3gfigd5m6prendmsw				admin joined the team.	system_join_team	{"username":"admin"}		[]	[]	f
ui49ts1wg7fqxyjegeo6rn1xtc	1672314818818	1672314818818	0	0	f	7m6hc4oompb7mexf9muuppdd6r	cxtmz3ubz3gfigd5m6prendmsw				matrix_matrix_a joined the team.	system_join_team	{"username":"matrix_matrix_a"}		[]	[]	f
7t54wkz3yfby9cjzr1m9x7foqc	1672314818841	1672314818841	0	0	f	7m6hc4oompb7mexf9muuppdd6r	73uy6kj1jb8wdqrf3ti6zies6r				matrix_matrix_a joined the channel.	system_join_channel	{"username":"matrix_matrix_a"}		[]	[]	f
3fbjqb838t8h7c56rdr6c65jdc	1672314818845	1672314818845	0	0	f	7buk99iowt8mipptoftdgimmhy	73uy6kj1jb8wdqrf3ti6zies6r				matrix_matrix_b joined the channel.	system_join_channel	{"username":"matrix_matrix_b"}		[]	[]	f
8km7dejhpjrbdq199o5ns7mfhw	1672314834453	1672314834453	0	0	f	3zats68fztgu9mgu944a4t35so	73uy6kj1jb8wdqrf3ti6zies6r				filename		{}		[]	["hn6au1ebf3r98j6obi4a8n3fba"]	f
87t9bqhpajne8g118i65y9i8zo	1672314857939	1672314857939	0	0	f	5bw66y36bff3umq1q57mfy4y5c	cxtmz3ubz3gfigd5m6prendmsw	fecakni1tf8f5kkik3yzs86jjr	fecakni1tf8f5kkik3yzs86jjr		third mm message		{}		[]	[]	f
n3srszq9mpr1zp1g4wg9ywwkhy	1672314858833	1672314858833	0	0	f	7buk99iowt8mipptoftdgimmhy	73uy6kj1jb8wdqrf3ti6zies6r	3oihhxyonpdjjng1anmuhp846a	3oihhxyonpdjjng1anmuhp846a		second matrix message		{}		[]	[]	f
5psz9y37ip8ypymgq5o3ss9gfa	1672314858973	1672314858973	0	0	f	7m6hc4oompb7mexf9muuppdd6r	73uy6kj1jb8wdqrf3ti6zies6r	3oihhxyonpdjjng1anmuhp846a	3oihhxyonpdjjng1anmuhp846a		third matrix message		{}		[]	[]	f
9f1jhutcabfe5k8e6a4q7fi8me	1672314859052	1672314859480	0	0	f	5bw66y36bff3umq1q57mfy4y5c	cxtmz3ubz3gfigd5m6prendmsw				first message		{}		[]	[]	f
m8jiqgcy4bbpzgo4mni1n7rrhy	1672314859897	1672314860226	0	1672314860226	f	7m6hc4oompb7mexf9muuppdd6r	73uy6kj1jb8wdqrf3ti6zies6r				root message		{"deleteBy":"bmq7jiumpib3xdz3mx5iyo99ro"}		[]	[]	f
u8jzfir1apfgzny77q3szgc1ny	1672314860335	1672314860335	0	0	f	7m6hc4oompb7mexf9muuppdd6r	73uy6kj1jb8wdqrf3ti6zies6r				last message		{}		[]	[]	f
z4hb8n1gofd6dy4xc3kgsxn3yh	1672314861866	1672314861866	0	0	f	5bw66y36bff3umq1q57mfy4y5c	cxtmz3ubz3gfigd5m6prendmsw	zzinuh5p7bdkmxshrcx6snas7e	zzinuh5p7bdkmxshrcx6snas7e		new message		{}		[]	[]	f
zzinuh5p7bdkmxshrcx6snas7e	1672314860441	1672314861866	0	0	f	5bw66y36bff3umq1q57mfy4y5c	cxtmz3ubz3gfigd5m6prendmsw				hidden message		{}		[]	[]	f
4pj5e79a8inj5jgujms1htr7qa	1672314817351	1672314817351	0	0	f	7m6hc4oompb7mexf9muuppdd6r	cxtmz3ubz3gfigd5m6prendmsw				matrix_matrix_a left the team.	system_leave_team	{"username":"matrix_matrix_a"}		[]	[]	f
c4bgaweugfrd3rndr373adahco	1672314817464	1672314817464	0	0	f	bmq7jiumpib3xdz3mx5iyo99ro	cxtmz3ubz3gfigd5m6prendmsw				admin left the team.	system_leave_team	{"username":"admin"}		[]	[]	f
5mic3dysbpdtzej3fzwhy8j69h	1672314818812	1672314818812	0	0	f	7buk99iowt8mipptoftdgimmhy	cxtmz3ubz3gfigd5m6prendmsw				matrix_matrix_b joined the team.	system_join_team	{"username":"matrix_matrix_b"}		[]	[]	f
168ud38nq7yz8kqwy511b968ke	1672314829675	1672314829675	0	0	f	5bw66y36bff3umq1q57mfy4y5c	cxtmz3ubz3gfigd5m6prendmsw				test		{}		[]	[]	f
t446m1s1ztb1uqmwme5bph887h	1672314833607	1672314833607	0	0	f	5bw66y36bff3umq1q57mfy4y5c	cxtmz3ubz3gfigd5m6prendmsw				# Header\n\n**bold**		{}		[]	[]	f
cd54rifrrjdfmf8tfpmpo4jtce	1672314834038	1672314834038	0	0	f	5bw66y36bff3umq1q57mfy4y5c	73uy6kj1jb8wdqrf3ti6zies6r				*hi me*	me	{"message":"hi me"}		[]	[]	f
dfabwqtngiy63prwyhzguyt15e	1672314834344	1672314834344	0	0	f	7m6hc4oompb7mexf9muuppdd6r	cxtmz3ubz3gfigd5m6prendmsw				*test*	me	{"message":"test"}		[]	[]	f
5rdyrzt9f38i9ni3sgdruxb94y	1672314835168	1672314835168	0	0	f	7m6hc4oompb7mexf9muuppdd6r	cxtmz3ubz3gfigd5m6prendmsw						{}		[]	["g3hrez8i578ufcf9ddireystxa"]	f
fecakni1tf8f5kkik3yzs86jjr	1672314857826	1672314857939	0	0	f	5bw66y36bff3umq1q57mfy4y5c	cxtmz3ubz3gfigd5m6prendmsw				first mm message		{}		[]	[]	f
wnuznbbi9jyefqtogn9rhtp6jw	1672314859480	1672314859480	0	0	f	5bw66y36bff3umq1q57mfy4y5c	cxtmz3ubz3gfigd5m6prendmsw	9f1jhutcabfe5k8e6a4q7fi8me	9f1jhutcabfe5k8e6a4q7fi8me		third message		{}		[]	[]	f
jz76cwude3r67po9xtg39ia39o	1672314860078	1672314860226	0	1672314860226	f	7m6hc4oompb7mexf9muuppdd6r	73uy6kj1jb8wdqrf3ti6zies6r	m8jiqgcy4bbpzgo4mni1n7rrhy	m8jiqgcy4bbpzgo4mni1n7rrhy		reply message		{"deleteBy":"bmq7jiumpib3xdz3mx5iyo99ro"}		[]	[]	f
9uzy5cfm8ffbmqjrgheegu59go	1672315004620	1672315004620	0	0	f	3zats68fztgu9mgu944a4t35so	cxtmz3ubz3gfigd5m6prendmsw	9411xmani3bsjc7trmd1nmiowh	9411xmani3bsjc7trmd1nmiowh		second mm message		{}		[]	[]	f
aegkz85sgbgzik1ok6o5irxm9a	1672315004689	1672315004689	0	0	f	5bw66y36bff3umq1q57mfy4y5c	cxtmz3ubz3gfigd5m6prendmsw	9411xmani3bsjc7trmd1nmiowh	9411xmani3bsjc7trmd1nmiowh		third mm message		{}		[]	[]	f
9411xmani3bsjc7trmd1nmiowh	1672315004508	1672315004689	0	0	f	5bw66y36bff3umq1q57mfy4y5c	cxtmz3ubz3gfigd5m6prendmsw				first mm message		{}		[]	[]	f
q8m1bndz778kpcphtz5nijqccw	1672315005993	1672315005993	0	0	f	7buk99iowt8mipptoftdgimmhy	73uy6kj1jb8wdqrf3ti6zies6r	9ihkg14b838ud8d8megmug1hgc	9ihkg14b838ud8d8megmug1hgc		second matrix message		{}		[]	[]	f
1iui7u3bg3ytxn7fjxo7gk5n1c	1672315006199	1672315006199	0	0	f	7m6hc4oompb7mexf9muuppdd6r	73uy6kj1jb8wdqrf3ti6zies6r	9ihkg14b838ud8d8megmug1hgc	9ihkg14b838ud8d8megmug1hgc		third matrix message		{}		[]	[]	f
9ihkg14b838ud8d8megmug1hgc	1672315005761	1672315006199	0	0	f	7m6hc4oompb7mexf9muuppdd6r	73uy6kj1jb8wdqrf3ti6zies6r				first matrix message		{}		[]	[]	f
cj6t7j8x8ffx9bi4bysaeswwqa	1672315006650	1672315006650	0	0	f	7buk99iowt8mipptoftdgimmhy	cxtmz3ubz3gfigd5m6prendmsw	pk919jf3abdoifaw9sz7tygony	pk919jf3abdoifaw9sz7tygony		second message		{}		[]	[]	f
wafanm1gsfrnicfs7bezo7b8je	1672315006726	1672315006726	0	0	f	5bw66y36bff3umq1q57mfy4y5c	cxtmz3ubz3gfigd5m6prendmsw	pk919jf3abdoifaw9sz7tygony	pk919jf3abdoifaw9sz7tygony		third message		{}		[]	[]	f
pk919jf3abdoifaw9sz7tygony	1672315006283	1672315006726	0	0	f	5bw66y36bff3umq1q57mfy4y5c	cxtmz3ubz3gfigd5m6prendmsw				first message		{}		[]	[]	f
w15brdeztt8wtxmknykyheuiaw	1672315007301	1672315007486	0	1672315007486	f	7m6hc4oompb7mexf9muuppdd6r	73uy6kj1jb8wdqrf3ti6zies6r	pohupwaz67dgpby7nsmffa9rce	pohupwaz67dgpby7nsmffa9rce		reply message		{"deleteBy":"bmq7jiumpib3xdz3mx5iyo99ro"}		[]	[]	f
pohupwaz67dgpby7nsmffa9rce	1672315007129	1672315007486	0	1672315007486	f	7m6hc4oompb7mexf9muuppdd6r	73uy6kj1jb8wdqrf3ti6zies6r				root message		{"deleteBy":"bmq7jiumpib3xdz3mx5iyo99ro"}		[]	[]	f
uamtbjhemjf4imhp4oee7g5bry	1672315007567	1672315007567	0	0	f	7m6hc4oompb7mexf9muuppdd6r	73uy6kj1jb8wdqrf3ti6zies6r				last message		{}		[]	[]	f
7yndc37wptf3tbrqmwxjcyco5a	1672315008985	1672315008985	0	0	f	5bw66y36bff3umq1q57mfy4y5c	cxtmz3ubz3gfigd5m6prendmsw	hhfe68ot1f8ktr9pttc6eesgma	hhfe68ot1f8ktr9pttc6eesgma		new message		{}		[]	[]	f
hhfe68ot1f8ktr9pttc6eesgma	1672315007659	1672315008985	0	0	f	5bw66y36bff3umq1q57mfy4y5c	cxtmz3ubz3gfigd5m6prendmsw				hidden message		{}		[]	[]	f
runzcax383f9pyx4dgw9xe688o	1672317654054	1672317654054	0	0	f	3zats68fztgu9mgu944a4t35so	cxtmz3ubz3gfigd5m6prendmsw	toashiar8pbqzkhtyspmjy5ouc	toashiar8pbqzkhtyspmjy5ouc		second mm message		{}		[]	[]	f
ztc1jtdakt8riqxuqodbsmybka	1672317654095	1672317654095	0	0	f	5bw66y36bff3umq1q57mfy4y5c	cxtmz3ubz3gfigd5m6prendmsw	toashiar8pbqzkhtyspmjy5ouc	toashiar8pbqzkhtyspmjy5ouc		third mm message		{}		[]	[]	f
toashiar8pbqzkhtyspmjy5ouc	1672317653972	1672317654095	0	0	f	5bw66y36bff3umq1q57mfy4y5c	cxtmz3ubz3gfigd5m6prendmsw				first mm message		{}		[]	[]	f
9x5p3qjbkpnadqm7uuky8ukz6c	1672317655029	1672317655029	0	0	f	7buk99iowt8mipptoftdgimmhy	73uy6kj1jb8wdqrf3ti6zies6r	jffnxp8epbgrzytgne139idh3e	jffnxp8epbgrzytgne139idh3e		second matrix message		{}		[]	[]	f
bgmoha6rxtgajfttfe4xprtnih	1672317655182	1672317655182	0	0	f	7m6hc4oompb7mexf9muuppdd6r	73uy6kj1jb8wdqrf3ti6zies6r	jffnxp8epbgrzytgne139idh3e	jffnxp8epbgrzytgne139idh3e		third matrix message		{}		[]	[]	f
jffnxp8epbgrzytgne139idh3e	1672317654847	1672317655182	0	0	f	7m6hc4oompb7mexf9muuppdd6r	73uy6kj1jb8wdqrf3ti6zies6r				first matrix message		{}		[]	[]	f
buszbabdtfn1dndtww437b6j5h	1672317655654	1672317655654	0	0	f	7buk99iowt8mipptoftdgimmhy	cxtmz3ubz3gfigd5m6prendmsw	ps86c8bpzty888yx1godnrr6tw	ps86c8bpzty888yx1godnrr6tw		second message		{}		[]	[]	f
6ghcxjotxpgczbf4q5d5r6ss7y	1672317655739	1672317655739	0	0	f	5bw66y36bff3umq1q57mfy4y5c	cxtmz3ubz3gfigd5m6prendmsw	ps86c8bpzty888yx1godnrr6tw	ps86c8bpzty888yx1godnrr6tw		third message		{}		[]	[]	f
ps86c8bpzty888yx1godnrr6tw	1672317655259	1672317655739	0	0	f	5bw66y36bff3umq1q57mfy4y5c	cxtmz3ubz3gfigd5m6prendmsw				first message		{}		[]	[]	f
a6xjgts4hbro8qyccitqfyu5do	1672317656465	1672317656625	0	1672317656625	f	7m6hc4oompb7mexf9muuppdd6r	73uy6kj1jb8wdqrf3ti6zies6r	4ze68kh6nbrj9gemi3yk3b89uo	4ze68kh6nbrj9gemi3yk3b89uo		reply message		{"deleteBy":"bmq7jiumpib3xdz3mx5iyo99ro"}		[]	[]	f
7ozy6u9j63b1pxuoom3ie43f4a	1672317656753	1672317656753	0	0	f	7m6hc4oompb7mexf9muuppdd6r	73uy6kj1jb8wdqrf3ti6zies6r				last message		{}		[]	[]	f
hzh47y16zjb33p1qr8sjzqwewe	1672317897395	1672317897395	0	0	f	5bw66y36bff3umq1q57mfy4y5c	cxtmz3ubz3gfigd5m6prendmsw	x4uh8rzrbjruik5s4ubewxbp9h	x4uh8rzrbjruik5s4ubewxbp9h		third mm message		{}		[]	[]	f
4ze68kh6nbrj9gemi3yk3b89uo	1672317656126	1672317656625	0	1672317656625	f	7m6hc4oompb7mexf9muuppdd6r	73uy6kj1jb8wdqrf3ti6zies6r				root message		{"deleteBy":"bmq7jiumpib3xdz3mx5iyo99ro"}		[]	[]	f
x4uh8rzrbjruik5s4ubewxbp9h	1672317897280	1672317897395	0	0	f	5bw66y36bff3umq1q57mfy4y5c	cxtmz3ubz3gfigd5m6prendmsw				first mm message		{}		[]	[]	f
4h5z69rjgjdsupbna7i6wuxjnr	1672317899858	1672317899858	0	0	f	7m6hc4oompb7mexf9muuppdd6r	73uy6kj1jb8wdqrf3ti6zies6r				last message		{}		[]	[]	f
bqktopp983nabk1k7gbzpr8f9h	1672317658241	1672317658241	0	0	f	5bw66y36bff3umq1q57mfy4y5c	cxtmz3ubz3gfigd5m6prendmsw	bhjqjwnfbjrudc4hwfd9pxmt1o	bhjqjwnfbjrudc4hwfd9pxmt1o		new message		{}		[]	[]	f
kti3cqy11bgztfkwtqxgqpqg1a	1672317897351	1672317897351	0	0	f	3zats68fztgu9mgu944a4t35so	cxtmz3ubz3gfigd5m6prendmsw	x4uh8rzrbjruik5s4ubewxbp9h	x4uh8rzrbjruik5s4ubewxbp9h		second mm message		{}		[]	[]	f
5didoed3ifr38k31nced1xiaae	1672317898905	1672317898905	0	0	f	7buk99iowt8mipptoftdgimmhy	cxtmz3ubz3gfigd5m6prendmsw	rcq9j7feiirsd8nd85djs6opdw	rcq9j7feiirsd8nd85djs6opdw		second message		{}		[]	[]	f
bhjqjwnfbjrudc4hwfd9pxmt1o	1672317656852	1672317658241	0	0	f	5bw66y36bff3umq1q57mfy4y5c	cxtmz3ubz3gfigd5m6prendmsw				hidden message		{}		[]	[]	f
kcfzupuwzjbzmjs3fyodmmnd6y	1672317899576	1672317899748	0	1672317899748	f	7m6hc4oompb7mexf9muuppdd6r	73uy6kj1jb8wdqrf3ti6zies6r	q449uxzg5bd87rrfh55415ix5a	q449uxzg5bd87rrfh55415ix5a		reply message		{"deleteBy":"bmq7jiumpib3xdz3mx5iyo99ro"}		[]	[]	f
3o9eworfrbrydpi9snqrrkts9r	1672317898498	1672317898498	0	0	f	7m6hc4oompb7mexf9muuppdd6r	73uy6kj1jb8wdqrf3ti6zies6r	fq8tzzaa738adpm6eypjtijhuw	fq8tzzaa738adpm6eypjtijhuw		third matrix message		{}		[]	[]	f
fq8tzzaa738adpm6eypjtijhuw	1672317898139	1672317898498	0	0	f	7m6hc4oompb7mexf9muuppdd6r	73uy6kj1jb8wdqrf3ti6zies6r				first matrix message		{}		[]	[]	f
q449uxzg5bd87rrfh55415ix5a	1672317899392	1672317899748	0	1672317899748	f	7m6hc4oompb7mexf9muuppdd6r	73uy6kj1jb8wdqrf3ti6zies6r				root message		{"deleteBy":"bmq7jiumpib3xdz3mx5iyo99ro"}		[]	[]	f
a91ozxwa9jdkpriaf4chqx7azh	1672317898347	1672317898347	0	0	f	7buk99iowt8mipptoftdgimmhy	73uy6kj1jb8wdqrf3ti6zies6r	fq8tzzaa738adpm6eypjtijhuw	fq8tzzaa738adpm6eypjtijhuw		second matrix message		{}		[]	[]	f
gpz3eibemfn6dfz8yjdb35ocbc	1672317898982	1672317898982	0	0	f	5bw66y36bff3umq1q57mfy4y5c	cxtmz3ubz3gfigd5m6prendmsw	rcq9j7feiirsd8nd85djs6opdw	rcq9j7feiirsd8nd85djs6opdw		third message		{}		[]	[]	f
rcq9j7feiirsd8nd85djs6opdw	1672317898571	1672317898982	0	0	f	5bw66y36bff3umq1q57mfy4y5c	cxtmz3ubz3gfigd5m6prendmsw				first message		{}		[]	[]	f
u9e9h9r56jg8xcs4upheid3tpa	1672317901660	1672317901660	0	0	f	5bw66y36bff3umq1q57mfy4y5c	cxtmz3ubz3gfigd5m6prendmsw	cnrwcx54g7ddubcgeg83aprese	cnrwcx54g7ddubcgeg83aprese		new message		{}		[]	[]	f
cnrwcx54g7ddubcgeg83aprese	1672317899954	1672317901660	0	0	f	5bw66y36bff3umq1q57mfy4y5c	cxtmz3ubz3gfigd5m6prendmsw				hidden message		{}		[]	[]	f
\.


--
-- Data for Name: preferences; Type: TABLE DATA; Schema: public; Owner: mattermost
--

COPY public.preferences (userid, category, name, value) FROM stdin;
bmq7jiumpib3xdz3mx5iyo99ro	tutorial_step	bmq7jiumpib3xdz3mx5iyo99ro	0
5bw66y36bff3umq1q57mfy4y5c	tutorial_step	5bw66y36bff3umq1q57mfy4y5c	0
0z4okgmv5lfhx3p0tf6pnpk8sk	tutorial_step	0z4okgmv5lfhx3p0tf6pnpk8sk	0
3zats68fztgu9mgu944a4t35so	tutorial_step	3zats68fztgu9mgu944a4t35so	0
7m6hc4oompb7mexf9muuppdd6r	tutorial_step	7m6hc4oompb7mexf9muuppdd6r	0
7buk99iowt8mipptoftdgimmhy	tutorial_step	7buk99iowt8mipptoftdgimmhy	0
\.


--
-- Data for Name: publicchannels; Type: TABLE DATA; Schema: public; Owner: mattermost
--

COPY public.publicchannels (id, deleteat, teamid, displayname, name, header, purpose) FROM stdin;
cxtmz3ubz3gfigd5m6prendmsw	0	tgrw7sjgbiy1jggs3qg3m6zpee	Town Square	town-square		
73uy6kj1jb8wdqrf3ti6zies6r	0	tgrw7sjgbiy1jggs3qg3m6zpee	Off-Topic	off-topic		
\.


--
-- Data for Name: reactions; Type: TABLE DATA; Schema: public; Owner: mattermost
--

COPY public.reactions (userid, postid, emojiname, createat) FROM stdin;
\.


--
-- Data for Name: roles; Type: TABLE DATA; Schema: public; Owner: mattermost
--

COPY public.roles (id, name, displayname, description, createat, updateat, deleteat, permissions, schememanaged, builtin) FROM stdin;
cqedmkhfmtfhidp18w8pkogtpa	team_post_all	authentication.roles.team_post_all.name	authentication.roles.team_post_all.description	1598351767777	1598351767984	0	 use_channel_mentions create_post use_group_mentions	f	t
jdfscmmwq7yc9pb3j8egpkrhgo	team_admin	authentication.roles.team_admin.name	authentication.roles.team_admin.description	1598351767783	1598351767985	0	 delete_post manage_private_channel_members create_post manage_channel_roles manage_outgoing_webhooks manage_others_outgoing_webhooks use_channel_mentions manage_team_roles delete_others_posts manage_slash_commands use_group_mentions remove_user_from_team add_reaction manage_others_slash_commands manage_others_incoming_webhooks remove_reaction import_team manage_public_channel_members manage_incoming_webhooks manage_team	t	t
qj5hbu454fn63njq69nni3drxh	system_post_all	authentication.roles.system_post_all.name	authentication.roles.system_post_all.description	1598351767778	1598351767986	0	 create_post use_channel_mentions use_group_mentions	f	t
abmhgi8pa3robkzd7kfzongfmc	system_guest	authentication.roles.global_guest.name	authentication.roles.global_guest.description	1598351767761	1598351767987	0	 create_direct_channel create_group_channel	t	t
3sojxu7t47r95cfjs94yywyd9c	system_post_all_public	authentication.roles.system_post_all_public.name	authentication.roles.system_post_all_public.description	1598351767764	1598351767988	0	 create_post_public use_channel_mentions use_group_mentions	f	t
xqc3eckiafg5i86jthcwbazdpy	team_user	authentication.roles.team_user.name	authentication.roles.team_user.description	1598351767784	1598351767979	0	 create_private_channel invite_user add_user_to_team list_team_channels join_public_channels read_public_channel view_team create_public_channel	t	t
go6yxappktb93quowz9j6mkjra	team_post_all_public	authentication.roles.team_post_all_public.name	authentication.roles.team_post_all_public.description	1598351767786	1598351767981	0	 create_post_public use_group_mentions use_channel_mentions	f	t
getwmro16pd7jrn1oqrkmn1wsw	system_user	authentication.roles.global_user.name	authentication.roles.global_user.description	1598351767781	1598351767981	0	 create_emojis delete_emojis list_public_teams join_public_teams create_direct_channel create_group_channel view_members create_team	t	t
ghsp7z49qbbi5bhuoqaqqs6ake	channel_admin	authentication.roles.channel_admin.name	authentication.roles.channel_admin.description	1598351767766	1598351767982	0	 manage_private_channel_members use_channel_mentions manage_channel_roles use_group_mentions create_post add_reaction remove_reaction manage_public_channel_members	t	t
t6x4ph1uojb398ciuhkgqzexfw	channel_user	authentication.roles.channel_user.name	authentication.roles.channel_user.description	1598351767775	1598351767983	0	 use_channel_mentions add_reaction manage_private_channel_properties manage_private_channel_members manage_public_channel_members manage_public_channel_properties edit_post delete_private_channel use_group_mentions create_post read_channel delete_public_channel remove_reaction upload_file use_slash_commands get_public_link delete_post	t	t
gygr3fd64p8izpynu6uef8jq3r	channel_guest	authentication.roles.channel_guest.name	authentication.roles.channel_guest.description	1598351767780	1598351767988	0	 remove_reaction upload_file edit_post create_post use_channel_mentions use_slash_commands read_channel add_reaction	t	t
jgrdf15eifyu5gsrum87u8ka5y	team_guest	authentication.roles.team_guest.name	authentication.roles.team_guest.description	1598351767768	1598351767989	0	 view_team	t	t
sw8erru9jjyzfegokosh9sb15h	system_user_access_token	authentication.roles.system_user_access_token.name	authentication.roles.system_user_access_token.description	1598351767769	1598351767990	0	 create_user_access_token read_user_access_token revoke_user_access_token	f	t
nypn4aniofbf9eu4efqkb1n56y	system_admin	authentication.roles.global_admin.name	authentication.roles.global_admin.description	1598351767771	1598351767991	0	 manage_channel_roles read_public_channel read_user_access_token invite_guest manage_oauth add_reaction manage_bots manage_slash_commands assign_system_admin_role create_post list_users_without_team list_private_teams invite_user delete_post create_emojis add_user_to_team manage_public_channel_members manage_outgoing_webhooks manage_others_slash_commands list_team_channels remove_reaction delete_public_channel read_channel remove_others_reactions delete_emojis remove_user_from_team create_private_channel manage_others_incoming_webhooks create_team edit_post manage_private_channel_members manage_jobs delete_others_posts manage_team_roles create_bot manage_private_channel_properties read_others_bots manage_system_wide_oauth create_public_channel join_public_channels use_slash_commands view_team join_private_teams edit_others_posts manage_others_bots create_post_public read_bots edit_other_users manage_system delete_others_emojis use_group_mentions create_user_access_token manage_public_channel_properties manage_roles promote_guest use_channel_mentions revoke_user_access_token manage_team manage_others_outgoing_webhooks manage_incoming_webhooks get_public_link import_team upload_file view_members delete_private_channel create_post_ephemeral demote_to_guest	t	t
\.


--
-- Data for Name: schemes; Type: TABLE DATA; Schema: public; Owner: mattermost
--

COPY public.schemes (id, name, displayname, description, createat, updateat, deleteat, scope, defaultteamadminrole, defaultteamuserrole, defaultchanneladminrole, defaultchanneluserrole, defaultteamguestrole, defaultchannelguestrole) FROM stdin;
\.


--
-- Data for Name: sessions; Type: TABLE DATA; Schema: public; Owner: mattermost
--

COPY public.sessions (id, token, createat, expiresat, lastactivityat, userid, deviceid, roles, isoauth, expirednotify, props) FROM stdin;
hfgkq36u8b8q8g3t1km6y5zdya	s537n3t8zib1tx7eyd44qzqnbr	1672241419858	4825841419858	1672317895763	bmq7jiumpib3xdz3mx5iyo99ro		system_admin system_user	f	f	{"is_guest":"false","type":"UserAccessToken","user_access_token_id":"98yjyceocfb5mc3jaibtbmr1ph"}
na5joaw5xf8efnnm56m3g664ic	s537n3t8zib1tx7eyd44qzqnbr	1672241419895	4825841419894	1672241419895	bmq7jiumpib3xdz3mx5iyo99ro		system_admin system_user	f	f	{"is_guest":"false","type":"UserAccessToken","user_access_token_id":"98yjyceocfb5mc3jaibtbmr1ph"}
qdo1r3dfkj8siqfcndfi9bozjo	aqhn1jc1nbgjtpd7es83wckner	1672248712092	4825848712092	1672317654010	5bw66y36bff3umq1q57mfy4y5c		system_user	f	f	{"is_guest":"false","type":"UserAccessToken","user_access_token_id":"ya4wtr9fjiyxfptgnjmjgcc3wh"}
azro556pa3rruy7sdsmet33mhh	6hpjktpccpnqug3bsaa649jo8r	1672249107766	4825849107766	1672317654880	7m6hc4oompb7mexf9muuppdd6r		system_user	f	f	{"is_guest":"false","type":"UserAccessToken","user_access_token_id":"rxpw5tu6jj8c8f548jen4jauhe"}
eokptkbx4jytiq6apmmzknit8o	75uajq6ya7dp8edqxjqw4x59xa	1672249109750	4825849109749	1672317655060	7buk99iowt8mipptoftdgimmhy		system_user	f	f	{"is_guest":"false","type":"UserAccessToken","user_access_token_id":"4rdc54bho7bdtfqe8jcsu8yagc"}
tqeboxshp3dy7qqypd1mg81miy	ox8n8edimjdbfkeybdf56pj4xw	1672306062656	4825906062656	1672317654080	3zats68fztgu9mgu944a4t35so		system_user	f	f	{"is_guest":"false","type":"UserAccessToken","user_access_token_id":"e3dnfu1g17fjtxq53odawh6e7y"}
ibw483hfd7djd8o1b475yuq95y	s537n3t8zib1tx7eyd44qzqnbr	1672241419856	4825841419856	1672241419856	bmq7jiumpib3xdz3mx5iyo99ro		system_admin system_user	f	f	{"is_guest":"false","type":"UserAccessToken","user_access_token_id":"98yjyceocfb5mc3jaibtbmr1ph"}
\.


--
-- Data for Name: sidebarcategories; Type: TABLE DATA; Schema: public; Owner: mattermost
--

COPY public.sidebarcategories (id, userid, teamid, sortorder, sorting, type, displayname) FROM stdin;
14nktsyna3ghjb8951188eqmsw	bmq7jiumpib3xdz3mx5iyo99ro	tgrw7sjgbiy1jggs3qg3m6zpee	0		favorites	Favorites
aoyyym5z53b5txw51qzaic9raw	bmq7jiumpib3xdz3mx5iyo99ro	tgrw7sjgbiy1jggs3qg3m6zpee	10		channels	Channels
5na3jpiw37fqufsjic5791j1sr	bmq7jiumpib3xdz3mx5iyo99ro	tgrw7sjgbiy1jggs3qg3m6zpee	20	recent	direct_messages	Direct Messages
m9f5y3n8ktfhzkja4bjfy9d54c	7buk99iowt8mipptoftdgimmhy	tgrw7sjgbiy1jggs3qg3m6zpee	0		favorites	Favorites
mm4kkcuaujg1pb8rwc9pw3txwy	7buk99iowt8mipptoftdgimmhy	tgrw7sjgbiy1jggs3qg3m6zpee	10		channels	Channels
dfd4u3zysbyc5gfo5dkfo9656e	7buk99iowt8mipptoftdgimmhy	tgrw7sjgbiy1jggs3qg3m6zpee	20	recent	direct_messages	Direct Messages
7wyq9w4pribjjgzhimsud8nchy	7m6hc4oompb7mexf9muuppdd6r	tgrw7sjgbiy1jggs3qg3m6zpee	0		favorites	Favorites
euzmhbo1cffpxe6cfttyg91hzh	7m6hc4oompb7mexf9muuppdd6r	tgrw7sjgbiy1jggs3qg3m6zpee	10		channels	Channels
fbkjw6msstdjpmejxdu681m4re	7m6hc4oompb7mexf9muuppdd6r	tgrw7sjgbiy1jggs3qg3m6zpee	20	recent	direct_messages	Direct Messages
\.


--
-- Data for Name: sidebarchannels; Type: TABLE DATA; Schema: public; Owner: mattermost
--

COPY public.sidebarchannels (channelid, userid, categoryid, sortorder) FROM stdin;
\.


--
-- Data for Name: status; Type: TABLE DATA; Schema: public; Owner: mattermost
--

COPY public.status (userid, status, manual, lastactivityat) FROM stdin;
5bw66y36bff3umq1q57mfy4y5c	online	f	1672317897318
3zats68fztgu9mgu944a4t35so	online	f	1672317897378
7m6hc4oompb7mexf9muuppdd6r	online	f	1672317898174
7buk99iowt8mipptoftdgimmhy	online	f	1672317898371
bmq7jiumpib3xdz3mx5iyo99ro	offline	f	1672318758440
\.


--
-- Data for Name: systems; Type: TABLE DATA; Schema: public; Owner: mattermost
--

COPY public.systems (name, value) FROM stdin;
Version	5.26.0
AsymmetricSigningKey	{"ecdsa_key":{"curve":"P-256","x":44744317388117417793846363992112375138072215766669538838312050574980773534963,"y":106405437094541760691235144597932623735695328716199872932991841706298639959202,"d":514093591070089100882487378727490579260295328943479296300452065637146698099}}
PostActionCookieSecret	{"key":"8cXKorYdh+LUSyAJcMpXp26vIV/vu8B5vq2noKPLGi4="}
InstallationDate	1598351748409
FirstServerRunTimestamp	1598351748411
DiagnosticId	igz85apxkfn5xcd1ioi8dmbnsa
AdvancedPermissionsMigrationComplete	true
EmojisPermissionsMigrationComplete	true
GuestRolesCreationMigrationComplete	true
emoji_permissions_split	true
webhook_permissions_split	true
list_join_public_private_teams	true
remove_permanent_delete_user	true
add_bot_permissions	true
apply_channel_manage_delete_to_channel_user	true
remove_channel_manage_delete_from_team_user	true
view_members_new_permission	true
add_manage_guests_permissions	true
channel_moderations_permissions	true
add_use_group_mentions_permission	true
migration_advanced_permissions_phase_2	true
LastSecurityTime	1672241419642
\.


--
-- Data for Name: teammembers; Type: TABLE DATA; Schema: public; Owner: mattermost
--

COPY public.teammembers (teamid, userid, roles, deleteat, schemeuser, schemeadmin, schemeguest) FROM stdin;
tgrw7sjgbiy1jggs3qg3m6zpee	5bw66y36bff3umq1q57mfy4y5c		0	t	f	f
tgrw7sjgbiy1jggs3qg3m6zpee	0z4okgmv5lfhx3p0tf6pnpk8sk		0	t	f	f
tgrw7sjgbiy1jggs3qg3m6zpee	3zats68fztgu9mgu944a4t35so		0	t	f	f
tgrw7sjgbiy1jggs3qg3m6zpee	bmq7jiumpib3xdz3mx5iyo99ro		0	t	f	f
tgrw7sjgbiy1jggs3qg3m6zpee	7buk99iowt8mipptoftdgimmhy		0	t	f	f
tgrw7sjgbiy1jggs3qg3m6zpee	7m6hc4oompb7mexf9muuppdd6r		0	t	f	f
\.


--
-- Data for Name: teams; Type: TABLE DATA; Schema: public; Owner: mattermost
--

COPY public.teams (id, createat, updateat, deleteat, displayname, name, description, email, type, companyname, alloweddomains, inviteid, allowopeninvite, lastteamiconupdate, schemeid, groupconstrained) FROM stdin;
tgrw7sjgbiy1jggs3qg3m6zpee	1598351837711	1598351837711	0	Test Team	test			O			5tdc6sxr43byufri3r6px9f9xo	f	0	\N	\N
\.


--
-- Data for Name: termsofservice; Type: TABLE DATA; Schema: public; Owner: mattermost
--

COPY public.termsofservice (id, createat, userid, text) FROM stdin;
\.


--
-- Data for Name: tokens; Type: TABLE DATA; Schema: public; Owner: mattermost
--

COPY public.tokens (token, createat, type, extra) FROM stdin;
\.


--
-- Data for Name: useraccesstokens; Type: TABLE DATA; Schema: public; Owner: mattermost
--

COPY public.useraccesstokens (id, token, userid, description, isactive) FROM stdin;
98yjyceocfb5mc3jaibtbmr1ph	s537n3t8zib1tx7eyd44qzqnbr	bmq7jiumpib3xdz3mx5iyo99ro	test-token	t
ya4wtr9fjiyxfptgnjmjgcc3wh	aqhn1jc1nbgjtpd7es83wckner	5bw66y36bff3umq1q57mfy4y5c	test-token	t
fpvzz1p2d2sgmhzrmfrhg3kami	qhkzgz0ruottpmoooxiudgvtis	0z4okgmv5lfhx3p0tf6pnpk8sk	test-token	t
e3dnfu1g17fjtxq53odawh6e7y	ox8n8edimjdbfkeybdf56pj4xw	3zats68fztgu9mgu944a4t35so	test-token	t
rxpw5tu6jj8c8f548jen4jauhe	6hpjktpccpnqug3bsaa649jo8r	7m6hc4oompb7mexf9muuppdd6r	bridge	t
4rdc54bho7bdtfqe8jcsu8yagc	75uajq6ya7dp8edqxjqw4x59xa	7buk99iowt8mipptoftdgimmhy	bridge	t
\.


--
-- Data for Name: usergroups; Type: TABLE DATA; Schema: public; Owner: mattermost
--

COPY public.usergroups (id, name, displayname, description, source, remoteid, createat, updateat, deleteat, allowreference) FROM stdin;
\.


--
-- Data for Name: users; Type: TABLE DATA; Schema: public; Owner: mattermost
--

COPY public.users (id, createat, updateat, deleteat, username, password, authdata, authservice, email, emailverified, nickname, firstname, lastname, "position", roles, allowmarketing, props, notifyprops, lastpasswordupdate, lastpictureupdate, failedattempts, locale, timezone, mfaactive, mfasecret) FROM stdin;
3zats68fztgu9mgu944a4t35so	1598351812493	1598351812493	0	mattermost_b	$2a$10$bV5EvQPt9.p4jTO4VVM4Te2J7B7/IJhstPLhxVltLtufn7F97Q3nO	\N		mattermost_b@localhost	f					system_user	f	{}	{"channel":"true","comments":"never","desktop":"mention","desktop_sound":"true","email":"true","first_name":"false","mention_keys":"","push":"mention","push_status":"away"}	1598351812493	0	0	en	{"automaticTimezone":"","manualTimezone":"","useAutomaticTimezone":"true"}	f	
5bw66y36bff3umq1q57mfy4y5c	1598351800458	1598352057088	0	mattermost_a	$2a$10$WdovEVVvy9ZS867UE2hSq.7hV38Lg9H2ozgaF3gwuO6fuoCkkTzIu	\N		mattermost_a@localhost	f		MattermostUser	A		system_user	f	{}	{"channel":"true","comments":"never","desktop":"mention","desktop_sound":"true","email":"true","first_name":"false","mention_keys":"","push":"mention","push_status":"away"}	1598352057088	0	0	en	{"automaticTimezone":"","manualTimezone":"","useAutomaticTimezone":"true"}	f	
0z4okgmv5lfhx3p0tf6pnpk8sk	1598351800458	1598352057088	0	ignored_user	$2a$10$WdovEVVvy9ZS867UE2hSq.7hV38Lg9H2ozgaF3gwuO6fuoCkkTzIu	\N		ignored_user@localhost	f					system_user	f	{}	{"channel":"true","comments":"never","desktop":"mention","desktop_sound":"true","email":"true","first_name":"false","mention_keys":"","push":"mention","push_status":"away"}	1598352057088	0	0	en	{"automaticTimezone":"","manualTimezone":"","useAutomaticTimezone":"true"}	f	
bmq7jiumpib3xdz3mx5iyo99ro	1598351769026	1672314818339	0	admin	$2a$10$dCK8unlOWxu7Ge1Fmeo70eaETqonsQC1mVbwnLi5lCH5ALbzKyqnO	\N		admin@localhost	f		Admin	User		system_admin system_user	f	{}	{"channel":"true","comments":"never","desktop":"mention","desktop_sound":"true","email":"true","first_name":"false","mention_keys":"","push":"mention","push_status":"away"}	1598351769026	0	0	en	{"automaticTimezone":"","manualTimezone":"","useAutomaticTimezone":"true"}	f	
7buk99iowt8mipptoftdgimmhy	1672241420492	1672317962881	0	matrix_matrix_b	$2a$10$yxfqtFEk3kykKoUBle53jumbY2nvvDMgb31av.aElXYptav/1xLAi	\N		devnull-8a-6gdcq-aiposnn@localhost	t		matrix_b			system_user	f	{}	{"channel":"true","comments":"never","desktop":"mention","desktop_sound":"true","email":"true","first_name":"false","mention_keys":"","push":"mention","push_status":"away"}	1672241420492	0	0	en	{"automaticTimezone":"","manualTimezone":"","useAutomaticTimezone":"true"}	f	
7m6hc4oompb7mexf9muuppdd6r	1672241420225	1672317962885	0	matrix_matrix_a	$2a$10$ohCRfrXmOAjiPK6.rUr5NuDFY.TacyS2otFqj5er13nnNm19Eh5LW	\N		devnull-zx96hq9kduolrz7i@localhost	t		Matrix UserA			system_user	f	{}	{"channel":"true","comments":"never","desktop":"mention","desktop_sound":"true","email":"true","first_name":"false","mention_keys":"","push":"mention","push_status":"away"}	1672241420225	0	0	en	{"automaticTimezone":"","manualTimezone":"","useAutomaticTimezone":"true"}	f	
\.


--
-- Data for Name: usertermsofservice; Type: TABLE DATA; Schema: public; Owner: mattermost
--

COPY public.usertermsofservice (userid, termsofserviceid, createat) FROM stdin;
\.


--
-- Name: audits audits_pkey; Type: CONSTRAINT; Schema: public; Owner: mattermost
--

ALTER TABLE ONLY public.audits
    ADD CONSTRAINT audits_pkey PRIMARY KEY (id);


--
-- Name: bots bots_pkey; Type: CONSTRAINT; Schema: public; Owner: mattermost
--

ALTER TABLE ONLY public.bots
    ADD CONSTRAINT bots_pkey PRIMARY KEY (userid);


--
-- Name: channelmemberhistory channelmemberhistory_pkey; Type: CONSTRAINT; Schema: public; Owner: mattermost
--

ALTER TABLE ONLY public.channelmemberhistory
    ADD CONSTRAINT channelmemberhistory_pkey PRIMARY KEY (channelid, userid, jointime);


--
-- Name: channelmembers channelmembers_pkey; Type: CONSTRAINT; Schema: public; Owner: mattermost
--

ALTER TABLE ONLY public.channelmembers
    ADD CONSTRAINT channelmembers_pkey PRIMARY KEY (channelid, userid);


--
-- Name: channels channels_name_teamid_key; Type: CONSTRAINT; Schema: public; Owner: mattermost
--

ALTER TABLE ONLY public.channels
    ADD CONSTRAINT channels_name_teamid_key UNIQUE (name, teamid);


--
-- Name: channels channels_pkey; Type: CONSTRAINT; Schema: public; Owner: mattermost
--

ALTER TABLE ONLY public.channels
    ADD CONSTRAINT channels_pkey PRIMARY KEY (id);


--
-- Name: clusterdiscovery clusterdiscovery_pkey; Type: CONSTRAINT; Schema: public; Owner: mattermost
--

ALTER TABLE ONLY public.clusterdiscovery
    ADD CONSTRAINT clusterdiscovery_pkey PRIMARY KEY (id);


--
-- Name: commands commands_pkey; Type: CONSTRAINT; Schema: public; Owner: mattermost
--

ALTER TABLE ONLY public.commands
    ADD CONSTRAINT commands_pkey PRIMARY KEY (id);


--
-- Name: commandwebhooks commandwebhooks_pkey; Type: CONSTRAINT; Schema: public; Owner: mattermost
--

ALTER TABLE ONLY public.commandwebhooks
    ADD CONSTRAINT commandwebhooks_pkey PRIMARY KEY (id);


--
-- Name: compliances compliances_pkey; Type: CONSTRAINT; Schema: public; Owner: mattermost
--

ALTER TABLE ONLY public.compliances
    ADD CONSTRAINT compliances_pkey PRIMARY KEY (id);


--
-- Name: emoji emoji_name_deleteat_key; Type: CONSTRAINT; Schema: public; Owner: mattermost
--

ALTER TABLE ONLY public.emoji
    ADD CONSTRAINT emoji_name_deleteat_key UNIQUE (name, deleteat);


--
-- Name: emoji emoji_pkey; Type: CONSTRAINT; Schema: public; Owner: mattermost
--

ALTER TABLE ONLY public.emoji
    ADD CONSTRAINT emoji_pkey PRIMARY KEY (id);


--
-- Name: fileinfo fileinfo_pkey; Type: CONSTRAINT; Schema: public; Owner: mattermost
--

ALTER TABLE ONLY public.fileinfo
    ADD CONSTRAINT fileinfo_pkey PRIMARY KEY (id);


--
-- Name: groupchannels groupchannels_pkey; Type: CONSTRAINT; Schema: public; Owner: mattermost
--

ALTER TABLE ONLY public.groupchannels
    ADD CONSTRAINT groupchannels_pkey PRIMARY KEY (groupid, channelid);


--
-- Name: groupmembers groupmembers_pkey; Type: CONSTRAINT; Schema: public; Owner: mattermost
--

ALTER TABLE ONLY public.groupmembers
    ADD CONSTRAINT groupmembers_pkey PRIMARY KEY (groupid, userid);


--
-- Name: groupteams groupteams_pkey; Type: CONSTRAINT; Schema: public; Owner: mattermost
--

ALTER TABLE ONLY public.groupteams
    ADD CONSTRAINT groupteams_pkey PRIMARY KEY (groupid, teamid);


--
-- Name: incomingwebhooks incomingwebhooks_pkey; Type: CONSTRAINT; Schema: public; Owner: mattermost
--

ALTER TABLE ONLY public.incomingwebhooks
    ADD CONSTRAINT incomingwebhooks_pkey PRIMARY KEY (id);


--
-- Name: jobs jobs_pkey; Type: CONSTRAINT; Schema: public; Owner: mattermost
--

ALTER TABLE ONLY public.jobs
    ADD CONSTRAINT jobs_pkey PRIMARY KEY (id);


--
-- Name: licenses licenses_pkey; Type: CONSTRAINT; Schema: public; Owner: mattermost
--

ALTER TABLE ONLY public.licenses
    ADD CONSTRAINT licenses_pkey PRIMARY KEY (id);


--
-- Name: linkmetadata linkmetadata_pkey; Type: CONSTRAINT; Schema: public; Owner: mattermost
--

ALTER TABLE ONLY public.linkmetadata
    ADD CONSTRAINT linkmetadata_pkey PRIMARY KEY (hash);


--
-- Name: oauthaccessdata oauthaccessdata_clientid_userid_key; Type: CONSTRAINT; Schema: public; Owner: mattermost
--

ALTER TABLE ONLY public.oauthaccessdata
    ADD CONSTRAINT oauthaccessdata_clientid_userid_key UNIQUE (clientid, userid);


--
-- Name: oauthaccessdata oauthaccessdata_pkey; Type: CONSTRAINT; Schema: public; Owner: mattermost
--

ALTER TABLE ONLY public.oauthaccessdata
    ADD CONSTRAINT oauthaccessdata_pkey PRIMARY KEY (token);


--
-- Name: oauthapps oauthapps_pkey; Type: CONSTRAINT; Schema: public; Owner: mattermost
--

ALTER TABLE ONLY public.oauthapps
    ADD CONSTRAINT oauthapps_pkey PRIMARY KEY (id);


--
-- Name: oauthauthdata oauthauthdata_pkey; Type: CONSTRAINT; Schema: public; Owner: mattermost
--

ALTER TABLE ONLY public.oauthauthdata
    ADD CONSTRAINT oauthauthdata_pkey PRIMARY KEY (code);


--
-- Name: outgoingwebhooks outgoingwebhooks_pkey; Type: CONSTRAINT; Schema: public; Owner: mattermost
--

ALTER TABLE ONLY public.outgoingwebhooks
    ADD CONSTRAINT outgoingwebhooks_pkey PRIMARY KEY (id);


--
-- Name: pluginkeyvaluestore pluginkeyvaluestore_pkey; Type: CONSTRAINT; Schema: public; Owner: mattermost
--

ALTER TABLE ONLY public.pluginkeyvaluestore
    ADD CONSTRAINT pluginkeyvaluestore_pkey PRIMARY KEY (pluginid, pkey);


--
-- Name: posts posts_pkey; Type: CONSTRAINT; Schema: public; Owner: mattermost
--

ALTER TABLE ONLY public.posts
    ADD CONSTRAINT posts_pkey PRIMARY KEY (id);


--
-- Name: preferences preferences_pkey; Type: CONSTRAINT; Schema: public; Owner: mattermost
--

ALTER TABLE ONLY public.preferences
    ADD CONSTRAINT preferences_pkey PRIMARY KEY (userid, category, name);


--
-- Name: publicchannels publicchannels_name_teamid_key; Type: CONSTRAINT; Schema: public; Owner: mattermost
--

ALTER TABLE ONLY public.publicchannels
    ADD CONSTRAINT publicchannels_name_teamid_key UNIQUE (name, teamid);


--
-- Name: publicchannels publicchannels_pkey; Type: CONSTRAINT; Schema: public; Owner: mattermost
--

ALTER TABLE ONLY public.publicchannels
    ADD CONSTRAINT publicchannels_pkey PRIMARY KEY (id);


--
-- Name: reactions reactions_pkey; Type: CONSTRAINT; Schema: public; Owner: mattermost
--

ALTER TABLE ONLY public.reactions
    ADD CONSTRAINT reactions_pkey PRIMARY KEY (postid, userid, emojiname);


--
-- Name: roles roles_name_key; Type: CONSTRAINT; Schema: public; Owner: mattermost
--

ALTER TABLE ONLY public.roles
    ADD CONSTRAINT roles_name_key UNIQUE (name);


--
-- Name: roles roles_pkey; Type: CONSTRAINT; Schema: public; Owner: mattermost
--

ALTER TABLE ONLY public.roles
    ADD CONSTRAINT roles_pkey PRIMARY KEY (id);


--
-- Name: schemes schemes_name_key; Type: CONSTRAINT; Schema: public; Owner: mattermost
--

ALTER TABLE ONLY public.schemes
    ADD CONSTRAINT schemes_name_key UNIQUE (name);


--
-- Name: schemes schemes_pkey; Type: CONSTRAINT; Schema: public; Owner: mattermost
--

ALTER TABLE ONLY public.schemes
    ADD CONSTRAINT schemes_pkey PRIMARY KEY (id);


--
-- Name: sessions sessions_pkey; Type: CONSTRAINT; Schema: public; Owner: mattermost
--

ALTER TABLE ONLY public.sessions
    ADD CONSTRAINT sessions_pkey PRIMARY KEY (id);


--
-- Name: sidebarcategories sidebarcategories_pkey; Type: CONSTRAINT; Schema: public; Owner: mattermost
--

ALTER TABLE ONLY public.sidebarcategories
    ADD CONSTRAINT sidebarcategories_pkey PRIMARY KEY (id);


--
-- Name: sidebarchannels sidebarchannels_pkey; Type: CONSTRAINT; Schema: public; Owner: mattermost
--

ALTER TABLE ONLY public.sidebarchannels
    ADD CONSTRAINT sidebarchannels_pkey PRIMARY KEY (channelid, userid, categoryid);


--
-- Name: status status_pkey; Type: CONSTRAINT; Schema: public; Owner: mattermost
--

ALTER TABLE ONLY public.status
    ADD CONSTRAINT status_pkey PRIMARY KEY (userid);


--
-- Name: systems systems_pkey; Type: CONSTRAINT; Schema: public; Owner: mattermost
--

ALTER TABLE ONLY public.systems
    ADD CONSTRAINT systems_pkey PRIMARY KEY (name);


--
-- Name: teammembers teammembers_pkey; Type: CONSTRAINT; Schema: public; Owner: mattermost
--

ALTER TABLE ONLY public.teammembers
    ADD CONSTRAINT teammembers_pkey PRIMARY KEY (teamid, userid);


--
-- Name: teams teams_name_key; Type: CONSTRAINT; Schema: public; Owner: mattermost
--

ALTER TABLE ONLY public.teams
    ADD CONSTRAINT teams_name_key UNIQUE (name);


--
-- Name: teams teams_pkey; Type: CONSTRAINT; Schema: public; Owner: mattermost
--

ALTER TABLE ONLY public.teams
    ADD CONSTRAINT teams_pkey PRIMARY KEY (id);


--
-- Name: termsofservice termsofservice_pkey; Type: CONSTRAINT; Schema: public; Owner: mattermost
--

ALTER TABLE ONLY public.termsofservice
    ADD CONSTRAINT termsofservice_pkey PRIMARY KEY (id);


--
-- Name: tokens tokens_pkey; Type: CONSTRAINT; Schema: public; Owner: mattermost
--

ALTER TABLE ONLY public.tokens
    ADD CONSTRAINT tokens_pkey PRIMARY KEY (token);


--
-- Name: useraccesstokens useraccesstokens_pkey; Type: CONSTRAINT; Schema: public; Owner: mattermost
--

ALTER TABLE ONLY public.useraccesstokens
    ADD CONSTRAINT useraccesstokens_pkey PRIMARY KEY (id);


--
-- Name: useraccesstokens useraccesstokens_token_key; Type: CONSTRAINT; Schema: public; Owner: mattermost
--

ALTER TABLE ONLY public.useraccesstokens
    ADD CONSTRAINT useraccesstokens_token_key UNIQUE (token);


--
-- Name: usergroups usergroups_name_key; Type: CONSTRAINT; Schema: public; Owner: mattermost
--

ALTER TABLE ONLY public.usergroups
    ADD CONSTRAINT usergroups_name_key UNIQUE (name);


--
-- Name: usergroups usergroups_pkey; Type: CONSTRAINT; Schema: public; Owner: mattermost
--

ALTER TABLE ONLY public.usergroups
    ADD CONSTRAINT usergroups_pkey PRIMARY KEY (id);


--
-- Name: usergroups usergroups_source_remoteid_key; Type: CONSTRAINT; Schema: public; Owner: mattermost
--

ALTER TABLE ONLY public.usergroups
    ADD CONSTRAINT usergroups_source_remoteid_key UNIQUE (source, remoteid);


--
-- Name: users users_authdata_key; Type: CONSTRAINT; Schema: public; Owner: mattermost
--

ALTER TABLE ONLY public.users
    ADD CONSTRAINT users_authdata_key UNIQUE (authdata);


--
-- Name: users users_email_key; Type: CONSTRAINT; Schema: public; Owner: mattermost
--

ALTER TABLE ONLY public.users
    ADD CONSTRAINT users_email_key UNIQUE (email);


--
-- Name: users users_pkey; Type: CONSTRAINT; Schema: public; Owner: mattermost
--

ALTER TABLE ONLY public.users
    ADD CONSTRAINT users_pkey PRIMARY KEY (id);


--
-- Name: users users_username_key; Type: CONSTRAINT; Schema: public; Owner: mattermost
--

ALTER TABLE ONLY public.users
    ADD CONSTRAINT users_username_key UNIQUE (username);


--
-- Name: usertermsofservice usertermsofservice_pkey; Type: CONSTRAINT; Schema: public; Owner: mattermost
--

ALTER TABLE ONLY public.usertermsofservice
    ADD CONSTRAINT usertermsofservice_pkey PRIMARY KEY (userid);


--
-- Name: idx_audits_user_id; Type: INDEX; Schema: public; Owner: mattermost
--

CREATE INDEX idx_audits_user_id ON public.audits USING btree (userid);


--
-- Name: idx_channel_search_txt; Type: INDEX; Schema: public; Owner: mattermost
--

CREATE INDEX idx_channel_search_txt ON public.channels USING gin (to_tsvector('english'::regconfig, (((((name)::text || ' '::text) || (displayname)::text) || ' '::text) || (purpose)::text)));


--
-- Name: idx_channelmembers_channel_id; Type: INDEX; Schema: public; Owner: mattermost
--

CREATE INDEX idx_channelmembers_channel_id ON public.channelmembers USING btree (channelid);


--
-- Name: idx_channelmembers_user_id; Type: INDEX; Schema: public; Owner: mattermost
--

CREATE INDEX idx_channelmembers_user_id ON public.channelmembers USING btree (userid);


--
-- Name: idx_channels_create_at; Type: INDEX; Schema: public; Owner: mattermost
--

CREATE INDEX idx_channels_create_at ON public.channels USING btree (createat);


--
-- Name: idx_channels_delete_at; Type: INDEX; Schema: public; Owner: mattermost
--

CREATE INDEX idx_channels_delete_at ON public.channels USING btree (deleteat);


--
-- Name: idx_channels_displayname_lower; Type: INDEX; Schema: public; Owner: mattermost
--

CREATE INDEX idx_channels_displayname_lower ON public.channels USING btree (lower((displayname)::text));


--
-- Name: idx_channels_name; Type: INDEX; Schema: public; Owner: mattermost
--

CREATE INDEX idx_channels_name ON public.channels USING btree (name);


--
-- Name: idx_channels_name_lower; Type: INDEX; Schema: public; Owner: mattermost
--

CREATE INDEX idx_channels_name_lower ON public.channels USING btree (lower((name)::text));


--
-- Name: idx_channels_scheme_id; Type: INDEX; Schema: public; Owner: mattermost
--

CREATE INDEX idx_channels_scheme_id ON public.channels USING btree (schemeid);


--
-- Name: idx_channels_team_id; Type: INDEX; Schema: public; Owner: mattermost
--

CREATE INDEX idx_channels_team_id ON public.channels USING btree (teamid);


--
-- Name: idx_channels_update_at; Type: INDEX; Schema: public; Owner: mattermost
--

CREATE INDEX idx_channels_update_at ON public.channels USING btree (updateat);


--
-- Name: idx_command_create_at; Type: INDEX; Schema: public; Owner: mattermost
--

CREATE INDEX idx_command_create_at ON public.commands USING btree (createat);


--
-- Name: idx_command_delete_at; Type: INDEX; Schema: public; Owner: mattermost
--

CREATE INDEX idx_command_delete_at ON public.commands USING btree (deleteat);


--
-- Name: idx_command_team_id; Type: INDEX; Schema: public; Owner: mattermost
--

CREATE INDEX idx_command_team_id ON public.commands USING btree (teamid);


--
-- Name: idx_command_update_at; Type: INDEX; Schema: public; Owner: mattermost
--

CREATE INDEX idx_command_update_at ON public.commands USING btree (updateat);


--
-- Name: idx_command_webhook_create_at; Type: INDEX; Schema: public; Owner: mattermost
--

CREATE INDEX idx_command_webhook_create_at ON public.commandwebhooks USING btree (createat);


--
-- Name: idx_emoji_create_at; Type: INDEX; Schema: public; Owner: mattermost
--

CREATE INDEX idx_emoji_create_at ON public.emoji USING btree (createat);


--
-- Name: idx_emoji_delete_at; Type: INDEX; Schema: public; Owner: mattermost
--

CREATE INDEX idx_emoji_delete_at ON public.emoji USING btree (deleteat);


--
-- Name: idx_emoji_name; Type: INDEX; Schema: public; Owner: mattermost
--

CREATE INDEX idx_emoji_name ON public.emoji USING btree (name);


--
-- Name: idx_emoji_update_at; Type: INDEX; Schema: public; Owner: mattermost
--

CREATE INDEX idx_emoji_update_at ON public.emoji USING btree (updateat);


--
-- Name: idx_fileinfo_create_at; Type: INDEX; Schema: public; Owner: mattermost
--

CREATE INDEX idx_fileinfo_create_at ON public.fileinfo USING btree (createat);


--
-- Name: idx_fileinfo_delete_at; Type: INDEX; Schema: public; Owner: mattermost
--

CREATE INDEX idx_fileinfo_delete_at ON public.fileinfo USING btree (deleteat);


--
-- Name: idx_fileinfo_postid_at; Type: INDEX; Schema: public; Owner: mattermost
--

CREATE INDEX idx_fileinfo_postid_at ON public.fileinfo USING btree (postid);


--
-- Name: idx_fileinfo_update_at; Type: INDEX; Schema: public; Owner: mattermost
--

CREATE INDEX idx_fileinfo_update_at ON public.fileinfo USING btree (updateat);


--
-- Name: idx_groupchannels_channelid; Type: INDEX; Schema: public; Owner: mattermost
--

CREATE INDEX idx_groupchannels_channelid ON public.groupchannels USING btree (channelid);


--
-- Name: idx_groupchannels_schemeadmin; Type: INDEX; Schema: public; Owner: mattermost
--

CREATE INDEX idx_groupchannels_schemeadmin ON public.groupchannels USING btree (schemeadmin);


--
-- Name: idx_groupmembers_create_at; Type: INDEX; Schema: public; Owner: mattermost
--

CREATE INDEX idx_groupmembers_create_at ON public.groupmembers USING btree (createat);


--
-- Name: idx_groupteams_schemeadmin; Type: INDEX; Schema: public; Owner: mattermost
--

CREATE INDEX idx_groupteams_schemeadmin ON public.groupteams USING btree (schemeadmin);


--
-- Name: idx_groupteams_teamid; Type: INDEX; Schema: public; Owner: mattermost
--

CREATE INDEX idx_groupteams_teamid ON public.groupteams USING btree (teamid);


--
-- Name: idx_incoming_webhook_create_at; Type: INDEX; Schema: public; Owner: mattermost
--

CREATE INDEX idx_incoming_webhook_create_at ON public.incomingwebhooks USING btree (createat);


--
-- Name: idx_incoming_webhook_delete_at; Type: INDEX; Schema: public; Owner: mattermost
--

CREATE INDEX idx_incoming_webhook_delete_at ON public.incomingwebhooks USING btree (deleteat);


--
-- Name: idx_incoming_webhook_team_id; Type: INDEX; Schema: public; Owner: mattermost
--

CREATE INDEX idx_incoming_webhook_team_id ON public.incomingwebhooks USING btree (teamid);


--
-- Name: idx_incoming_webhook_update_at; Type: INDEX; Schema: public; Owner: mattermost
--

CREATE INDEX idx_incoming_webhook_update_at ON public.incomingwebhooks USING btree (updateat);


--
-- Name: idx_incoming_webhook_user_id; Type: INDEX; Schema: public; Owner: mattermost
--

CREATE INDEX idx_incoming_webhook_user_id ON public.incomingwebhooks USING btree (userid);


--
-- Name: idx_jobs_type; Type: INDEX; Schema: public; Owner: mattermost
--

CREATE INDEX idx_jobs_type ON public.jobs USING btree (type);


--
-- Name: idx_link_metadata_url_timestamp; Type: INDEX; Schema: public; Owner: mattermost
--

CREATE INDEX idx_link_metadata_url_timestamp ON public.linkmetadata USING btree (url, "timestamp");


--
-- Name: idx_oauthaccessdata_client_id; Type: INDEX; Schema: public; Owner: mattermost
--

CREATE INDEX idx_oauthaccessdata_client_id ON public.oauthaccessdata USING btree (clientid);


--
-- Name: idx_oauthaccessdata_refresh_token; Type: INDEX; Schema: public; Owner: mattermost
--

CREATE INDEX idx_oauthaccessdata_refresh_token ON public.oauthaccessdata USING btree (refreshtoken);


--
-- Name: idx_oauthaccessdata_user_id; Type: INDEX; Schema: public; Owner: mattermost
--

CREATE INDEX idx_oauthaccessdata_user_id ON public.oauthaccessdata USING btree (userid);


--
-- Name: idx_oauthapps_creator_id; Type: INDEX; Schema: public; Owner: mattermost
--

CREATE INDEX idx_oauthapps_creator_id ON public.oauthapps USING btree (creatorid);


--
-- Name: idx_oauthauthdata_client_id; Type: INDEX; Schema: public; Owner: mattermost
--

CREATE INDEX idx_oauthauthdata_client_id ON public.oauthauthdata USING btree (code);


--
-- Name: idx_outgoing_webhook_create_at; Type: INDEX; Schema: public; Owner: mattermost
--

CREATE INDEX idx_outgoing_webhook_create_at ON public.outgoingwebhooks USING btree (createat);


--
-- Name: idx_outgoing_webhook_delete_at; Type: INDEX; Schema: public; Owner: mattermost
--

CREATE INDEX idx_outgoing_webhook_delete_at ON public.outgoingwebhooks USING btree (deleteat);


--
-- Name: idx_outgoing_webhook_team_id; Type: INDEX; Schema: public; Owner: mattermost
--

CREATE INDEX idx_outgoing_webhook_team_id ON public.outgoingwebhooks USING btree (teamid);


--
-- Name: idx_outgoing_webhook_update_at; Type: INDEX; Schema: public; Owner: mattermost
--

CREATE INDEX idx_outgoing_webhook_update_at ON public.outgoingwebhooks USING btree (updateat);


--
-- Name: idx_posts_channel_id; Type: INDEX; Schema: public; Owner: mattermost
--

CREATE INDEX idx_posts_channel_id ON public.posts USING btree (channelid);


--
-- Name: idx_posts_channel_id_delete_at_create_at; Type: INDEX; Schema: public; Owner: mattermost
--

CREATE INDEX idx_posts_channel_id_delete_at_create_at ON public.posts USING btree (channelid, deleteat, createat);


--
-- Name: idx_posts_channel_id_update_at; Type: INDEX; Schema: public; Owner: mattermost
--

CREATE INDEX idx_posts_channel_id_update_at ON public.posts USING btree (channelid, updateat);


--
-- Name: idx_posts_create_at; Type: INDEX; Schema: public; Owner: mattermost
--

CREATE INDEX idx_posts_create_at ON public.posts USING btree (createat);


--
-- Name: idx_posts_delete_at; Type: INDEX; Schema: public; Owner: mattermost
--

CREATE INDEX idx_posts_delete_at ON public.posts USING btree (deleteat);


--
-- Name: idx_posts_hashtags_txt; Type: INDEX; Schema: public; Owner: mattermost
--

CREATE INDEX idx_posts_hashtags_txt ON public.posts USING gin (to_tsvector('english'::regconfig, (hashtags)::text));


--
-- Name: idx_posts_is_pinned; Type: INDEX; Schema: public; Owner: mattermost
--

CREATE INDEX idx_posts_is_pinned ON public.posts USING btree (ispinned);


--
-- Name: idx_posts_message_txt; Type: INDEX; Schema: public; Owner: mattermost
--

CREATE INDEX idx_posts_message_txt ON public.posts USING gin (to_tsvector('english'::regconfig, (message)::text));


--
-- Name: idx_posts_root_id; Type: INDEX; Schema: public; Owner: mattermost
--

CREATE INDEX idx_posts_root_id ON public.posts USING btree (rootid);


--
-- Name: idx_posts_update_at; Type: INDEX; Schema: public; Owner: mattermost
--

CREATE INDEX idx_posts_update_at ON public.posts USING btree (updateat);


--
-- Name: idx_posts_user_id; Type: INDEX; Schema: public; Owner: mattermost
--

CREATE INDEX idx_posts_user_id ON public.posts USING btree (userid);


--
-- Name: idx_preferences_category; Type: INDEX; Schema: public; Owner: mattermost
--

CREATE INDEX idx_preferences_category ON public.preferences USING btree (category);


--
-- Name: idx_preferences_name; Type: INDEX; Schema: public; Owner: mattermost
--

CREATE INDEX idx_preferences_name ON public.preferences USING btree (name);


--
-- Name: idx_preferences_user_id; Type: INDEX; Schema: public; Owner: mattermost
--

CREATE INDEX idx_preferences_user_id ON public.preferences USING btree (userid);


--
-- Name: idx_publicchannels_delete_at; Type: INDEX; Schema: public; Owner: mattermost
--

CREATE INDEX idx_publicchannels_delete_at ON public.publicchannels USING btree (deleteat);


--
-- Name: idx_publicchannels_displayname_lower; Type: INDEX; Schema: public; Owner: mattermost
--

CREATE INDEX idx_publicchannels_displayname_lower ON public.publicchannels USING btree (lower((displayname)::text));


--
-- Name: idx_publicchannels_name; Type: INDEX; Schema: public; Owner: mattermost
--

CREATE INDEX idx_publicchannels_name ON public.publicchannels USING btree (name);


--
-- Name: idx_publicchannels_name_lower; Type: INDEX; Schema: public; Owner: mattermost
--

CREATE INDEX idx_publicchannels_name_lower ON public.publicchannels USING btree (lower((name)::text));


--
-- Name: idx_publicchannels_search_txt; Type: INDEX; Schema: public; Owner: mattermost
--

CREATE INDEX idx_publicchannels_search_txt ON public.publicchannels USING gin (to_tsvector('english'::regconfig, (((((name)::text || ' '::text) || (displayname)::text) || ' '::text) || (purpose)::text)));


--
-- Name: idx_publicchannels_team_id; Type: INDEX; Schema: public; Owner: mattermost
--

CREATE INDEX idx_publicchannels_team_id ON public.publicchannels USING btree (teamid);


--
-- Name: idx_schemes_channel_admin_role; Type: INDEX; Schema: public; Owner: mattermost
--

CREATE INDEX idx_schemes_channel_admin_role ON public.schemes USING btree (defaultchanneladminrole);


--
-- Name: idx_schemes_channel_guest_role; Type: INDEX; Schema: public; Owner: mattermost
--

CREATE INDEX idx_schemes_channel_guest_role ON public.schemes USING btree (defaultchannelguestrole);


--
-- Name: idx_schemes_channel_user_role; Type: INDEX; Schema: public; Owner: mattermost
--

CREATE INDEX idx_schemes_channel_user_role ON public.schemes USING btree (defaultchanneluserrole);


--
-- Name: idx_sessions_create_at; Type: INDEX; Schema: public; Owner: mattermost
--

CREATE INDEX idx_sessions_create_at ON public.sessions USING btree (createat);


--
-- Name: idx_sessions_expires_at; Type: INDEX; Schema: public; Owner: mattermost
--

CREATE INDEX idx_sessions_expires_at ON public.sessions USING btree (expiresat);


--
-- Name: idx_sessions_last_activity_at; Type: INDEX; Schema: public; Owner: mattermost
--

CREATE INDEX idx_sessions_last_activity_at ON public.sessions USING btree (lastactivityat);


--
-- Name: idx_sessions_token; Type: INDEX; Schema: public; Owner: mattermost
--

CREATE INDEX idx_sessions_token ON public.sessions USING btree (token);


--
-- Name: idx_sessions_user_id; Type: INDEX; Schema: public; Owner: mattermost
--

CREATE INDEX idx_sessions_user_id ON public.sessions USING btree (userid);


--
-- Name: idx_status_status; Type: INDEX; Schema: public; Owner: mattermost
--

CREATE INDEX idx_status_status ON public.status USING btree (status);


--
-- Name: idx_status_user_id; Type: INDEX; Schema: public; Owner: mattermost
--

CREATE INDEX idx_status_user_id ON public.status USING btree (userid);


--
-- Name: idx_teammembers_delete_at; Type: INDEX; Schema: public; Owner: mattermost
--

CREATE INDEX idx_teammembers_delete_at ON public.teammembers USING btree (deleteat);


--
-- Name: idx_teammembers_team_id; Type: INDEX; Schema: public; Owner: mattermost
--

CREATE INDEX idx_teammembers_team_id ON public.teammembers USING btree (teamid);


--
-- Name: idx_teammembers_user_id; Type: INDEX; Schema: public; Owner: mattermost
--

CREATE INDEX idx_teammembers_user_id ON public.teammembers USING btree (userid);


--
-- Name: idx_teams_create_at; Type: INDEX; Schema: public; Owner: mattermost
--

CREATE INDEX idx_teams_create_at ON public.teams USING btree (createat);


--
-- Name: idx_teams_delete_at; Type: INDEX; Schema: public; Owner: mattermost
--

CREATE INDEX idx_teams_delete_at ON public.teams USING btree (deleteat);


--
-- Name: idx_teams_invite_id; Type: INDEX; Schema: public; Owner: mattermost
--

CREATE INDEX idx_teams_invite_id ON public.teams USING btree (inviteid);


--
-- Name: idx_teams_name; Type: INDEX; Schema: public; Owner: mattermost
--

CREATE INDEX idx_teams_name ON public.teams USING btree (name);


--
-- Name: idx_teams_scheme_id; Type: INDEX; Schema: public; Owner: mattermost
--

CREATE INDEX idx_teams_scheme_id ON public.teams USING btree (schemeid);


--
-- Name: idx_teams_update_at; Type: INDEX; Schema: public; Owner: mattermost
--

CREATE INDEX idx_teams_update_at ON public.teams USING btree (updateat);


--
-- Name: idx_user_access_tokens_token; Type: INDEX; Schema: public; Owner: mattermost
--

CREATE INDEX idx_user_access_tokens_token ON public.useraccesstokens USING btree (token);


--
-- Name: idx_user_access_tokens_user_id; Type: INDEX; Schema: public; Owner: mattermost
--

CREATE INDEX idx_user_access_tokens_user_id ON public.useraccesstokens USING btree (userid);


--
-- Name: idx_user_terms_of_service_user_id; Type: INDEX; Schema: public; Owner: mattermost
--

CREATE INDEX idx_user_terms_of_service_user_id ON public.usertermsofservice USING btree (userid);


--
-- Name: idx_usergroups_delete_at; Type: INDEX; Schema: public; Owner: mattermost
--

CREATE INDEX idx_usergroups_delete_at ON public.usergroups USING btree (deleteat);


--
-- Name: idx_usergroups_remote_id; Type: INDEX; Schema: public; Owner: mattermost
--

CREATE INDEX idx_usergroups_remote_id ON public.usergroups USING btree (remoteid);


--
-- Name: idx_users_all_no_full_name_txt; Type: INDEX; Schema: public; Owner: mattermost
--

CREATE INDEX idx_users_all_no_full_name_txt ON public.users USING gin (to_tsvector('english'::regconfig, (((((username)::text || ' '::text) || (nickname)::text) || ' '::text) || (email)::text)));


--
-- Name: idx_users_all_txt; Type: INDEX; Schema: public; Owner: mattermost
--

CREATE INDEX idx_users_all_txt ON public.users USING gin (to_tsvector('english'::regconfig, (((((((((username)::text || ' '::text) || (firstname)::text) || ' '::text) || (lastname)::text) || ' '::text) || (nickname)::text) || ' '::text) || (email)::text)));


--
-- Name: idx_users_create_at; Type: INDEX; Schema: public; Owner: mattermost
--

CREATE INDEX idx_users_create_at ON public.users USING btree (createat);


--
-- Name: idx_users_delete_at; Type: INDEX; Schema: public; Owner: mattermost
--

CREATE INDEX idx_users_delete_at ON public.users USING btree (deleteat);


--
-- Name: idx_users_email; Type: INDEX; Schema: public; Owner: mattermost
--

CREATE INDEX idx_users_email ON public.users USING btree (email);


--
-- Name: idx_users_email_lower_textpattern; Type: INDEX; Schema: public; Owner: mattermost
--

CREATE INDEX idx_users_email_lower_textpattern ON public.users USING btree (lower((email)::text) text_pattern_ops);


--
-- Name: idx_users_firstname_lower_textpattern; Type: INDEX; Schema: public; Owner: mattermost
--

CREATE INDEX idx_users_firstname_lower_textpattern ON public.users USING btree (lower((firstname)::text) text_pattern_ops);


--
-- Name: idx_users_lastname_lower_textpattern; Type: INDEX; Schema: public; Owner: mattermost
--

CREATE INDEX idx_users_lastname_lower_textpattern ON public.users USING btree (lower((lastname)::text) text_pattern_ops);


--
-- Name: idx_users_names_no_full_name_txt; Type: INDEX; Schema: public; Owner: mattermost
--

CREATE INDEX idx_users_names_no_full_name_txt ON public.users USING gin (to_tsvector('english'::regconfig, (((username)::text || ' '::text) || (nickname)::text)));


--
-- Name: idx_users_names_txt; Type: INDEX; Schema: public; Owner: mattermost
--

CREATE INDEX idx_users_names_txt ON public.users USING gin (to_tsvector('english'::regconfig, (((((((username)::text || ' '::text) || (firstname)::text) || ' '::text) || (lastname)::text) || ' '::text) || (nickname)::text)));


--
-- Name: idx_users_nickname_lower_textpattern; Type: INDEX; Schema: public; Owner: mattermost
--

CREATE INDEX idx_users_nickname_lower_textpattern ON public.users USING btree (lower((nickname)::text) text_pattern_ops);


--
-- Name: idx_users_update_at; Type: INDEX; Schema: public; Owner: mattermost
--

CREATE INDEX idx_users_update_at ON public.users USING btree (updateat);


--
-- Name: idx_users_username_lower_textpattern; Type: INDEX; Schema: public; Owner: mattermost
--

CREATE INDEX idx_users_username_lower_textpattern ON public.users USING btree (lower((username)::text) text_pattern_ops);


--
-- PostgreSQL database dump complete
--

