\c synapse
--
-- PostgreSQL database dump
--

-- Dumped from database version 15.1
-- Dumped by pg_dump version 15.1

SET statement_timeout = 0;
SET lock_timeout = 0;
SET idle_in_transaction_session_timeout = 0;
SET client_encoding = 'UTF8';
SET standard_conforming_strings = on;
SELECT pg_catalog.set_config('search_path', '', false);
SET check_function_bodies = false;
SET xmloption = content;
SET client_min_messages = warning;
SET row_security = off;

SET default_tablespace = '';

SET default_table_access_method = heap;

--
-- Name: access_tokens; Type: TABLE; Schema: public; Owner: synapse
--

CREATE TABLE public.access_tokens (
    id bigint NOT NULL,
    user_id text NOT NULL,
    device_id text,
    token text NOT NULL,
    valid_until_ms bigint,
    puppets_user_id text,
    last_validated bigint,
    refresh_token_id bigint,
    used boolean
);


ALTER TABLE public.access_tokens OWNER TO synapse;

--
-- Name: account_data; Type: TABLE; Schema: public; Owner: synapse
--

CREATE TABLE public.account_data (
    user_id text NOT NULL,
    account_data_type text NOT NULL,
    stream_id bigint NOT NULL,
    content text NOT NULL,
    instance_name text
);


ALTER TABLE public.account_data OWNER TO synapse;

--
-- Name: account_data_sequence; Type: SEQUENCE; Schema: public; Owner: synapse
--

CREATE SEQUENCE public.account_data_sequence
    START WITH 1
    INCREMENT BY 1
    NO MINVALUE
    NO MAXVALUE
    CACHE 1;


ALTER TABLE public.account_data_sequence OWNER TO synapse;

--
-- Name: account_validity; Type: TABLE; Schema: public; Owner: synapse
--

CREATE TABLE public.account_validity (
    user_id text NOT NULL,
    expiration_ts_ms bigint NOT NULL,
    email_sent boolean NOT NULL,
    renewal_token text,
    token_used_ts_ms bigint
);


ALTER TABLE public.account_validity OWNER TO synapse;

--
-- Name: application_services_state; Type: TABLE; Schema: public; Owner: synapse
--

CREATE TABLE public.application_services_state (
    as_id text NOT NULL,
    state character varying(5),
    last_txn bigint,
    read_receipt_stream_id bigint,
    presence_stream_id bigint
);


ALTER TABLE public.application_services_state OWNER TO synapse;

--
-- Name: application_services_txns; Type: TABLE; Schema: public; Owner: synapse
--

CREATE TABLE public.application_services_txns (
    as_id text NOT NULL,
    txn_id bigint NOT NULL,
    event_ids text NOT NULL
);


ALTER TABLE public.application_services_txns OWNER TO synapse;

--
-- Name: applied_module_schemas; Type: TABLE; Schema: public; Owner: synapse
--

CREATE TABLE public.applied_module_schemas (
    module_name text NOT NULL,
    file text NOT NULL
);


ALTER TABLE public.applied_module_schemas OWNER TO synapse;

--
-- Name: applied_schema_deltas; Type: TABLE; Schema: public; Owner: synapse
--

CREATE TABLE public.applied_schema_deltas (
    version integer NOT NULL,
    file text NOT NULL
);


ALTER TABLE public.applied_schema_deltas OWNER TO synapse;

--
-- Name: appservice_room_list; Type: TABLE; Schema: public; Owner: synapse
--

CREATE TABLE public.appservice_room_list (
    appservice_id text NOT NULL,
    network_id text NOT NULL,
    room_id text NOT NULL
);


ALTER TABLE public.appservice_room_list OWNER TO synapse;

--
-- Name: appservice_stream_position; Type: TABLE; Schema: public; Owner: synapse
--

CREATE TABLE public.appservice_stream_position (
    lock character(1) DEFAULT 'X'::bpchar NOT NULL,
    stream_ordering bigint,
    CONSTRAINT appservice_stream_position_lock_check CHECK ((lock = 'X'::bpchar))
);


ALTER TABLE public.appservice_stream_position OWNER TO synapse;

--
-- Name: background_updates; Type: TABLE; Schema: public; Owner: synapse
--

CREATE TABLE public.background_updates (
    update_name text NOT NULL,
    progress_json text NOT NULL,
    depends_on text,
    ordering integer DEFAULT 0 NOT NULL
);


ALTER TABLE public.background_updates OWNER TO synapse;

--
-- Name: batch_events; Type: TABLE; Schema: public; Owner: synapse
--

CREATE TABLE public.batch_events (
    event_id text NOT NULL,
    room_id text NOT NULL,
    batch_id text NOT NULL
);


ALTER TABLE public.batch_events OWNER TO synapse;

--
-- Name: blocked_rooms; Type: TABLE; Schema: public; Owner: synapse
--

CREATE TABLE public.blocked_rooms (
    room_id text NOT NULL,
    user_id text NOT NULL
);


ALTER TABLE public.blocked_rooms OWNER TO synapse;

--
-- Name: cache_invalidation_stream_by_instance; Type: TABLE; Schema: public; Owner: synapse
--

CREATE TABLE public.cache_invalidation_stream_by_instance (
    stream_id bigint NOT NULL,
    instance_name text NOT NULL,
    cache_func text NOT NULL,
    keys text[],
    invalidation_ts bigint
);


ALTER TABLE public.cache_invalidation_stream_by_instance OWNER TO synapse;

--
-- Name: cache_invalidation_stream_seq; Type: SEQUENCE; Schema: public; Owner: synapse
--

CREATE SEQUENCE public.cache_invalidation_stream_seq
    START WITH 1
    INCREMENT BY 1
    NO MINVALUE
    NO MAXVALUE
    CACHE 1;


ALTER TABLE public.cache_invalidation_stream_seq OWNER TO synapse;

--
-- Name: current_state_delta_stream; Type: TABLE; Schema: public; Owner: synapse
--

CREATE TABLE public.current_state_delta_stream (
    stream_id bigint NOT NULL,
    room_id text NOT NULL,
    type text NOT NULL,
    state_key text NOT NULL,
    event_id text,
    prev_event_id text,
    instance_name text
);


ALTER TABLE public.current_state_delta_stream OWNER TO synapse;

--
-- Name: current_state_events; Type: TABLE; Schema: public; Owner: synapse
--

CREATE TABLE public.current_state_events (
    event_id text NOT NULL,
    room_id text NOT NULL,
    type text NOT NULL,
    state_key text NOT NULL,
    membership text
);


ALTER TABLE public.current_state_events OWNER TO synapse;

--
-- Name: dehydrated_devices; Type: TABLE; Schema: public; Owner: synapse
--

CREATE TABLE public.dehydrated_devices (
    user_id text NOT NULL,
    device_id text NOT NULL,
    device_data text NOT NULL
);


ALTER TABLE public.dehydrated_devices OWNER TO synapse;

--
-- Name: deleted_pushers; Type: TABLE; Schema: public; Owner: synapse
--

CREATE TABLE public.deleted_pushers (
    stream_id bigint NOT NULL,
    app_id text NOT NULL,
    pushkey text NOT NULL,
    user_id text NOT NULL
);


ALTER TABLE public.deleted_pushers OWNER TO synapse;

--
-- Name: destination_rooms; Type: TABLE; Schema: public; Owner: synapse
--

CREATE TABLE public.destination_rooms (
    destination text NOT NULL,
    room_id text NOT NULL,
    stream_ordering bigint NOT NULL
);


ALTER TABLE public.destination_rooms OWNER TO synapse;

--
-- Name: destinations; Type: TABLE; Schema: public; Owner: synapse
--

CREATE TABLE public.destinations (
    destination text NOT NULL,
    retry_last_ts bigint,
    retry_interval bigint,
    failure_ts bigint,
    last_successful_stream_ordering bigint
);


ALTER TABLE public.destinations OWNER TO synapse;

--
-- Name: device_federation_inbox; Type: TABLE; Schema: public; Owner: synapse
--

CREATE TABLE public.device_federation_inbox (
    origin text NOT NULL,
    message_id text NOT NULL,
    received_ts bigint NOT NULL,
    instance_name text
);


ALTER TABLE public.device_federation_inbox OWNER TO synapse;

--
-- Name: device_federation_outbox; Type: TABLE; Schema: public; Owner: synapse
--

CREATE TABLE public.device_federation_outbox (
    destination text NOT NULL,
    stream_id bigint NOT NULL,
    queued_ts bigint NOT NULL,
    messages_json text NOT NULL,
    instance_name text
);


ALTER TABLE public.device_federation_outbox OWNER TO synapse;

--
-- Name: device_inbox; Type: TABLE; Schema: public; Owner: synapse
--

CREATE TABLE public.device_inbox (
    user_id text NOT NULL,
    device_id text NOT NULL,
    stream_id bigint NOT NULL,
    message_json text NOT NULL,
    instance_name text
);


ALTER TABLE public.device_inbox OWNER TO synapse;

--
-- Name: device_inbox_sequence; Type: SEQUENCE; Schema: public; Owner: synapse
--

CREATE SEQUENCE public.device_inbox_sequence
    START WITH 1
    INCREMENT BY 1
    NO MINVALUE
    NO MAXVALUE
    CACHE 1;


ALTER TABLE public.device_inbox_sequence OWNER TO synapse;

--
-- Name: device_lists_outbound_last_success; Type: TABLE; Schema: public; Owner: synapse
--

CREATE TABLE public.device_lists_outbound_last_success (
    destination text NOT NULL,
    user_id text NOT NULL,
    stream_id bigint NOT NULL
);


ALTER TABLE public.device_lists_outbound_last_success OWNER TO synapse;

--
-- Name: device_lists_outbound_pokes; Type: TABLE; Schema: public; Owner: synapse
--

CREATE TABLE public.device_lists_outbound_pokes (
    destination text NOT NULL,
    stream_id bigint NOT NULL,
    user_id text NOT NULL,
    device_id text NOT NULL,
    sent boolean NOT NULL,
    ts bigint NOT NULL,
    opentracing_context text
);


ALTER TABLE public.device_lists_outbound_pokes OWNER TO synapse;

--
-- Name: device_lists_remote_cache; Type: TABLE; Schema: public; Owner: synapse
--

CREATE TABLE public.device_lists_remote_cache (
    user_id text NOT NULL,
    device_id text NOT NULL,
    content text NOT NULL
);


ALTER TABLE public.device_lists_remote_cache OWNER TO synapse;

--
-- Name: device_lists_remote_extremeties; Type: TABLE; Schema: public; Owner: synapse
--

CREATE TABLE public.device_lists_remote_extremeties (
    user_id text NOT NULL,
    stream_id text NOT NULL
);


ALTER TABLE public.device_lists_remote_extremeties OWNER TO synapse;

--
-- Name: device_lists_remote_resync; Type: TABLE; Schema: public; Owner: synapse
--

CREATE TABLE public.device_lists_remote_resync (
    user_id text NOT NULL,
    added_ts bigint NOT NULL
);


ALTER TABLE public.device_lists_remote_resync OWNER TO synapse;

--
-- Name: device_lists_stream; Type: TABLE; Schema: public; Owner: synapse
--

CREATE TABLE public.device_lists_stream (
    stream_id bigint NOT NULL,
    user_id text NOT NULL,
    device_id text NOT NULL
);


ALTER TABLE public.device_lists_stream OWNER TO synapse;

--
-- Name: devices; Type: TABLE; Schema: public; Owner: synapse
--

CREATE TABLE public.devices (
    user_id text NOT NULL,
    device_id text NOT NULL,
    display_name text,
    last_seen bigint,
    ip text,
    user_agent text,
    hidden boolean DEFAULT false
);


ALTER TABLE public.devices OWNER TO synapse;

--
-- Name: e2e_cross_signing_keys; Type: TABLE; Schema: public; Owner: synapse
--

CREATE TABLE public.e2e_cross_signing_keys (
    user_id text NOT NULL,
    keytype text NOT NULL,
    keydata text NOT NULL,
    stream_id bigint NOT NULL
);


ALTER TABLE public.e2e_cross_signing_keys OWNER TO synapse;

--
-- Name: e2e_cross_signing_signatures; Type: TABLE; Schema: public; Owner: synapse
--

CREATE TABLE public.e2e_cross_signing_signatures (
    user_id text NOT NULL,
    key_id text NOT NULL,
    target_user_id text NOT NULL,
    target_device_id text NOT NULL,
    signature text NOT NULL
);


ALTER TABLE public.e2e_cross_signing_signatures OWNER TO synapse;

--
-- Name: e2e_device_keys_json; Type: TABLE; Schema: public; Owner: synapse
--

CREATE TABLE public.e2e_device_keys_json (
    user_id text NOT NULL,
    device_id text NOT NULL,
    ts_added_ms bigint NOT NULL,
    key_json text NOT NULL
);


ALTER TABLE public.e2e_device_keys_json OWNER TO synapse;

--
-- Name: e2e_fallback_keys_json; Type: TABLE; Schema: public; Owner: synapse
--

CREATE TABLE public.e2e_fallback_keys_json (
    user_id text NOT NULL,
    device_id text NOT NULL,
    algorithm text NOT NULL,
    key_id text NOT NULL,
    key_json text NOT NULL,
    used boolean DEFAULT false NOT NULL
);


ALTER TABLE public.e2e_fallback_keys_json OWNER TO synapse;

--
-- Name: e2e_one_time_keys_json; Type: TABLE; Schema: public; Owner: synapse
--

CREATE TABLE public.e2e_one_time_keys_json (
    user_id text NOT NULL,
    device_id text NOT NULL,
    algorithm text NOT NULL,
    key_id text NOT NULL,
    ts_added_ms bigint NOT NULL,
    key_json text NOT NULL
);


ALTER TABLE public.e2e_one_time_keys_json OWNER TO synapse;

--
-- Name: e2e_room_keys; Type: TABLE; Schema: public; Owner: synapse
--

CREATE TABLE public.e2e_room_keys (
    user_id text NOT NULL,
    room_id text NOT NULL,
    session_id text NOT NULL,
    version bigint NOT NULL,
    first_message_index integer,
    forwarded_count integer,
    is_verified boolean,
    session_data text NOT NULL
);


ALTER TABLE public.e2e_room_keys OWNER TO synapse;

--
-- Name: e2e_room_keys_versions; Type: TABLE; Schema: public; Owner: synapse
--

CREATE TABLE public.e2e_room_keys_versions (
    user_id text NOT NULL,
    version bigint NOT NULL,
    algorithm text NOT NULL,
    auth_data text NOT NULL,
    deleted smallint DEFAULT 0 NOT NULL,
    etag bigint
);


ALTER TABLE public.e2e_room_keys_versions OWNER TO synapse;

--
-- Name: erased_users; Type: TABLE; Schema: public; Owner: synapse
--

CREATE TABLE public.erased_users (
    user_id text NOT NULL
);


ALTER TABLE public.erased_users OWNER TO synapse;

--
-- Name: event_auth; Type: TABLE; Schema: public; Owner: synapse
--

CREATE TABLE public.event_auth (
    event_id text NOT NULL,
    auth_id text NOT NULL,
    room_id text NOT NULL
);


ALTER TABLE public.event_auth OWNER TO synapse;

--
-- Name: event_auth_chain_id; Type: SEQUENCE; Schema: public; Owner: synapse
--

CREATE SEQUENCE public.event_auth_chain_id
    START WITH 1
    INCREMENT BY 1
    NO MINVALUE
    NO MAXVALUE
    CACHE 1;


ALTER TABLE public.event_auth_chain_id OWNER TO synapse;

--
-- Name: event_auth_chain_links; Type: TABLE; Schema: public; Owner: synapse
--

CREATE TABLE public.event_auth_chain_links (
    origin_chain_id bigint NOT NULL,
    origin_sequence_number bigint NOT NULL,
    target_chain_id bigint NOT NULL,
    target_sequence_number bigint NOT NULL
);


ALTER TABLE public.event_auth_chain_links OWNER TO synapse;

--
-- Name: event_auth_chain_to_calculate; Type: TABLE; Schema: public; Owner: synapse
--

CREATE TABLE public.event_auth_chain_to_calculate (
    event_id text NOT NULL,
    room_id text NOT NULL,
    type text NOT NULL,
    state_key text NOT NULL
);


ALTER TABLE public.event_auth_chain_to_calculate OWNER TO synapse;

--
-- Name: event_auth_chains; Type: TABLE; Schema: public; Owner: synapse
--

CREATE TABLE public.event_auth_chains (
    event_id text NOT NULL,
    chain_id bigint NOT NULL,
    sequence_number bigint NOT NULL
);


ALTER TABLE public.event_auth_chains OWNER TO synapse;

--
-- Name: event_backward_extremities; Type: TABLE; Schema: public; Owner: synapse
--

CREATE TABLE public.event_backward_extremities (
    event_id text NOT NULL,
    room_id text NOT NULL
);


ALTER TABLE public.event_backward_extremities OWNER TO synapse;

--
-- Name: event_edges; Type: TABLE; Schema: public; Owner: synapse
--

CREATE TABLE public.event_edges (
    event_id text NOT NULL,
    prev_event_id text NOT NULL,
    room_id text NOT NULL,
    is_state boolean NOT NULL
);


ALTER TABLE public.event_edges OWNER TO synapse;

--
-- Name: event_expiry; Type: TABLE; Schema: public; Owner: synapse
--

CREATE TABLE public.event_expiry (
    event_id text NOT NULL,
    expiry_ts bigint NOT NULL
);


ALTER TABLE public.event_expiry OWNER TO synapse;

--
-- Name: event_forward_extremities; Type: TABLE; Schema: public; Owner: synapse
--

CREATE TABLE public.event_forward_extremities (
    event_id text NOT NULL,
    room_id text NOT NULL
);


ALTER TABLE public.event_forward_extremities OWNER TO synapse;

--
-- Name: event_json; Type: TABLE; Schema: public; Owner: synapse
--

CREATE TABLE public.event_json (
    event_id text NOT NULL,
    room_id text NOT NULL,
    internal_metadata text NOT NULL,
    json text NOT NULL,
    format_version integer
);


ALTER TABLE public.event_json OWNER TO synapse;

--
-- Name: event_labels; Type: TABLE; Schema: public; Owner: synapse
--

CREATE TABLE public.event_labels (
    event_id text NOT NULL,
    label text NOT NULL,
    room_id text NOT NULL,
    topological_ordering bigint NOT NULL
);


ALTER TABLE public.event_labels OWNER TO synapse;

--
-- Name: event_push_actions; Type: TABLE; Schema: public; Owner: synapse
--

CREATE TABLE public.event_push_actions (
    room_id text NOT NULL,
    event_id text NOT NULL,
    user_id text NOT NULL,
    profile_tag character varying(32),
    actions text NOT NULL,
    topological_ordering bigint,
    stream_ordering bigint,
    notif smallint,
    highlight smallint,
    unread smallint
);


ALTER TABLE public.event_push_actions OWNER TO synapse;

--
-- Name: event_push_actions_staging; Type: TABLE; Schema: public; Owner: synapse
--

CREATE TABLE public.event_push_actions_staging (
    event_id text NOT NULL,
    user_id text NOT NULL,
    actions text NOT NULL,
    notif smallint NOT NULL,
    highlight smallint NOT NULL,
    unread smallint
);


ALTER TABLE public.event_push_actions_staging OWNER TO synapse;

--
-- Name: event_push_summary; Type: TABLE; Schema: public; Owner: synapse
--

CREATE TABLE public.event_push_summary (
    user_id text NOT NULL,
    room_id text NOT NULL,
    notif_count bigint NOT NULL,
    stream_ordering bigint NOT NULL,
    unread_count bigint
);


ALTER TABLE public.event_push_summary OWNER TO synapse;

--
-- Name: event_push_summary_stream_ordering; Type: TABLE; Schema: public; Owner: synapse
--

CREATE TABLE public.event_push_summary_stream_ordering (
    lock character(1) DEFAULT 'X'::bpchar NOT NULL,
    stream_ordering bigint NOT NULL,
    CONSTRAINT event_push_summary_stream_ordering_lock_check CHECK ((lock = 'X'::bpchar))
);


ALTER TABLE public.event_push_summary_stream_ordering OWNER TO synapse;

--
-- Name: event_reference_hashes; Type: TABLE; Schema: public; Owner: synapse
--

CREATE TABLE public.event_reference_hashes (
    event_id text,
    algorithm text,
    hash bytea
);


ALTER TABLE public.event_reference_hashes OWNER TO synapse;

--
-- Name: event_relations; Type: TABLE; Schema: public; Owner: synapse
--

CREATE TABLE public.event_relations (
    event_id text NOT NULL,
    relates_to_id text NOT NULL,
    relation_type text NOT NULL,
    aggregation_key text
);


ALTER TABLE public.event_relations OWNER TO synapse;

--
-- Name: event_reports; Type: TABLE; Schema: public; Owner: synapse
--

CREATE TABLE public.event_reports (
    id bigint NOT NULL,
    received_ts bigint NOT NULL,
    room_id text NOT NULL,
    event_id text NOT NULL,
    user_id text NOT NULL,
    reason text,
    content text
);


ALTER TABLE public.event_reports OWNER TO synapse;

--
-- Name: event_search; Type: TABLE; Schema: public; Owner: synapse
--

CREATE TABLE public.event_search (
    event_id text,
    room_id text,
    sender text,
    key text,
    vector tsvector,
    origin_server_ts bigint,
    stream_ordering bigint
);


ALTER TABLE public.event_search OWNER TO synapse;

--
-- Name: event_to_state_groups; Type: TABLE; Schema: public; Owner: synapse
--

CREATE TABLE public.event_to_state_groups (
    event_id text NOT NULL,
    state_group bigint NOT NULL
);


ALTER TABLE public.event_to_state_groups OWNER TO synapse;

--
-- Name: event_txn_id; Type: TABLE; Schema: public; Owner: synapse
--

CREATE TABLE public.event_txn_id (
    event_id text NOT NULL,
    room_id text NOT NULL,
    user_id text NOT NULL,
    token_id bigint NOT NULL,
    txn_id text NOT NULL,
    inserted_ts bigint NOT NULL
);


ALTER TABLE public.event_txn_id OWNER TO synapse;

--
-- Name: events; Type: TABLE; Schema: public; Owner: synapse
--

CREATE TABLE public.events (
    topological_ordering bigint NOT NULL,
    event_id text NOT NULL,
    type text NOT NULL,
    room_id text NOT NULL,
    content text,
    unrecognized_keys text,
    processed boolean NOT NULL,
    outlier boolean NOT NULL,
    depth bigint DEFAULT 0 NOT NULL,
    origin_server_ts bigint,
    received_ts bigint,
    sender text,
    contains_url boolean,
    instance_name text,
    stream_ordering bigint
);


ALTER TABLE public.events OWNER TO synapse;

--
-- Name: events_backfill_stream_seq; Type: SEQUENCE; Schema: public; Owner: synapse
--

CREATE SEQUENCE public.events_backfill_stream_seq
    START WITH 1
    INCREMENT BY 1
    NO MINVALUE
    NO MAXVALUE
    CACHE 1;


ALTER TABLE public.events_backfill_stream_seq OWNER TO synapse;

--
-- Name: events_stream_seq; Type: SEQUENCE; Schema: public; Owner: synapse
--

CREATE SEQUENCE public.events_stream_seq
    START WITH 1
    INCREMENT BY 1
    NO MINVALUE
    NO MAXVALUE
    CACHE 1;


ALTER TABLE public.events_stream_seq OWNER TO synapse;

--
-- Name: ex_outlier_stream; Type: TABLE; Schema: public; Owner: synapse
--

CREATE TABLE public.ex_outlier_stream (
    event_stream_ordering bigint NOT NULL,
    event_id text NOT NULL,
    state_group bigint NOT NULL,
    instance_name text
);


ALTER TABLE public.ex_outlier_stream OWNER TO synapse;

--
-- Name: federation_inbound_events_staging; Type: TABLE; Schema: public; Owner: synapse
--

CREATE TABLE public.federation_inbound_events_staging (
    origin text NOT NULL,
    room_id text NOT NULL,
    event_id text NOT NULL,
    received_ts bigint NOT NULL,
    event_json text NOT NULL,
    internal_metadata text NOT NULL
);


ALTER TABLE public.federation_inbound_events_staging OWNER TO synapse;

--
-- Name: federation_stream_position; Type: TABLE; Schema: public; Owner: synapse
--

CREATE TABLE public.federation_stream_position (
    type text NOT NULL,
    stream_id bigint NOT NULL,
    instance_name text DEFAULT 'master'::text NOT NULL
);


ALTER TABLE public.federation_stream_position OWNER TO synapse;

--
-- Name: group_attestations_remote; Type: TABLE; Schema: public; Owner: synapse
--

CREATE TABLE public.group_attestations_remote (
    group_id text NOT NULL,
    user_id text NOT NULL,
    valid_until_ms bigint NOT NULL,
    attestation_json text NOT NULL
);


ALTER TABLE public.group_attestations_remote OWNER TO synapse;

--
-- Name: group_attestations_renewals; Type: TABLE; Schema: public; Owner: synapse
--

CREATE TABLE public.group_attestations_renewals (
    group_id text NOT NULL,
    user_id text NOT NULL,
    valid_until_ms bigint NOT NULL
);


ALTER TABLE public.group_attestations_renewals OWNER TO synapse;

--
-- Name: group_invites; Type: TABLE; Schema: public; Owner: synapse
--

CREATE TABLE public.group_invites (
    group_id text NOT NULL,
    user_id text NOT NULL
);


ALTER TABLE public.group_invites OWNER TO synapse;

--
-- Name: group_roles; Type: TABLE; Schema: public; Owner: synapse
--

CREATE TABLE public.group_roles (
    group_id text NOT NULL,
    role_id text NOT NULL,
    profile text NOT NULL,
    is_public boolean NOT NULL
);


ALTER TABLE public.group_roles OWNER TO synapse;

--
-- Name: group_room_categories; Type: TABLE; Schema: public; Owner: synapse
--

CREATE TABLE public.group_room_categories (
    group_id text NOT NULL,
    category_id text NOT NULL,
    profile text NOT NULL,
    is_public boolean NOT NULL
);


ALTER TABLE public.group_room_categories OWNER TO synapse;

--
-- Name: group_rooms; Type: TABLE; Schema: public; Owner: synapse
--

CREATE TABLE public.group_rooms (
    group_id text NOT NULL,
    room_id text NOT NULL,
    is_public boolean NOT NULL
);


ALTER TABLE public.group_rooms OWNER TO synapse;

--
-- Name: group_summary_roles; Type: TABLE; Schema: public; Owner: synapse
--

CREATE TABLE public.group_summary_roles (
    group_id text NOT NULL,
    role_id text NOT NULL,
    role_order bigint NOT NULL,
    CONSTRAINT group_summary_roles_role_order_check CHECK ((role_order > 0))
);


ALTER TABLE public.group_summary_roles OWNER TO synapse;

--
-- Name: group_summary_room_categories; Type: TABLE; Schema: public; Owner: synapse
--

CREATE TABLE public.group_summary_room_categories (
    group_id text NOT NULL,
    category_id text NOT NULL,
    cat_order bigint NOT NULL,
    CONSTRAINT group_summary_room_categories_cat_order_check CHECK ((cat_order > 0))
);


ALTER TABLE public.group_summary_room_categories OWNER TO synapse;

--
-- Name: group_summary_rooms; Type: TABLE; Schema: public; Owner: synapse
--

CREATE TABLE public.group_summary_rooms (
    group_id text NOT NULL,
    room_id text NOT NULL,
    category_id text NOT NULL,
    room_order bigint NOT NULL,
    is_public boolean NOT NULL,
    CONSTRAINT group_summary_rooms_room_order_check CHECK ((room_order > 0))
);


ALTER TABLE public.group_summary_rooms OWNER TO synapse;

--
-- Name: group_summary_users; Type: TABLE; Schema: public; Owner: synapse
--

CREATE TABLE public.group_summary_users (
    group_id text NOT NULL,
    user_id text NOT NULL,
    role_id text NOT NULL,
    user_order bigint NOT NULL,
    is_public boolean NOT NULL
);


ALTER TABLE public.group_summary_users OWNER TO synapse;

--
-- Name: group_users; Type: TABLE; Schema: public; Owner: synapse
--

CREATE TABLE public.group_users (
    group_id text NOT NULL,
    user_id text NOT NULL,
    is_admin boolean NOT NULL,
    is_public boolean NOT NULL
);


ALTER TABLE public.group_users OWNER TO synapse;

--
-- Name: groups; Type: TABLE; Schema: public; Owner: synapse
--

CREATE TABLE public.groups (
    group_id text NOT NULL,
    name text,
    avatar_url text,
    short_description text,
    long_description text,
    is_public boolean NOT NULL,
    join_policy text DEFAULT 'invite'::text NOT NULL
);


ALTER TABLE public.groups OWNER TO synapse;

--
-- Name: ignored_users; Type: TABLE; Schema: public; Owner: synapse
--

CREATE TABLE public.ignored_users (
    ignorer_user_id text NOT NULL,
    ignored_user_id text NOT NULL
);


ALTER TABLE public.ignored_users OWNER TO synapse;

--
-- Name: insertion_event_edges; Type: TABLE; Schema: public; Owner: synapse
--

CREATE TABLE public.insertion_event_edges (
    event_id text NOT NULL,
    room_id text NOT NULL,
    insertion_prev_event_id text NOT NULL
);


ALTER TABLE public.insertion_event_edges OWNER TO synapse;

--
-- Name: insertion_event_extremities; Type: TABLE; Schema: public; Owner: synapse
--

CREATE TABLE public.insertion_event_extremities (
    event_id text NOT NULL,
    room_id text NOT NULL
);


ALTER TABLE public.insertion_event_extremities OWNER TO synapse;

--
-- Name: insertion_events; Type: TABLE; Schema: public; Owner: synapse
--

CREATE TABLE public.insertion_events (
    event_id text NOT NULL,
    room_id text NOT NULL,
    next_batch_id text NOT NULL
);


ALTER TABLE public.insertion_events OWNER TO synapse;

--
-- Name: instance_map; Type: TABLE; Schema: public; Owner: synapse
--

CREATE TABLE public.instance_map (
    instance_id integer NOT NULL,
    instance_name text NOT NULL
);


ALTER TABLE public.instance_map OWNER TO synapse;

--
-- Name: instance_map_instance_id_seq; Type: SEQUENCE; Schema: public; Owner: synapse
--

CREATE SEQUENCE public.instance_map_instance_id_seq
    AS integer
    START WITH 1
    INCREMENT BY 1
    NO MINVALUE
    NO MAXVALUE
    CACHE 1;


ALTER TABLE public.instance_map_instance_id_seq OWNER TO synapse;

--
-- Name: instance_map_instance_id_seq; Type: SEQUENCE OWNED BY; Schema: public; Owner: synapse
--

ALTER SEQUENCE public.instance_map_instance_id_seq OWNED BY public.instance_map.instance_id;


--
-- Name: local_current_membership; Type: TABLE; Schema: public; Owner: synapse
--

CREATE TABLE public.local_current_membership (
    room_id text NOT NULL,
    user_id text NOT NULL,
    event_id text NOT NULL,
    membership text NOT NULL
);


ALTER TABLE public.local_current_membership OWNER TO synapse;

--
-- Name: local_group_membership; Type: TABLE; Schema: public; Owner: synapse
--

CREATE TABLE public.local_group_membership (
    group_id text NOT NULL,
    user_id text NOT NULL,
    is_admin boolean NOT NULL,
    membership text NOT NULL,
    is_publicised boolean NOT NULL,
    content text NOT NULL
);


ALTER TABLE public.local_group_membership OWNER TO synapse;

--
-- Name: local_group_updates; Type: TABLE; Schema: public; Owner: synapse
--

CREATE TABLE public.local_group_updates (
    stream_id bigint NOT NULL,
    group_id text NOT NULL,
    user_id text NOT NULL,
    type text NOT NULL,
    content text NOT NULL
);


ALTER TABLE public.local_group_updates OWNER TO synapse;

--
-- Name: local_media_repository; Type: TABLE; Schema: public; Owner: synapse
--

CREATE TABLE public.local_media_repository (
    media_id text,
    media_type text,
    media_length integer,
    created_ts bigint,
    upload_name text,
    user_id text,
    quarantined_by text,
    url_cache text,
    last_access_ts bigint,
    safe_from_quarantine boolean DEFAULT false NOT NULL
);


ALTER TABLE public.local_media_repository OWNER TO synapse;

--
-- Name: local_media_repository_thumbnails; Type: TABLE; Schema: public; Owner: synapse
--

CREATE TABLE public.local_media_repository_thumbnails (
    media_id text,
    thumbnail_width integer,
    thumbnail_height integer,
    thumbnail_type text,
    thumbnail_method text,
    thumbnail_length integer
);


ALTER TABLE public.local_media_repository_thumbnails OWNER TO synapse;

--
-- Name: local_media_repository_url_cache; Type: TABLE; Schema: public; Owner: synapse
--

CREATE TABLE public.local_media_repository_url_cache (
    url text,
    response_code integer,
    etag text,
    expires_ts bigint,
    og text,
    media_id text,
    download_ts bigint
);


ALTER TABLE public.local_media_repository_url_cache OWNER TO synapse;

--
-- Name: monthly_active_users; Type: TABLE; Schema: public; Owner: synapse
--

CREATE TABLE public.monthly_active_users (
    user_id text NOT NULL,
    "timestamp" bigint NOT NULL
);


ALTER TABLE public.monthly_active_users OWNER TO synapse;

--
-- Name: open_id_tokens; Type: TABLE; Schema: public; Owner: synapse
--

CREATE TABLE public.open_id_tokens (
    token text NOT NULL,
    ts_valid_until_ms bigint NOT NULL,
    user_id text NOT NULL
);


ALTER TABLE public.open_id_tokens OWNER TO synapse;

--
-- Name: presence; Type: TABLE; Schema: public; Owner: synapse
--

CREATE TABLE public.presence (
    user_id text NOT NULL,
    state character varying(20),
    status_msg text,
    mtime bigint
);


ALTER TABLE public.presence OWNER TO synapse;

--
-- Name: presence_stream; Type: TABLE; Schema: public; Owner: synapse
--

CREATE TABLE public.presence_stream (
    stream_id bigint,
    user_id text,
    state text,
    last_active_ts bigint,
    last_federation_update_ts bigint,
    last_user_sync_ts bigint,
    status_msg text,
    currently_active boolean,
    instance_name text
);


ALTER TABLE public.presence_stream OWNER TO synapse;

--
-- Name: presence_stream_sequence; Type: SEQUENCE; Schema: public; Owner: synapse
--

CREATE SEQUENCE public.presence_stream_sequence
    START WITH 1
    INCREMENT BY 1
    NO MINVALUE
    NO MAXVALUE
    CACHE 1;


ALTER TABLE public.presence_stream_sequence OWNER TO synapse;

--
-- Name: profiles; Type: TABLE; Schema: public; Owner: synapse
--

CREATE TABLE public.profiles (
    user_id text NOT NULL,
    displayname text,
    avatar_url text
);


ALTER TABLE public.profiles OWNER TO synapse;

--
-- Name: public_room_list_stream; Type: TABLE; Schema: public; Owner: synapse
--

CREATE TABLE public.public_room_list_stream (
    stream_id bigint NOT NULL,
    room_id text NOT NULL,
    visibility boolean NOT NULL,
    appservice_id text,
    network_id text
);


ALTER TABLE public.public_room_list_stream OWNER TO synapse;

--
-- Name: push_rules; Type: TABLE; Schema: public; Owner: synapse
--

CREATE TABLE public.push_rules (
    id bigint NOT NULL,
    user_name text NOT NULL,
    rule_id text NOT NULL,
    priority_class smallint NOT NULL,
    priority integer DEFAULT 0 NOT NULL,
    conditions text NOT NULL,
    actions text NOT NULL
);


ALTER TABLE public.push_rules OWNER TO synapse;

--
-- Name: push_rules_enable; Type: TABLE; Schema: public; Owner: synapse
--

CREATE TABLE public.push_rules_enable (
    id bigint NOT NULL,
    user_name text NOT NULL,
    rule_id text NOT NULL,
    enabled smallint
);


ALTER TABLE public.push_rules_enable OWNER TO synapse;

--
-- Name: push_rules_stream; Type: TABLE; Schema: public; Owner: synapse
--

CREATE TABLE public.push_rules_stream (
    stream_id bigint NOT NULL,
    event_stream_ordering bigint NOT NULL,
    user_id text NOT NULL,
    rule_id text NOT NULL,
    op text NOT NULL,
    priority_class smallint,
    priority integer,
    conditions text,
    actions text
);


ALTER TABLE public.push_rules_stream OWNER TO synapse;

--
-- Name: pusher_throttle; Type: TABLE; Schema: public; Owner: synapse
--

CREATE TABLE public.pusher_throttle (
    pusher bigint NOT NULL,
    room_id text NOT NULL,
    last_sent_ts bigint,
    throttle_ms bigint
);


ALTER TABLE public.pusher_throttle OWNER TO synapse;

--
-- Name: pushers; Type: TABLE; Schema: public; Owner: synapse
--

CREATE TABLE public.pushers (
    id bigint NOT NULL,
    user_name text NOT NULL,
    access_token bigint,
    profile_tag text NOT NULL,
    kind text NOT NULL,
    app_id text NOT NULL,
    app_display_name text NOT NULL,
    device_display_name text NOT NULL,
    pushkey text NOT NULL,
    ts bigint NOT NULL,
    lang text,
    data text,
    last_stream_ordering bigint,
    last_success bigint,
    failing_since bigint
);


ALTER TABLE public.pushers OWNER TO synapse;

--
-- Name: ratelimit_override; Type: TABLE; Schema: public; Owner: synapse
--

CREATE TABLE public.ratelimit_override (
    user_id text NOT NULL,
    messages_per_second bigint,
    burst_count bigint
);


ALTER TABLE public.ratelimit_override OWNER TO synapse;

--
-- Name: receipts_graph; Type: TABLE; Schema: public; Owner: synapse
--

CREATE TABLE public.receipts_graph (
    room_id text NOT NULL,
    receipt_type text NOT NULL,
    user_id text NOT NULL,
    event_ids text NOT NULL,
    data text NOT NULL
);


ALTER TABLE public.receipts_graph OWNER TO synapse;

--
-- Name: receipts_linearized; Type: TABLE; Schema: public; Owner: synapse
--

CREATE TABLE public.receipts_linearized (
    stream_id bigint NOT NULL,
    room_id text NOT NULL,
    receipt_type text NOT NULL,
    user_id text NOT NULL,
    event_id text NOT NULL,
    data text NOT NULL,
    instance_name text
);


ALTER TABLE public.receipts_linearized OWNER TO synapse;

--
-- Name: receipts_sequence; Type: SEQUENCE; Schema: public; Owner: synapse
--

CREATE SEQUENCE public.receipts_sequence
    START WITH 1
    INCREMENT BY 1
    NO MINVALUE
    NO MAXVALUE
    CACHE 1;


ALTER TABLE public.receipts_sequence OWNER TO synapse;

--
-- Name: received_transactions; Type: TABLE; Schema: public; Owner: synapse
--

CREATE TABLE public.received_transactions (
    transaction_id text,
    origin text,
    ts bigint,
    response_code integer,
    response_json bytea,
    has_been_referenced smallint DEFAULT 0
);


ALTER TABLE public.received_transactions OWNER TO synapse;

--
-- Name: redactions; Type: TABLE; Schema: public; Owner: synapse
--

CREATE TABLE public.redactions (
    event_id text NOT NULL,
    redacts text NOT NULL,
    have_censored boolean DEFAULT false NOT NULL,
    received_ts bigint
);


ALTER TABLE public.redactions OWNER TO synapse;

--
-- Name: refresh_tokens; Type: TABLE; Schema: public; Owner: synapse
--

CREATE TABLE public.refresh_tokens (
    id bigint NOT NULL,
    user_id text NOT NULL,
    device_id text NOT NULL,
    token text NOT NULL,
    next_token_id bigint
);


ALTER TABLE public.refresh_tokens OWNER TO synapse;

--
-- Name: registration_tokens; Type: TABLE; Schema: public; Owner: synapse
--

CREATE TABLE public.registration_tokens (
    token text NOT NULL,
    uses_allowed integer,
    pending integer NOT NULL,
    completed integer NOT NULL,
    expiry_time bigint
);


ALTER TABLE public.registration_tokens OWNER TO synapse;

--
-- Name: rejections; Type: TABLE; Schema: public; Owner: synapse
--

CREATE TABLE public.rejections (
    event_id text NOT NULL,
    reason text NOT NULL,
    last_check text NOT NULL
);


ALTER TABLE public.rejections OWNER TO synapse;

--
-- Name: remote_media_cache; Type: TABLE; Schema: public; Owner: synapse
--

CREATE TABLE public.remote_media_cache (
    media_origin text,
    media_id text,
    media_type text,
    created_ts bigint,
    upload_name text,
    media_length integer,
    filesystem_id text,
    last_access_ts bigint,
    quarantined_by text
);


ALTER TABLE public.remote_media_cache OWNER TO synapse;

--
-- Name: remote_media_cache_thumbnails; Type: TABLE; Schema: public; Owner: synapse
--

CREATE TABLE public.remote_media_cache_thumbnails (
    media_origin text,
    media_id text,
    thumbnail_width integer,
    thumbnail_height integer,
    thumbnail_method text,
    thumbnail_type text,
    thumbnail_length integer,
    filesystem_id text
);


ALTER TABLE public.remote_media_cache_thumbnails OWNER TO synapse;

--
-- Name: remote_profile_cache; Type: TABLE; Schema: public; Owner: synapse
--

CREATE TABLE public.remote_profile_cache (
    user_id text NOT NULL,
    displayname text,
    avatar_url text,
    last_check bigint NOT NULL
);


ALTER TABLE public.remote_profile_cache OWNER TO synapse;

--
-- Name: room_account_data; Type: TABLE; Schema: public; Owner: synapse
--

CREATE TABLE public.room_account_data (
    user_id text NOT NULL,
    room_id text NOT NULL,
    account_data_type text NOT NULL,
    stream_id bigint NOT NULL,
    content text NOT NULL,
    instance_name text
);


ALTER TABLE public.room_account_data OWNER TO synapse;

--
-- Name: room_alias_servers; Type: TABLE; Schema: public; Owner: synapse
--

CREATE TABLE public.room_alias_servers (
    room_alias text NOT NULL,
    server text NOT NULL
);


ALTER TABLE public.room_alias_servers OWNER TO synapse;

--
-- Name: room_aliases; Type: TABLE; Schema: public; Owner: synapse
--

CREATE TABLE public.room_aliases (
    room_alias text NOT NULL,
    room_id text NOT NULL,
    creator text
);


ALTER TABLE public.room_aliases OWNER TO synapse;

--
-- Name: room_depth; Type: TABLE; Schema: public; Owner: synapse
--

CREATE TABLE public.room_depth (
    room_id text NOT NULL,
    min_depth bigint
);


ALTER TABLE public.room_depth OWNER TO synapse;

--
-- Name: room_memberships; Type: TABLE; Schema: public; Owner: synapse
--

CREATE TABLE public.room_memberships (
    event_id text NOT NULL,
    user_id text NOT NULL,
    sender text NOT NULL,
    room_id text NOT NULL,
    membership text NOT NULL,
    forgotten integer DEFAULT 0,
    display_name text,
    avatar_url text
);


ALTER TABLE public.room_memberships OWNER TO synapse;

--
-- Name: room_retention; Type: TABLE; Schema: public; Owner: synapse
--

CREATE TABLE public.room_retention (
    room_id text NOT NULL,
    event_id text NOT NULL,
    min_lifetime bigint,
    max_lifetime bigint
);


ALTER TABLE public.room_retention OWNER TO synapse;

--
-- Name: room_stats_current; Type: TABLE; Schema: public; Owner: synapse
--

CREATE TABLE public.room_stats_current (
    room_id text NOT NULL,
    current_state_events integer NOT NULL,
    joined_members integer NOT NULL,
    invited_members integer NOT NULL,
    left_members integer NOT NULL,
    banned_members integer NOT NULL,
    local_users_in_room integer NOT NULL,
    completed_delta_stream_id bigint NOT NULL,
    knocked_members integer
);


ALTER TABLE public.room_stats_current OWNER TO synapse;

--
-- Name: room_stats_earliest_token; Type: TABLE; Schema: public; Owner: synapse
--

CREATE TABLE public.room_stats_earliest_token (
    room_id text NOT NULL,
    token bigint NOT NULL
);


ALTER TABLE public.room_stats_earliest_token OWNER TO synapse;

--
-- Name: room_stats_historical; Type: TABLE; Schema: public; Owner: synapse
--

CREATE TABLE public.room_stats_historical (
    room_id text NOT NULL,
    end_ts bigint NOT NULL,
    bucket_size bigint NOT NULL,
    current_state_events bigint NOT NULL,
    joined_members bigint NOT NULL,
    invited_members bigint NOT NULL,
    left_members bigint NOT NULL,
    banned_members bigint NOT NULL,
    local_users_in_room bigint NOT NULL,
    total_events bigint NOT NULL,
    total_event_bytes bigint NOT NULL,
    knocked_members bigint
);


ALTER TABLE public.room_stats_historical OWNER TO synapse;

--
-- Name: room_stats_state; Type: TABLE; Schema: public; Owner: synapse
--

CREATE TABLE public.room_stats_state (
    room_id text NOT NULL,
    name text,
    canonical_alias text,
    join_rules text,
    history_visibility text,
    encryption text,
    avatar text,
    guest_access text,
    is_federatable boolean,
    topic text
);


ALTER TABLE public.room_stats_state OWNER TO synapse;

--
-- Name: room_tags; Type: TABLE; Schema: public; Owner: synapse
--

CREATE TABLE public.room_tags (
    user_id text NOT NULL,
    room_id text NOT NULL,
    tag text NOT NULL,
    content text NOT NULL
);


ALTER TABLE public.room_tags OWNER TO synapse;

--
-- Name: room_tags_revisions; Type: TABLE; Schema: public; Owner: synapse
--

CREATE TABLE public.room_tags_revisions (
    user_id text NOT NULL,
    room_id text NOT NULL,
    stream_id bigint NOT NULL,
    instance_name text
);


ALTER TABLE public.room_tags_revisions OWNER TO synapse;

--
-- Name: rooms; Type: TABLE; Schema: public; Owner: synapse
--

CREATE TABLE public.rooms (
    room_id text NOT NULL,
    is_public boolean,
    creator text,
    room_version text,
    has_auth_chain_index boolean
);


ALTER TABLE public.rooms OWNER TO synapse;

--
-- Name: schema_compat_version; Type: TABLE; Schema: public; Owner: synapse
--

CREATE TABLE public.schema_compat_version (
    lock character(1) DEFAULT 'X'::bpchar NOT NULL,
    compat_version integer NOT NULL,
    CONSTRAINT schema_compat_version_lock_check CHECK ((lock = 'X'::bpchar))
);


ALTER TABLE public.schema_compat_version OWNER TO synapse;

--
-- Name: schema_version; Type: TABLE; Schema: public; Owner: synapse
--

CREATE TABLE public.schema_version (
    lock character(1) DEFAULT 'X'::bpchar NOT NULL,
    version integer NOT NULL,
    upgraded boolean NOT NULL,
    CONSTRAINT schema_version_lock_check CHECK ((lock = 'X'::bpchar))
);


ALTER TABLE public.schema_version OWNER TO synapse;

--
-- Name: server_keys_json; Type: TABLE; Schema: public; Owner: synapse
--

CREATE TABLE public.server_keys_json (
    server_name text NOT NULL,
    key_id text NOT NULL,
    from_server text NOT NULL,
    ts_added_ms bigint NOT NULL,
    ts_valid_until_ms bigint NOT NULL,
    key_json bytea NOT NULL
);


ALTER TABLE public.server_keys_json OWNER TO synapse;

--
-- Name: server_signature_keys; Type: TABLE; Schema: public; Owner: synapse
--

CREATE TABLE public.server_signature_keys (
    server_name text,
    key_id text,
    from_server text,
    ts_added_ms bigint,
    verify_key bytea,
    ts_valid_until_ms bigint
);


ALTER TABLE public.server_signature_keys OWNER TO synapse;

--
-- Name: sessions; Type: TABLE; Schema: public; Owner: synapse
--

CREATE TABLE public.sessions (
    session_type text NOT NULL,
    session_id text NOT NULL,
    value text NOT NULL,
    expiry_time_ms bigint NOT NULL
);


ALTER TABLE public.sessions OWNER TO synapse;

--
-- Name: state_events; Type: TABLE; Schema: public; Owner: synapse
--

CREATE TABLE public.state_events (
    event_id text NOT NULL,
    room_id text NOT NULL,
    type text NOT NULL,
    state_key text NOT NULL,
    prev_state text
);


ALTER TABLE public.state_events OWNER TO synapse;

--
-- Name: state_group_edges; Type: TABLE; Schema: public; Owner: synapse
--

CREATE TABLE public.state_group_edges (
    state_group bigint NOT NULL,
    prev_state_group bigint NOT NULL
);


ALTER TABLE public.state_group_edges OWNER TO synapse;

--
-- Name: state_group_id_seq; Type: SEQUENCE; Schema: public; Owner: synapse
--

CREATE SEQUENCE public.state_group_id_seq
    START WITH 1
    INCREMENT BY 1
    NO MINVALUE
    NO MAXVALUE
    CACHE 1;


ALTER TABLE public.state_group_id_seq OWNER TO synapse;

--
-- Name: state_groups; Type: TABLE; Schema: public; Owner: synapse
--

CREATE TABLE public.state_groups (
    id bigint NOT NULL,
    room_id text NOT NULL,
    event_id text NOT NULL
);


ALTER TABLE public.state_groups OWNER TO synapse;

--
-- Name: state_groups_state; Type: TABLE; Schema: public; Owner: synapse
--

CREATE TABLE public.state_groups_state (
    state_group bigint NOT NULL,
    room_id text NOT NULL,
    type text NOT NULL,
    state_key text NOT NULL,
    event_id text NOT NULL
);
ALTER TABLE ONLY public.state_groups_state ALTER COLUMN state_group SET (n_distinct=-0.02);


ALTER TABLE public.state_groups_state OWNER TO synapse;

--
-- Name: stats_incremental_position; Type: TABLE; Schema: public; Owner: synapse
--

CREATE TABLE public.stats_incremental_position (
    lock character(1) DEFAULT 'X'::bpchar NOT NULL,
    stream_id bigint NOT NULL,
    CONSTRAINT stats_incremental_position_lock_check CHECK ((lock = 'X'::bpchar))
);


ALTER TABLE public.stats_incremental_position OWNER TO synapse;

--
-- Name: stream_ordering_to_exterm; Type: TABLE; Schema: public; Owner: synapse
--

CREATE TABLE public.stream_ordering_to_exterm (
    stream_ordering bigint NOT NULL,
    room_id text NOT NULL,
    event_id text NOT NULL
);


ALTER TABLE public.stream_ordering_to_exterm OWNER TO synapse;

--
-- Name: stream_positions; Type: TABLE; Schema: public; Owner: synapse
--

CREATE TABLE public.stream_positions (
    stream_name text NOT NULL,
    instance_name text NOT NULL,
    stream_id bigint NOT NULL
);


ALTER TABLE public.stream_positions OWNER TO synapse;

--
-- Name: threepid_guest_access_tokens; Type: TABLE; Schema: public; Owner: synapse
--

CREATE TABLE public.threepid_guest_access_tokens (
    medium text,
    address text,
    guest_access_token text,
    first_inviter text
);


ALTER TABLE public.threepid_guest_access_tokens OWNER TO synapse;

--
-- Name: threepid_validation_session; Type: TABLE; Schema: public; Owner: synapse
--

CREATE TABLE public.threepid_validation_session (
    session_id text NOT NULL,
    medium text NOT NULL,
    address text NOT NULL,
    client_secret text NOT NULL,
    last_send_attempt bigint NOT NULL,
    validated_at bigint
);


ALTER TABLE public.threepid_validation_session OWNER TO synapse;

--
-- Name: threepid_validation_token; Type: TABLE; Schema: public; Owner: synapse
--

CREATE TABLE public.threepid_validation_token (
    token text NOT NULL,
    session_id text NOT NULL,
    next_link text,
    expires bigint NOT NULL
);


ALTER TABLE public.threepid_validation_token OWNER TO synapse;

--
-- Name: ui_auth_sessions; Type: TABLE; Schema: public; Owner: synapse
--

CREATE TABLE public.ui_auth_sessions (
    session_id text NOT NULL,
    creation_time bigint NOT NULL,
    serverdict text NOT NULL,
    clientdict text NOT NULL,
    uri text NOT NULL,
    method text NOT NULL,
    description text NOT NULL
);


ALTER TABLE public.ui_auth_sessions OWNER TO synapse;

--
-- Name: ui_auth_sessions_credentials; Type: TABLE; Schema: public; Owner: synapse
--

CREATE TABLE public.ui_auth_sessions_credentials (
    session_id text NOT NULL,
    stage_type text NOT NULL,
    result text NOT NULL
);


ALTER TABLE public.ui_auth_sessions_credentials OWNER TO synapse;

--
-- Name: ui_auth_sessions_ips; Type: TABLE; Schema: public; Owner: synapse
--

CREATE TABLE public.ui_auth_sessions_ips (
    session_id text NOT NULL,
    ip text NOT NULL,
    user_agent text NOT NULL
);


ALTER TABLE public.ui_auth_sessions_ips OWNER TO synapse;

--
-- Name: user_daily_visits; Type: TABLE; Schema: public; Owner: synapse
--

CREATE TABLE public.user_daily_visits (
    user_id text NOT NULL,
    device_id text,
    "timestamp" bigint NOT NULL,
    user_agent text
);


ALTER TABLE public.user_daily_visits OWNER TO synapse;

--
-- Name: user_directory; Type: TABLE; Schema: public; Owner: synapse
--

CREATE TABLE public.user_directory (
    user_id text NOT NULL,
    room_id text,
    display_name text,
    avatar_url text
);


ALTER TABLE public.user_directory OWNER TO synapse;

--
-- Name: user_directory_search; Type: TABLE; Schema: public; Owner: synapse
--

CREATE TABLE public.user_directory_search (
    user_id text NOT NULL,
    vector tsvector
);


ALTER TABLE public.user_directory_search OWNER TO synapse;

--
-- Name: user_directory_stream_pos; Type: TABLE; Schema: public; Owner: synapse
--

CREATE TABLE public.user_directory_stream_pos (
    lock character(1) DEFAULT 'X'::bpchar NOT NULL,
    stream_id bigint,
    CONSTRAINT user_directory_stream_pos_lock_check CHECK ((lock = 'X'::bpchar))
);


ALTER TABLE public.user_directory_stream_pos OWNER TO synapse;

--
-- Name: user_external_ids; Type: TABLE; Schema: public; Owner: synapse
--

CREATE TABLE public.user_external_ids (
    auth_provider text NOT NULL,
    external_id text NOT NULL,
    user_id text NOT NULL
);


ALTER TABLE public.user_external_ids OWNER TO synapse;

--
-- Name: user_filters; Type: TABLE; Schema: public; Owner: synapse
--

CREATE TABLE public.user_filters (
    user_id text NOT NULL,
    filter_id bigint NOT NULL,
    filter_json bytea NOT NULL
);


ALTER TABLE public.user_filters OWNER TO synapse;

--
-- Name: user_id_seq; Type: SEQUENCE; Schema: public; Owner: synapse
--

CREATE SEQUENCE public.user_id_seq
    START WITH 1
    INCREMENT BY 1
    NO MINVALUE
    NO MAXVALUE
    CACHE 1;


ALTER TABLE public.user_id_seq OWNER TO synapse;

--
-- Name: user_ips; Type: TABLE; Schema: public; Owner: synapse
--

CREATE TABLE public.user_ips (
    user_id text NOT NULL,
    access_token text NOT NULL,
    device_id text,
    ip text NOT NULL,
    user_agent text NOT NULL,
    last_seen bigint NOT NULL
);


ALTER TABLE public.user_ips OWNER TO synapse;

--
-- Name: user_signature_stream; Type: TABLE; Schema: public; Owner: synapse
--

CREATE TABLE public.user_signature_stream (
    stream_id bigint NOT NULL,
    from_user_id text NOT NULL,
    user_ids text NOT NULL
);


ALTER TABLE public.user_signature_stream OWNER TO synapse;

--
-- Name: user_stats_current; Type: TABLE; Schema: public; Owner: synapse
--

CREATE TABLE public.user_stats_current (
    user_id text NOT NULL,
    joined_rooms bigint NOT NULL,
    completed_delta_stream_id bigint NOT NULL
);


ALTER TABLE public.user_stats_current OWNER TO synapse;

--
-- Name: user_stats_historical; Type: TABLE; Schema: public; Owner: synapse
--

CREATE TABLE public.user_stats_historical (
    user_id text NOT NULL,
    end_ts bigint NOT NULL,
    bucket_size bigint NOT NULL,
    joined_rooms bigint NOT NULL,
    invites_sent bigint NOT NULL,
    rooms_created bigint NOT NULL,
    total_events bigint NOT NULL,
    total_event_bytes bigint NOT NULL
);


ALTER TABLE public.user_stats_historical OWNER TO synapse;

--
-- Name: user_threepid_id_server; Type: TABLE; Schema: public; Owner: synapse
--

CREATE TABLE public.user_threepid_id_server (
    user_id text NOT NULL,
    medium text NOT NULL,
    address text NOT NULL,
    id_server text NOT NULL
);


ALTER TABLE public.user_threepid_id_server OWNER TO synapse;

--
-- Name: user_threepids; Type: TABLE; Schema: public; Owner: synapse
--

CREATE TABLE public.user_threepids (
    user_id text NOT NULL,
    medium text NOT NULL,
    address text NOT NULL,
    validated_at bigint NOT NULL,
    added_at bigint NOT NULL
);


ALTER TABLE public.user_threepids OWNER TO synapse;

--
-- Name: users; Type: TABLE; Schema: public; Owner: synapse
--

CREATE TABLE public.users (
    name text,
    password_hash text,
    creation_ts bigint,
    admin smallint DEFAULT 0 NOT NULL,
    upgrade_ts bigint,
    is_guest smallint DEFAULT 0 NOT NULL,
    appservice_id text,
    consent_version text,
    consent_server_notice_sent text,
    user_type text,
    deactivated smallint DEFAULT 0 NOT NULL,
    shadow_banned boolean
);


ALTER TABLE public.users OWNER TO synapse;

--
-- Name: users_in_public_rooms; Type: TABLE; Schema: public; Owner: synapse
--

CREATE TABLE public.users_in_public_rooms (
    user_id text NOT NULL,
    room_id text NOT NULL
);


ALTER TABLE public.users_in_public_rooms OWNER TO synapse;

--
-- Name: users_pending_deactivation; Type: TABLE; Schema: public; Owner: synapse
--

CREATE TABLE public.users_pending_deactivation (
    user_id text NOT NULL
);


ALTER TABLE public.users_pending_deactivation OWNER TO synapse;

--
-- Name: users_to_send_full_presence_to; Type: TABLE; Schema: public; Owner: synapse
--

CREATE TABLE public.users_to_send_full_presence_to (
    user_id text NOT NULL,
    presence_stream_id bigint
);


ALTER TABLE public.users_to_send_full_presence_to OWNER TO synapse;

--
-- Name: users_who_share_private_rooms; Type: TABLE; Schema: public; Owner: synapse
--

CREATE TABLE public.users_who_share_private_rooms (
    user_id text NOT NULL,
    other_user_id text NOT NULL,
    room_id text NOT NULL
);


ALTER TABLE public.users_who_share_private_rooms OWNER TO synapse;

--
-- Name: worker_locks; Type: TABLE; Schema: public; Owner: synapse
--

CREATE TABLE public.worker_locks (
    lock_name text NOT NULL,
    lock_key text NOT NULL,
    instance_name text NOT NULL,
    token text NOT NULL,
    last_renewed_ts bigint NOT NULL
);


ALTER TABLE public.worker_locks OWNER TO synapse;

--
-- Name: instance_map instance_id; Type: DEFAULT; Schema: public; Owner: synapse
--

ALTER TABLE ONLY public.instance_map ALTER COLUMN instance_id SET DEFAULT nextval('public.instance_map_instance_id_seq'::regclass);


--
-- Data for Name: access_tokens; Type: TABLE DATA; Schema: public; Owner: synapse
--

COPY public.access_tokens (id, user_id, device_id, token, valid_until_ms, puppets_user_id, last_validated, refresh_token_id, used) FROM stdin;
3	@matrix_a:localhost	TKAVEOGKHH	MDAxN2xvY2F0aW9uIGxvY2FsaG9zdAowMDEzaWRlbnRpZmllciBrZXkKMDAxMGNpZCBnZW4gPSAxCjAwMjZjaWQgdXNlcl9pZCA9IEBtYXRyaXhfYTpsb2NhbGhvc3QKMDAxNmNpZCB0eXBlID0gYWNjZXNzCjAwMjFjaWQgbm9uY2UgPSAwb3Y6eTZVdHojUk4jbFprCjAwMmZzaWduYXR1cmUgNNZKnOVRzj5svh9pEM0UUEqtXYnHjnj9XyNLJ1_uKoAK	\N	\N	\N	\N	\N
4	@matrix_b:localhost	DJFHSWMXLW	MDAxN2xvY2F0aW9uIGxvY2FsaG9zdAowMDEzaWRlbnRpZmllciBrZXkKMDAxMGNpZCBnZW4gPSAxCjAwMjZjaWQgdXNlcl9pZCA9IEBtYXRyaXhfYjpsb2NhbGhvc3QKMDAxNmNpZCB0eXBlID0gYWNjZXNzCjAwMjFjaWQgbm9uY2UgPSBBYl9hbWthI0daSzgtfjdICjAwMmZzaWduYXR1cmUgOReBLkPURCMNtzORS9fpogQqVa3IWN9ZEu5gXW91QTMK	\N	\N	\N	\N	\N
5	@ignored_user:localhost	IYEBBQEXHS	MDAxN2xvY2F0aW9uIGxvY2FsaG9zdAowMDEzaWRlbnRpZmllciBrZXkKMDAxMGNpZCBnZW4gPSAxCjAwMmFjaWQgdXNlcl9pZCA9IEBpZ25vcmVkX3VzZXI6bG9jYWxob3N0CjAwMTZjaWQgdHlwZSA9IGFjY2VzcwowMDIxY2lkIG5vbmNlID0gZU5ta1BBMj1FNnVPRGtwdgowMDJmc2lnbmF0dXJlIHSt8jrFU836Ne3it2HY88EhPD1Aoustsm211bbFjcLcCg	\N	\N	\N	\N	\N
6	@matterbot:localhost	WXUVNZGJEW	syt_bWF0dGVyYm90_BUJIdrtjNxhLblEFpObD_3qIP47	\N	\N	1673965922933	\N	f
7	@mm_mattermost_a:localhost	COGVPCWEKD	syt_bW1fbWF0dGVybW9zdF9h_gaIxUCblqvFelFijVAIT_1a3T85	\N	\N	1673966481703	\N	f
8	@mm_mattermost_b:localhost	HCOJCHMPGT	syt_bW1fbWF0dGVybW9zdF9i_CURPOkuhIgDkhoapqQwj_1OnttI	\N	\N	1673966482045	\N	f
2	@admin:localhost	WCSUBIGVWG	MDAxN2xvY2F0aW9uIGxvY2FsaG9zdAowMDEzaWRlbnRpZmllciBrZXkKMDAxMGNpZCBnZW4gPSAxCjAwMjNjaWQgdXNlcl9pZCA9IEBhZG1pbjpsb2NhbGhvc3QKMDAxNmNpZCB0eXBlID0gYWNjZXNzCjAwMjFjaWQgbm9uY2UgPSBXVU9yUTVRMFRnUkNjME1ACjAwMmZzaWduYXR1cmUgdYKA-yuTQ5JV5O0HWRak-48xavOYgA1MMc6A1V_Uw5kK	\N	\N	\N	\N	t
9	@user1.matrix:localhost	OXBKVBOLVC	syt_dXNlcjEubWF0cml4_VqtNUUcGLOCpwzTNKNfq_1iVBTx	\N	\N	1673968370066	\N	t
\.


--
-- Data for Name: account_data; Type: TABLE DATA; Schema: public; Owner: synapse
--

COPY public.account_data (user_id, account_data_type, stream_id, content, instance_name) FROM stdin;
@user1.matrix:localhost	org.matrix.msc3890.local_notification_settings.OXBKVBOLVC	2	{"is_silenced":false}	\N
@user1.matrix:localhost	im.vector.analytics	4	{"pseudonymousAnalyticsOptIn":false}	\N
@user1.matrix:localhost	im.vector.web.settings	10	{"SpotlightSearch.recentSearches":["!dKcbdDATuwwphjRPQP:localhost","!kmbTYjjsDRDHGgVqUP:localhost"]}	\N
@user1.matrix:localhost	im.vector.setting.breadcrumbs	11	{"recent_rooms":["!dKcbdDATuwwphjRPQP:localhost","!kmbTYjjsDRDHGgVqUP:localhost"]}	\N
\.


--
-- Data for Name: account_validity; Type: TABLE DATA; Schema: public; Owner: synapse
--

COPY public.account_validity (user_id, expiration_ts_ms, email_sent, renewal_token, token_used_ts_ms) FROM stdin;
\.


--
-- Data for Name: application_services_state; Type: TABLE DATA; Schema: public; Owner: synapse
--

COPY public.application_services_state (as_id, state, last_txn, read_receipt_stream_id, presence_stream_id) FROM stdin;
xfbONb3M-hYO861rkzW7N0xUKm-6MII2M6sj-z8sdc0DaiXV1S25SXdr5ElIvatt	down	10	\N	\N
\.


--
-- Data for Name: application_services_txns; Type: TABLE DATA; Schema: public; Owner: synapse
--

COPY public.application_services_txns (as_id, txn_id, event_ids) FROM stdin;
xfbONb3M-hYO861rkzW7N0xUKm-6MII2M6sj-z8sdc0DaiXV1S25SXdr5ElIvatt	11	["$5DYqRHQPE1SQt9QXHJodWH7x4Pztz3LTsgH1kdHawZs"]
xfbONb3M-hYO861rkzW7N0xUKm-6MII2M6sj-z8sdc0DaiXV1S25SXdr5ElIvatt	12	["$TKcINA6W5qTH8raDaFqEMBivZ0LjgXtIHGvxzJ9V4_8"]
\.


--
-- Data for Name: applied_module_schemas; Type: TABLE DATA; Schema: public; Owner: synapse
--

COPY public.applied_module_schemas (module_name, file) FROM stdin;
\.


--
-- Data for Name: applied_schema_deltas; Type: TABLE DATA; Schema: public; Owner: synapse
--

COPY public.applied_schema_deltas (version, file) FROM stdin;
55	55/access_token_expiry.sql
55	55/track_threepid_validations.sql
55	55/users_alter_deactivated.sql
56	56/add_spans_to_device_lists.sql
56	56/current_state_events_membership.sql
56	56/current_state_events_membership_mk2.sql
56	56/delete_keys_from_deleted_backups.sql
56	56/destinations_failure_ts.sql
56	56/destinations_retry_interval_type.sql.postgres
56	56/device_stream_id_insert.sql
56	56/devices_last_seen.sql
56	56/drop_unused_event_tables.sql
56	56/event_expiry.sql
56	56/event_labels.sql
56	56/event_labels_background_update.sql
56	56/fix_room_keys_index.sql
56	56/hidden_devices.sql
56	56/nuke_empty_communities_from_db.sql
56	56/public_room_list_idx.sql
56	56/redaction_censor.sql
56	56/redaction_censor2.sql
56	56/redaction_censor3_fix_update.sql.postgres
56	56/redaction_censor4.sql
56	56/remove_tombstoned_rooms_from_directory.sql
56	56/room_key_etag.sql
56	56/room_membership_idx.sql
56	56/room_retention.sql
56	56/signing_keys.sql
56	56/signing_keys_nonunique_signatures.sql
56	56/state_group_room_idx.sql
56	56/stats_separated.sql
56	56/unique_user_filter_index.py
56	56/user_external_ids.sql
56	56/users_in_public_rooms_idx.sql
57	57/delete_old_current_state_events.sql
57	57/device_list_remote_cache_stale.sql
57	57/local_current_membership.py
57	57/remove_sent_outbound_pokes.sql
57	57/rooms_version_column.sql
57	57/rooms_version_column_2.sql.postgres
57	57/rooms_version_column_3.sql.postgres
58	58/00background_update_ordering.sql
58	58/02remove_dup_outbound_pokes.sql
58	58/03persist_ui_auth.sql
58	58/05cache_instance.sql.postgres
58	58/06dlols_unique_idx.py
58	58/07add_method_to_thumbnail_constraint.sql.postgres
58	58/07persist_ui_auth_ips.sql
58	58/08_media_safe_from_quarantine.sql.postgres
58	58/09shadow_ban.sql
58	58/10_pushrules_enabled_delete_obsolete.sql
58	58/10drop_local_rejections_stream.sql
58	58/10federation_pos_instance_name.sql
58	58/11dehydration.sql
58	58/11fallback.sql
58	58/11user_id_seq.py
58	58/12room_stats.sql
58	58/13remove_presence_allow_inbound.sql
58	58/14events_instance_name.sql
58	58/14events_instance_name.sql.postgres
58	58/15_catchup_destination_rooms.sql
58	58/15unread_count.sql
58	58/16populate_stats_process_rooms_fix.sql
58	58/17_catchup_last_successful.sql
58	58/18stream_positions.sql
58	58/19instance_map.sql.postgres
58	58/19txn_id.sql
58	58/20instance_name_event_tables.sql
58	58/20user_daily_visits.sql
58	58/21as_device_stream.sql
58	58/21drop_device_max_stream_id.sql
58	58/22puppet_token.sql
58	58/22users_have_local_media.sql
58	58/23e2e_cross_signing_keys_idx.sql
58	58/24drop_event_json_index.sql
58	58/25user_external_ids_user_id_idx.sql
58	58/26access_token_last_validated.sql
58	58/27local_invites.sql
58	58/28drop_last_used_column.sql.postgres
59	59/01ignored_user.py
59	59/02shard_send_to_device.sql
59	59/03shard_send_to_device_sequence.sql.postgres
59	59/04_event_auth_chains.sql
59	59/04_event_auth_chains.sql.postgres
59	59/04drop_account_data.sql
59	59/05cache_invalidation.sql
59	59/06chain_cover_index.sql
59	59/06shard_account_data.sql
59	59/06shard_account_data.sql.postgres
59	59/07shard_account_data_fix.sql
59	59/08delete_pushers_for_deactivated_accounts.sql
59	59/08delete_stale_pushers.sql
59	59/09rejected_events_metadata.sql
59	59/10delete_purged_chain_cover.sql
59	59/11add_knock_members_to_stats.sql
59	59/11drop_thumbnail_constraint.sql.postgres
59	59/12account_validity_token_used_ts_ms.sql
59	59/12presence_stream_instance.sql
59	59/12presence_stream_instance_seq.sql.postgres
59	59/13users_to_send_full_presence_to.sql
59	59/14refresh_tokens.sql
59	59/15locks.sql
59	59/16federation_inbound_staging.sql
60	60/01recreate_stream_ordering.sql.postgres
60	60/02change_stream_ordering_columns.sql.postgres
61	61/01change_appservices_txns.sql.postgres
61	61/01insertion_event_lookups.sql
61	61/02drop_redundant_room_depth_index.sql
61	61/02state_groups_state_n_distinct.sql.postgres
61	61/03recreate_min_depth.py
62	62/01insertion_event_extremities.sql
63	63/01create_registration_tokens.sql
63	63/02delete_unlinked_email_pushers.sql
63	63/02populate-rooms-creator.sql
63	63/03session_store.sql
63	63/04add_presence_stream_not_offline_index.sql
64	64/01msc2716_chunk_to_batch_rename.sql.postgres
65	65/01msc2716_insertion_event_edges.sql
65	65/02_thread_relations.sql
65	65/03remove_hidden_devices_from_device_inbox.sql
65	65/04_local_group_updates.sql
65	65/06remove_deleted_devices_from_device_inbox.sql
\.


--
-- Data for Name: appservice_room_list; Type: TABLE DATA; Schema: public; Owner: synapse
--

COPY public.appservice_room_list (appservice_id, network_id, room_id) FROM stdin;
\.


--
-- Data for Name: appservice_stream_position; Type: TABLE DATA; Schema: public; Owner: synapse
--

COPY public.appservice_stream_position (lock, stream_ordering) FROM stdin;
X	31
\.


--
-- Data for Name: background_updates; Type: TABLE DATA; Schema: public; Owner: synapse
--

COPY public.background_updates (update_name, progress_json, depends_on, ordering) FROM stdin;
\.


--
-- Data for Name: batch_events; Type: TABLE DATA; Schema: public; Owner: synapse
--

COPY public.batch_events (event_id, room_id, batch_id) FROM stdin;
\.


--
-- Data for Name: blocked_rooms; Type: TABLE DATA; Schema: public; Owner: synapse
--

COPY public.blocked_rooms (room_id, user_id) FROM stdin;
\.


--
-- Data for Name: cache_invalidation_stream_by_instance; Type: TABLE DATA; Schema: public; Owner: synapse
--

COPY public.cache_invalidation_stream_by_instance (stream_id, instance_name, cache_func, keys, invalidation_ts) FROM stdin;
1	master	user_last_seen_monthly_active	\N	1598686299114
2	master	get_monthly_active_count	{}	1598686299118
3	master	get_user_by_id	{@admin:localhost}	1598686326905
4	master	get_user_by_id	{@matrix_a:localhost}	1598686327226
5	master	get_user_by_id	{@matrix_b:localhost}	1598686327473
6	master	get_user_by_id	{@ignored_user:localhost}	1598686327717
7	master	get_aliases_for_room	{!kmbTYjjsDRDHGgVqUP:localhost}	1598686327750
8	master	cs_cache_fake	{!kmbTYjjsDRDHGgVqUP:localhost}	1598686327775
9	master	cs_cache_fake	{!kmbTYjjsDRDHGgVqUP:localhost,@admin:localhost}	1598686327828
10	master	cs_cache_fake	{!kmbTYjjsDRDHGgVqUP:localhost}	1598686327865
11	master	cs_cache_fake	{!kmbTYjjsDRDHGgVqUP:localhost}	1598686328014
12	master	cs_cache_fake	{!kmbTYjjsDRDHGgVqUP:localhost}	1598686328094
13	master	cs_cache_fake	{!kmbTYjjsDRDHGgVqUP:localhost}	1598686328165
14	master	get_aliases_for_room	{!dKcbdDATuwwphjRPQP:localhost}	1598686328206
15	master	cs_cache_fake	{!dKcbdDATuwwphjRPQP:localhost}	1598686328225
16	master	cs_cache_fake	{!dKcbdDATuwwphjRPQP:localhost,@admin:localhost}	1598686328264
17	master	cs_cache_fake	{!dKcbdDATuwwphjRPQP:localhost}	1598686328293
18	master	cs_cache_fake	{!dKcbdDATuwwphjRPQP:localhost}	1598686328324
19	master	cs_cache_fake	{!dKcbdDATuwwphjRPQP:localhost}	1598686328352
20	master	cs_cache_fake	{!dKcbdDATuwwphjRPQP:localhost}	1598686328382
21	master	cs_cache_fake	{!kmbTYjjsDRDHGgVqUP:localhost,@matrix_a:localhost}	1598686328424
22	master	cs_cache_fake	{!dKcbdDATuwwphjRPQP:localhost,@matrix_a:localhost}	1598686328465
23	master	cs_cache_fake	{!kmbTYjjsDRDHGgVqUP:localhost,@matrix_b:localhost}	1598686328510
24	master	cs_cache_fake	{!dKcbdDATuwwphjRPQP:localhost,@matrix_b:localhost}	1598686328549
25	master	cs_cache_fake	{!kmbTYjjsDRDHGgVqUP:localhost,@ignored_user:localhost}	1598686328591
26	master	cs_cache_fake	{!dKcbdDATuwwphjRPQP:localhost,@ignored_user:localhost}	1598686328631
27	master	user_last_seen_monthly_active	\N	1673965815848
28	master	get_monthly_active_count	{}	1673965815884
29	master	get_user_by_id	{@matterbot:localhost}	1673965922907
30	master	cs_cache_fake	{!dKcbdDATuwwphjRPQP:localhost,@matterbot:localhost}	1673965923661
31	master	cs_cache_fake	{!kmbTYjjsDRDHGgVqUP:localhost,@matterbot:localhost}	1673965923662
32	master	get_user_by_id	{@mm_mattermost_a:localhost}	1673966481654
33	master	get_user_by_id	{@mm_mattermost_b:localhost}	1673966482018
34	master	cs_cache_fake	{!kmbTYjjsDRDHGgVqUP:localhost,@mm_mattermost_a:localhost}	1673966482219
35	master	cs_cache_fake	{!dKcbdDATuwwphjRPQP:localhost,@mm_mattermost_a:localhost}	1673966482379
36	master	cs_cache_fake	{!kmbTYjjsDRDHGgVqUP:localhost,@mm_mattermost_b:localhost}	1673966482407
37	master	cs_cache_fake	{!kmbTYjjsDRDHGgVqUP:localhost,@mm_mattermost_a:localhost}	1673966482603
38	master	cs_cache_fake	{!dKcbdDATuwwphjRPQP:localhost,@mm_mattermost_b:localhost}	1673966482633
39	master	cs_cache_fake	{!dKcbdDATuwwphjRPQP:localhost,@mm_mattermost_a:localhost}	1673966482837
40	master	cs_cache_fake	{!kmbTYjjsDRDHGgVqUP:localhost,@mm_mattermost_b:localhost}	1673966482887
41	master	cs_cache_fake	{!dKcbdDATuwwphjRPQP:localhost,@mm_mattermost_b:localhost}	1673966483183
42	master	get_user_by_id	{@user1.matrix:localhost}	1673967243499
43	master	count_e2e_one_time_keys	{@user1.matrix:localhost,OXBKVBOLVC}	1673968366419
44	master	get_e2e_unused_fallback_key_types	{@user1.matrix:localhost,OXBKVBOLVC}	1673968366441
45	master	count_e2e_one_time_keys	{@user1.matrix:localhost,OXBKVBOLVC}	1673968366536
46	master	get_e2e_unused_fallback_key_types	{@user1.matrix:localhost,OXBKVBOLVC}	1673968366544
47	master	count_e2e_one_time_keys	{@user1.matrix:localhost,OXBKVBOLVC}	1673968366604
48	master	count_e2e_one_time_keys	{@user1.matrix:localhost,OXBKVBOLVC}	1673968366668
49	master	count_e2e_one_time_keys	{@user1.matrix:localhost,OXBKVBOLVC}	1673968366734
50	master	count_e2e_one_time_keys	{@user1.matrix:localhost,OXBKVBOLVC}	1673968366832
51	master	count_e2e_one_time_keys	{@user1.matrix:localhost,OXBKVBOLVC}	1673968367022
52	master	_get_bare_e2e_cross_signing_keys	{@user1.matrix:localhost}	1673968367051
53	master	_get_bare_e2e_cross_signing_keys	{@user1.matrix:localhost}	1673968367068
54	master	_get_bare_e2e_cross_signing_keys	{@user1.matrix:localhost}	1673968367079
55	master	count_e2e_one_time_keys	{@user1.matrix:localhost,OXBKVBOLVC}	1673968367115
56	master	count_e2e_one_time_keys	{@user1.matrix:localhost,OXBKVBOLVC}	1673968367237
57	master	count_e2e_one_time_keys	{@user1.matrix:localhost,OXBKVBOLVC}	1673968367331
58	master	_get_bare_e2e_cross_signing_keys	{@user1.matrix:localhost}	1673968370073
59	master	_get_bare_e2e_cross_signing_keys	{@user1.matrix:localhost}	1673968370078
60	master	_get_bare_e2e_cross_signing_keys	{@user1.matrix:localhost}	1673968370082
61	master	cs_cache_fake	{!kmbTYjjsDRDHGgVqUP:localhost,@user1.matrix:localhost}	1673968543359
62	master	cs_cache_fake	{!dKcbdDATuwwphjRPQP:localhost,@user1.matrix:localhost}	1673968600509
\.


--
-- Data for Name: current_state_delta_stream; Type: TABLE DATA; Schema: public; Owner: synapse
--

COPY public.current_state_delta_stream (stream_id, room_id, type, state_key, event_id, prev_event_id, instance_name) FROM stdin;
2	!kmbTYjjsDRDHGgVqUP:localhost	m.room.create		$mBmRyyvP_Jc-LDi7_hiGD9QTu5XGVXqNMxZM4yDMQPU	\N	\N
3	!kmbTYjjsDRDHGgVqUP:localhost	m.room.member	@admin:localhost	$_oKaaOfL7rFtPsAsxDmHrCY9sAzFjslRwkJ_QHxHDTw	\N	\N
4	!kmbTYjjsDRDHGgVqUP:localhost	m.room.power_levels		$BYyVCPyJh9PVJBsxDwm9NakGY19DlCJJ1GlCcYpTv8w	\N	\N
5	!kmbTYjjsDRDHGgVqUP:localhost	m.room.canonical_alias		$X8tdoEsXAgBC6gobCepAn3rwO8CJoQU6i9NN9Rzhukg	\N	\N
6	!kmbTYjjsDRDHGgVqUP:localhost	m.room.join_rules		$G_m59AjH2Y1FX4D11JDsmEETfHGAWoknTIdv-_XYW2o	\N	\N
7	!kmbTYjjsDRDHGgVqUP:localhost	m.room.history_visibility		$O5iO4EII22igkDq5cMKHFB-SGIYD0KqJQXZohS2Dzc0	\N	\N
8	!dKcbdDATuwwphjRPQP:localhost	m.room.create		$Rczn5GeJ1aYMBU_oXSIF8ppVk8WEruaYIBA3FE7Yq88	\N	\N
9	!dKcbdDATuwwphjRPQP:localhost	m.room.member	@admin:localhost	$PeAJ6BypXjJegHiUjcYe-I6Cf4NuCPICi_yUb-fyauA	\N	\N
10	!dKcbdDATuwwphjRPQP:localhost	m.room.power_levels		$P98vptI_jrNYKKnTTDYouThgohgHqJkD5Rcj0gDgxII	\N	\N
11	!dKcbdDATuwwphjRPQP:localhost	m.room.canonical_alias		$b__a7rX3L5YpX7nAZte73DAbjtXZK48JH8VKSnGOKKw	\N	\N
12	!dKcbdDATuwwphjRPQP:localhost	m.room.join_rules		$hEtlt0NU16h0ix9xBX0MDJR0g54ATEZ4S96udYzYBqs	\N	\N
13	!dKcbdDATuwwphjRPQP:localhost	m.room.history_visibility		$TVnvv0nGbLydCBtMmTTz-htMsoI4hmxCr3s9AHyFGHQ	\N	\N
14	!kmbTYjjsDRDHGgVqUP:localhost	m.room.member	@matrix_a:localhost	$N33GyONpuSa3zRNJk1CtLYdhqJbhXBwSpAlUUm-zmB8	\N	\N
15	!dKcbdDATuwwphjRPQP:localhost	m.room.member	@matrix_a:localhost	$wd-zBsOV9K_8HbhPARZ91kf5cfZwLKRi7yBBGGNUAb0	\N	\N
16	!kmbTYjjsDRDHGgVqUP:localhost	m.room.member	@matrix_b:localhost	$llCtN-sfVC1IOdDQXgskgx4jl97hQHfKnEH-IP-lyvk	\N	\N
17	!dKcbdDATuwwphjRPQP:localhost	m.room.member	@matrix_b:localhost	$4ZLf-3JRJMLLADbzome2n_5rZNEeHEFIo3w1xN4KKu0	\N	\N
18	!kmbTYjjsDRDHGgVqUP:localhost	m.room.member	@ignored_user:localhost	$hD2Z-BHkSscOTiftcJe1n-peOIsihQlQbtyjR2IkTmA	\N	\N
19	!dKcbdDATuwwphjRPQP:localhost	m.room.member	@ignored_user:localhost	$Svf91tyGyUuzelYH8bbzM6QXuI9Xcab-XMXjCrIgM5A	\N	\N
21	!dKcbdDATuwwphjRPQP:localhost	m.room.member	@matterbot:localhost	$jyfZsVYOTCt8az1WqRlL53b1lAQWjIj6-IvW1w3qYks	\N	master
20	!kmbTYjjsDRDHGgVqUP:localhost	m.room.member	@matterbot:localhost	$PkPxRt8GuXFqdWre9vyhqKHlRSqflC0cOSTBOims4qY	\N	master
22	!kmbTYjjsDRDHGgVqUP:localhost	m.room.member	@mm_mattermost_a:localhost	$ARxMI5-TIkg2afPIDJsLgeSqCdrfbwBxm32e83QRfQ4	\N	master
23	!dKcbdDATuwwphjRPQP:localhost	m.room.member	@mm_mattermost_a:localhost	$nE3KmrZJdWnhQ2h6DgIB98qoLGnQlFFCvgSu4NS5FfA	\N	master
24	!kmbTYjjsDRDHGgVqUP:localhost	m.room.member	@mm_mattermost_b:localhost	$mlRlSJ1S_x5OctD_Nck7tq-Fo2IC7iOhysac1uYo_PY	\N	master
26	!kmbTYjjsDRDHGgVqUP:localhost	m.room.member	@mm_mattermost_a:localhost	$pXbc3VIu5b4O4VzPRePQd4FjtqYPJLH87Ss7pZM-gRM	$ARxMI5-TIkg2afPIDJsLgeSqCdrfbwBxm32e83QRfQ4	master
25	!dKcbdDATuwwphjRPQP:localhost	m.room.member	@mm_mattermost_b:localhost	$Y86Vdmx2z1nvkEoTqBH7oAiLE_sHPFtNgI97gsUAwaY	\N	master
28	!dKcbdDATuwwphjRPQP:localhost	m.room.member	@mm_mattermost_a:localhost	$YHxtZv4JfPzIJvBMvoTgzeITfTFFng_L_4ijJ1Q97k4	$nE3KmrZJdWnhQ2h6DgIB98qoLGnQlFFCvgSu4NS5FfA	master
27	!kmbTYjjsDRDHGgVqUP:localhost	m.room.member	@mm_mattermost_b:localhost	$q7m8fkdDrp2QE9hRAHYIR_KN8htxYXW85pB3LgG-V2U	$mlRlSJ1S_x5OctD_Nck7tq-Fo2IC7iOhysac1uYo_PY	master
29	!dKcbdDATuwwphjRPQP:localhost	m.room.member	@mm_mattermost_b:localhost	$cH796vSd1hy4UBg8XHAqeUxz-u3gxer-uMeGrsirKbs	$Y86Vdmx2z1nvkEoTqBH7oAiLE_sHPFtNgI97gsUAwaY	master
30	!kmbTYjjsDRDHGgVqUP:localhost	m.room.member	@user1.matrix:localhost	$5DYqRHQPE1SQt9QXHJodWH7x4Pztz3LTsgH1kdHawZs	\N	master
31	!dKcbdDATuwwphjRPQP:localhost	m.room.member	@user1.matrix:localhost	$TKcINA6W5qTH8raDaFqEMBivZ0LjgXtIHGvxzJ9V4_8	\N	master
\.


--
-- Data for Name: current_state_events; Type: TABLE DATA; Schema: public; Owner: synapse
--

COPY public.current_state_events (event_id, room_id, type, state_key, membership) FROM stdin;
$mBmRyyvP_Jc-LDi7_hiGD9QTu5XGVXqNMxZM4yDMQPU	!kmbTYjjsDRDHGgVqUP:localhost	m.room.create		\N
$_oKaaOfL7rFtPsAsxDmHrCY9sAzFjslRwkJ_QHxHDTw	!kmbTYjjsDRDHGgVqUP:localhost	m.room.member	@admin:localhost	join
$BYyVCPyJh9PVJBsxDwm9NakGY19DlCJJ1GlCcYpTv8w	!kmbTYjjsDRDHGgVqUP:localhost	m.room.power_levels		\N
$X8tdoEsXAgBC6gobCepAn3rwO8CJoQU6i9NN9Rzhukg	!kmbTYjjsDRDHGgVqUP:localhost	m.room.canonical_alias		\N
$G_m59AjH2Y1FX4D11JDsmEETfHGAWoknTIdv-_XYW2o	!kmbTYjjsDRDHGgVqUP:localhost	m.room.join_rules		\N
$O5iO4EII22igkDq5cMKHFB-SGIYD0KqJQXZohS2Dzc0	!kmbTYjjsDRDHGgVqUP:localhost	m.room.history_visibility		\N
$Rczn5GeJ1aYMBU_oXSIF8ppVk8WEruaYIBA3FE7Yq88	!dKcbdDATuwwphjRPQP:localhost	m.room.create		\N
$PeAJ6BypXjJegHiUjcYe-I6Cf4NuCPICi_yUb-fyauA	!dKcbdDATuwwphjRPQP:localhost	m.room.member	@admin:localhost	join
$P98vptI_jrNYKKnTTDYouThgohgHqJkD5Rcj0gDgxII	!dKcbdDATuwwphjRPQP:localhost	m.room.power_levels		\N
$b__a7rX3L5YpX7nAZte73DAbjtXZK48JH8VKSnGOKKw	!dKcbdDATuwwphjRPQP:localhost	m.room.canonical_alias		\N
$hEtlt0NU16h0ix9xBX0MDJR0g54ATEZ4S96udYzYBqs	!dKcbdDATuwwphjRPQP:localhost	m.room.join_rules		\N
$TVnvv0nGbLydCBtMmTTz-htMsoI4hmxCr3s9AHyFGHQ	!dKcbdDATuwwphjRPQP:localhost	m.room.history_visibility		\N
$N33GyONpuSa3zRNJk1CtLYdhqJbhXBwSpAlUUm-zmB8	!kmbTYjjsDRDHGgVqUP:localhost	m.room.member	@matrix_a:localhost	join
$wd-zBsOV9K_8HbhPARZ91kf5cfZwLKRi7yBBGGNUAb0	!dKcbdDATuwwphjRPQP:localhost	m.room.member	@matrix_a:localhost	join
$llCtN-sfVC1IOdDQXgskgx4jl97hQHfKnEH-IP-lyvk	!kmbTYjjsDRDHGgVqUP:localhost	m.room.member	@matrix_b:localhost	join
$4ZLf-3JRJMLLADbzome2n_5rZNEeHEFIo3w1xN4KKu0	!dKcbdDATuwwphjRPQP:localhost	m.room.member	@matrix_b:localhost	join
$hD2Z-BHkSscOTiftcJe1n-peOIsihQlQbtyjR2IkTmA	!kmbTYjjsDRDHGgVqUP:localhost	m.room.member	@ignored_user:localhost	join
$Svf91tyGyUuzelYH8bbzM6QXuI9Xcab-XMXjCrIgM5A	!dKcbdDATuwwphjRPQP:localhost	m.room.member	@ignored_user:localhost	join
$jyfZsVYOTCt8az1WqRlL53b1lAQWjIj6-IvW1w3qYks	!dKcbdDATuwwphjRPQP:localhost	m.room.member	@matterbot:localhost	join
$PkPxRt8GuXFqdWre9vyhqKHlRSqflC0cOSTBOims4qY	!kmbTYjjsDRDHGgVqUP:localhost	m.room.member	@matterbot:localhost	join
$pXbc3VIu5b4O4VzPRePQd4FjtqYPJLH87Ss7pZM-gRM	!kmbTYjjsDRDHGgVqUP:localhost	m.room.member	@mm_mattermost_a:localhost	join
$YHxtZv4JfPzIJvBMvoTgzeITfTFFng_L_4ijJ1Q97k4	!dKcbdDATuwwphjRPQP:localhost	m.room.member	@mm_mattermost_a:localhost	join
$q7m8fkdDrp2QE9hRAHYIR_KN8htxYXW85pB3LgG-V2U	!kmbTYjjsDRDHGgVqUP:localhost	m.room.member	@mm_mattermost_b:localhost	join
$cH796vSd1hy4UBg8XHAqeUxz-u3gxer-uMeGrsirKbs	!dKcbdDATuwwphjRPQP:localhost	m.room.member	@mm_mattermost_b:localhost	join
$5DYqRHQPE1SQt9QXHJodWH7x4Pztz3LTsgH1kdHawZs	!kmbTYjjsDRDHGgVqUP:localhost	m.room.member	@user1.matrix:localhost	join
$TKcINA6W5qTH8raDaFqEMBivZ0LjgXtIHGvxzJ9V4_8	!dKcbdDATuwwphjRPQP:localhost	m.room.member	@user1.matrix:localhost	join
\.


--
-- Data for Name: dehydrated_devices; Type: TABLE DATA; Schema: public; Owner: synapse
--

COPY public.dehydrated_devices (user_id, device_id, device_data) FROM stdin;
\.


--
-- Data for Name: deleted_pushers; Type: TABLE DATA; Schema: public; Owner: synapse
--

COPY public.deleted_pushers (stream_id, app_id, pushkey, user_id) FROM stdin;
\.


--
-- Data for Name: destination_rooms; Type: TABLE DATA; Schema: public; Owner: synapse
--

COPY public.destination_rooms (destination, room_id, stream_ordering) FROM stdin;
\.


--
-- Data for Name: destinations; Type: TABLE DATA; Schema: public; Owner: synapse
--

COPY public.destinations (destination, retry_last_ts, retry_interval, failure_ts, last_successful_stream_ordering) FROM stdin;
\.


--
-- Data for Name: device_federation_inbox; Type: TABLE DATA; Schema: public; Owner: synapse
--

COPY public.device_federation_inbox (origin, message_id, received_ts, instance_name) FROM stdin;
\.


--
-- Data for Name: device_federation_outbox; Type: TABLE DATA; Schema: public; Owner: synapse
--

COPY public.device_federation_outbox (destination, stream_id, queued_ts, messages_json, instance_name) FROM stdin;
\.


--
-- Data for Name: device_inbox; Type: TABLE DATA; Schema: public; Owner: synapse
--

COPY public.device_inbox (user_id, device_id, stream_id, message_json, instance_name) FROM stdin;
\.


--
-- Data for Name: device_lists_outbound_last_success; Type: TABLE DATA; Schema: public; Owner: synapse
--

COPY public.device_lists_outbound_last_success (destination, user_id, stream_id) FROM stdin;
\.


--
-- Data for Name: device_lists_outbound_pokes; Type: TABLE DATA; Schema: public; Owner: synapse
--

COPY public.device_lists_outbound_pokes (destination, stream_id, user_id, device_id, sent, ts, opentracing_context) FROM stdin;
\.


--
-- Data for Name: device_lists_remote_cache; Type: TABLE DATA; Schema: public; Owner: synapse
--

COPY public.device_lists_remote_cache (user_id, device_id, content) FROM stdin;
\.


--
-- Data for Name: device_lists_remote_extremeties; Type: TABLE DATA; Schema: public; Owner: synapse
--

COPY public.device_lists_remote_extremeties (user_id, stream_id) FROM stdin;
\.


--
-- Data for Name: device_lists_remote_resync; Type: TABLE DATA; Schema: public; Owner: synapse
--

COPY public.device_lists_remote_resync (user_id, added_ts) FROM stdin;
\.


--
-- Data for Name: device_lists_stream; Type: TABLE DATA; Schema: public; Owner: synapse
--

COPY public.device_lists_stream (stream_id, user_id, device_id) FROM stdin;
2	@admin:localhost	WCSUBIGVWG
3	@matrix_a:localhost	TKAVEOGKHH
4	@matrix_b:localhost	DJFHSWMXLW
5	@ignored_user:localhost	IYEBBQEXHS
6	@matterbot:localhost	WXUVNZGJEW
7	@mm_mattermost_a:localhost	COGVPCWEKD
8	@mm_mattermost_b:localhost	HCOJCHMPGT
10	@user1.matrix:localhost	OXBKVBOLVC
12	@user1.matrix:localhost	3/8ZOhX8wQEl9fs1++2yUXosfgS9k3wau3LuYMy66FY
13	@user1.matrix:localhost	afv73e+UXR1Rf2SnKx76pzr5uBBANm9nv0ASDrMuMiM
15	@user1.matrix:localhost	VSOPl7Mt1crWPc8nYK7cjE+pzWdYxGSeMXIjWTeMMUg
16	@user1.matrix:localhost	6/uPZfj+550+ypVZW/ohvr6QOhsqbxPq7V5/JskiSlY
\.


--
-- Data for Name: devices; Type: TABLE DATA; Schema: public; Owner: synapse
--

COPY public.devices (user_id, device_id, display_name, last_seen, ip, user_agent, hidden) FROM stdin;
@matrix_a:localhost	TKAVEOGKHH	\N	1598686328398	172.21.0.1	curl/7.72.0	f
@matrix_b:localhost	DJFHSWMXLW	\N	1598686328482	172.21.0.1	curl/7.72.0	f
@ignored_user:localhost	IYEBBQEXHS	\N	1598686328565	172.21.0.1	curl/7.72.0	f
@matterbot:localhost	WXUVNZGJEW	\N	\N	\N	\N	f
@mm_mattermost_a:localhost	COGVPCWEKD	\N	\N	\N	\N	f
@mm_mattermost_b:localhost	HCOJCHMPGT	\N	\N	\N	\N	f
@admin:localhost	WCSUBIGVWG	\N	1673967222026	172.16.238.1	PostmanRuntime/7.30.0	f
@user1.matrix:localhost	3/8ZOhX8wQEl9fs1++2yUXosfgS9k3wau3LuYMy66FY	master signing key	\N	\N	\N	t
@user1.matrix:localhost	afv73e+UXR1Rf2SnKx76pzr5uBBANm9nv0ASDrMuMiM	self_signing signing key	\N	\N	\N	t
@user1.matrix:localhost	gF2DetovRmaXHKP51KbhOb3e7tmJuC16+hYC3swyFx4	user_signing signing key	\N	\N	\N	t
@user1.matrix:localhost	VSOPl7Mt1crWPc8nYK7cjE+pzWdYxGSeMXIjWTeMMUg	master signing key	\N	\N	\N	t
@user1.matrix:localhost	6/uPZfj+550+ypVZW/ohvr6QOhsqbxPq7V5/JskiSlY	self_signing signing key	\N	\N	\N	t
@user1.matrix:localhost	QZDT5p/hG5S1ryn8U+221RcabEL/G6PXPIynLoxQb8s	user_signing signing key	\N	\N	\N	t
@user1.matrix:localhost	OXBKVBOLVC	localhost:8080: Chrome p macOS	1673968661307	172.16.238.1	Mozilla/5.0 (Macintosh; Intel Mac OS X 10_15_7) AppleWebKit/537.36 (KHTML, like Gecko) Chrome/108.0.0.0 Safari/537.36	f
\.


--
-- Data for Name: e2e_cross_signing_keys; Type: TABLE DATA; Schema: public; Owner: synapse
--

COPY public.e2e_cross_signing_keys (user_id, keytype, keydata, stream_id) FROM stdin;
@user1.matrix:localhost	master	{"user_id":"@user1.matrix:localhost","usage":["master"],"keys":{"ed25519:3/8ZOhX8wQEl9fs1++2yUXosfgS9k3wau3LuYMy66FY":"3/8ZOhX8wQEl9fs1++2yUXosfgS9k3wau3LuYMy66FY"},"signatures":{"@user1.matrix:localhost":{"ed25519:OXBKVBOLVC":"16E4uE18RnWHDCc6ixqRbtj9aLXKAQKOcofQTV8hLBCgQxTsnQqtVCXBcYeV0FIyZv52VV1xCc+1moXlG91RAA"}}}	2
@user1.matrix:localhost	self_signing	{"user_id":"@user1.matrix:localhost","usage":["self_signing"],"keys":{"ed25519:afv73e+UXR1Rf2SnKx76pzr5uBBANm9nv0ASDrMuMiM":"afv73e+UXR1Rf2SnKx76pzr5uBBANm9nv0ASDrMuMiM"},"signatures":{"@user1.matrix:localhost":{"ed25519:3/8ZOhX8wQEl9fs1++2yUXosfgS9k3wau3LuYMy66FY":"FT5svZgrUT4rtb9h+ZKGl7X2syNlvM4IAWSfkytbJdyG9oxQIUi5TTNxgHWMqZCpoRKh836/R6xoIKMGDDzXAw"}}}	3
@user1.matrix:localhost	user_signing	{"user_id":"@user1.matrix:localhost","usage":["user_signing"],"keys":{"ed25519:gF2DetovRmaXHKP51KbhOb3e7tmJuC16+hYC3swyFx4":"gF2DetovRmaXHKP51KbhOb3e7tmJuC16+hYC3swyFx4"},"signatures":{"@user1.matrix:localhost":{"ed25519:3/8ZOhX8wQEl9fs1++2yUXosfgS9k3wau3LuYMy66FY":"UIbvPzyEnoDjg1Me4zfF8Vq1HQsiJGcOeVRgf/q+85ZeQ7cjcH4G9RkePKDfLRxWAZk3GDeV9s9br66l4JXXDA"}}}	4
@user1.matrix:localhost	master	{"user_id":"@user1.matrix:localhost","usage":["master"],"keys":{"ed25519:VSOPl7Mt1crWPc8nYK7cjE+pzWdYxGSeMXIjWTeMMUg":"VSOPl7Mt1crWPc8nYK7cjE+pzWdYxGSeMXIjWTeMMUg"},"signatures":{"@user1.matrix:localhost":{"ed25519:OXBKVBOLVC":"OlO7zCZCFilMRke0U2YVeKCr2rjKF6OBG/a6gXQ/Dt7u4f0/nwSEXPdQVrAJmjYfZK1hdktXzc4LvT47EcbHBw"}}}	5
@user1.matrix:localhost	self_signing	{"user_id":"@user1.matrix:localhost","usage":["self_signing"],"keys":{"ed25519:6/uPZfj+550+ypVZW/ohvr6QOhsqbxPq7V5/JskiSlY":"6/uPZfj+550+ypVZW/ohvr6QOhsqbxPq7V5/JskiSlY"},"signatures":{"@user1.matrix:localhost":{"ed25519:VSOPl7Mt1crWPc8nYK7cjE+pzWdYxGSeMXIjWTeMMUg":"90s+y3n+v2Hq4KHsT2njXXQTFqoyLY7cY67n0NxqomeiVNcjln/HUevNdvapTzFhyX0eu2N54nrlrud9IhORCg"}}}	6
@user1.matrix:localhost	user_signing	{"user_id":"@user1.matrix:localhost","usage":["user_signing"],"keys":{"ed25519:QZDT5p/hG5S1ryn8U+221RcabEL/G6PXPIynLoxQb8s":"QZDT5p/hG5S1ryn8U+221RcabEL/G6PXPIynLoxQb8s"},"signatures":{"@user1.matrix:localhost":{"ed25519:VSOPl7Mt1crWPc8nYK7cjE+pzWdYxGSeMXIjWTeMMUg":"t/cu+fVfx9fRddORS8KxF0i4OFamVfNxBNpBUC1c0HeMBmxKvPSHj8tSVVX4149WL78Sf7WxrV43p5xELUIHDA"}}}	7
\.


--
-- Data for Name: e2e_cross_signing_signatures; Type: TABLE DATA; Schema: public; Owner: synapse
--

COPY public.e2e_cross_signing_signatures (user_id, key_id, target_user_id, target_device_id, signature) FROM stdin;
\.


--
-- Data for Name: e2e_device_keys_json; Type: TABLE DATA; Schema: public; Owner: synapse
--

COPY public.e2e_device_keys_json (user_id, device_id, ts_added_ms, key_json) FROM stdin;
@user1.matrix:localhost	OXBKVBOLVC	1673968365944	{"algorithms":["m.olm.v1.curve25519-aes-sha2","m.megolm.v1.aes-sha2"],"device_id":"OXBKVBOLVC","keys":{"curve25519:OXBKVBOLVC":"0XgURzzBSY/aXtwIT/XmIoutb8j/VHxtUNDIRKS3wFQ","ed25519:OXBKVBOLVC":"XaK3tm5KY/dqNa29ig5JDvQ6dFL7S2J8dHEVHmbHcfQ"},"signatures":{"@user1.matrix:localhost":{"ed25519:OXBKVBOLVC":"KdXMAJpkkHDQ7Woils7TEAad9M1m/QohzZxN/6LQmQYP4JAOlikr4ANR4Ixqc4c6AYnrvCPRwRx15NfWLsXoAw"}},"user_id":"@user1.matrix:localhost"}
\.


--
-- Data for Name: e2e_fallback_keys_json; Type: TABLE DATA; Schema: public; Owner: synapse
--

COPY public.e2e_fallback_keys_json (user_id, device_id, algorithm, key_id, key_json, used) FROM stdin;
@user1.matrix:localhost	OXBKVBOLVC	signed_curve25519	AAAADA	{"key":"KhFvK/ihlE64Rth9s66j8gsFsO3NiiMz5b3odxoIOj8","fallback":true,"signatures":{"@user1.matrix:localhost":{"ed25519:OXBKVBOLVC":"qTPoPZN6xGy10dONYL8MmEaZGLYGC6GVYGbvQlSI89Hd6jTP7SUv6JPCG/cOXYyNswg0rtrcw17hYGejrsJ4AA"}}}	f
\.


--
-- Data for Name: e2e_one_time_keys_json; Type: TABLE DATA; Schema: public; Owner: synapse
--

COPY public.e2e_one_time_keys_json (user_id, device_id, algorithm, key_id, ts_added_ms, key_json) FROM stdin;
@user1.matrix:localhost	OXBKVBOLVC	signed_curve25519	AAAABQ	1673968366401	{"key":"61bL/6LW9n+396gWHJ8vempBw50ZnDqhm46Q/NS4yjc","signatures":{"@user1.matrix:localhost":{"ed25519:OXBKVBOLVC":"akZ8p6N3XqaB0rITa4WaIuCLn0Na2QFlfyPXUrIELz3eJbSRjJe7+jvemyezFU0r9APrUZ17bGUUyahDGIdADw"}}}
@user1.matrix:localhost	OXBKVBOLVC	signed_curve25519	AAAABA	1673968366401	{"key":"t6KINOAwqohc7ftYIqQK1/zSk+xNRLgW4YKb+1qwT0Q","signatures":{"@user1.matrix:localhost":{"ed25519:OXBKVBOLVC":"3UUqr2AUTy+hw16qqH5Y/qOhInUCixlMvjRnxDGbrRbKwlYNdaelYvBQFezamJ5CaJXu6kLZcIUzrSiHpShDCQ"}}}
@user1.matrix:localhost	OXBKVBOLVC	signed_curve25519	AAAAAw	1673968366401	{"key":"AwT03EOVq8jQVPNjMD7qVNvDdtnxn/CBOqrRS7QJkUY","signatures":{"@user1.matrix:localhost":{"ed25519:OXBKVBOLVC":"StAZ0ejTYbaaeGAgLNuO5xhAaS17Ns0H6Sm1LJC63AKKRKhyP5uhIim1TMipePGk7IKJKBQrF9fJr0+SAKhbAw"}}}
@user1.matrix:localhost	OXBKVBOLVC	signed_curve25519	AAAAAg	1673968366401	{"key":"iuXsaHSlqYf23kvFLLaBaMwBpFeJI9Q7sp10bxfDFzg","signatures":{"@user1.matrix:localhost":{"ed25519:OXBKVBOLVC":"Viwu84r416Czl9jISvRlg3h4Ztywj072aFjDpzLsHzdIJToAGG0QpE0ebojCVvFwmpEz6OG1CX++X3RBIgBLBQ"}}}
@user1.matrix:localhost	OXBKVBOLVC	signed_curve25519	AAAAAQ	1673968366401	{"key":"C3kHr2+pm2tXSE2m9NuE5M/jVxCROxxljhhc9Y1UxSs","signatures":{"@user1.matrix:localhost":{"ed25519:OXBKVBOLVC":"yS6/CRnlyT1/WvUWj+gbb7lF52WKvRYIOdaMoBBQ7B21J8yEWduP/8k/alZKgwZYBGsdKPoD9eVWkwjRlm80CA"}}}
@user1.matrix:localhost	OXBKVBOLVC	signed_curve25519	AAAACw	1673968366527	{"key":"5wbmcJn3CY2dCjwQnWg5tRcjh9QI3mewAwanHG0X2ig","signatures":{"@user1.matrix:localhost":{"ed25519:OXBKVBOLVC":"rt+pVSSZiPIgymxkN/lv4SKP7mA51saiTfzFlygD+YcB9o1jfyxV5afTN6gMjXRWUZXeTb2VS07hkoEIiA6wCw"}}}
@user1.matrix:localhost	OXBKVBOLVC	signed_curve25519	AAAACg	1673968366527	{"key":"RaFiuAXLu9EYOjInOV9jcPHmprDp9jzIiwl57SSKAFA","signatures":{"@user1.matrix:localhost":{"ed25519:OXBKVBOLVC":"+mBGuPPOaO4nx21FcE6+rU7O/rbHPUnPpm6Ky3kW2ER6H54WoHxCmGRQYJ75U2Qmx1YdwfjlY59ZJdolxHIlBA"}}}
@user1.matrix:localhost	OXBKVBOLVC	signed_curve25519	AAAACQ	1673968366527	{"key":"JVJKjFXTlfS5+hycz1AryJW8YGOp4LUkab4auC1wJCQ","signatures":{"@user1.matrix:localhost":{"ed25519:OXBKVBOLVC":"2CT9bsRkvo9rIW5Dl00wiTB7JqQYG5fa8YzCfiZ633O5wCRyx2riMIyk5i6oyZncJtoJ6FfVU0q44c/2xekQDw"}}}
@user1.matrix:localhost	OXBKVBOLVC	signed_curve25519	AAAACA	1673968366527	{"key":"I6cJDvBv/fKMaFykFsdd+xv+zlTLawp/anzG6ct3SUY","signatures":{"@user1.matrix:localhost":{"ed25519:OXBKVBOLVC":"FpFOFDZLc5NBYfNaJJvurR2SdD7ULvr0EmQsiVmtL2T1PNkf+Ma3qwGpV1rqQgF7KayCbSFYVkGuvieRPp5oCg"}}}
@user1.matrix:localhost	OXBKVBOLVC	signed_curve25519	AAAABw	1673968366527	{"key":"qRT0RBV7VIHQJFVoJLf8SK2QgndtfsnPmrCWmsgZOic","signatures":{"@user1.matrix:localhost":{"ed25519:OXBKVBOLVC":"cepbEgDxKlMJzu/2GELC/qypoMAp5QMyetOzg62DbLLrA6uqd+T5uwZzSBwR6ipwarHPeqL/zJnSRa5f9jSxCg"}}}
@user1.matrix:localhost	OXBKVBOLVC	signed_curve25519	AAAAEQ	1673968366597	{"key":"vLinWZUR0Juj9fxIWj1r8DtgesXArF6nrpOC1ZDMwXU","signatures":{"@user1.matrix:localhost":{"ed25519:OXBKVBOLVC":"KWyVYcYnD3wXciVwqdOmv6Dx7uwErVTdlH9Id7SyiT68RD7ztzipxrlUzvlwXNoIGGSVXV0VgLq0Vri5GxJYAg"}}}
@user1.matrix:localhost	OXBKVBOLVC	signed_curve25519	AAAAEA	1673968366597	{"key":"GZBeEnp/blCeatLqT8AYBzQi4osofpd+OxDuRwcWXjM","signatures":{"@user1.matrix:localhost":{"ed25519:OXBKVBOLVC":"HAcne5dkjW/UOV9KeBAwmLN8OHmPwr5CoKnnPjal0T9vWHEnWTYTIllqcsHgLT0UKKvJR11K1I9/gvRiNLtBDA"}}}
@user1.matrix:localhost	OXBKVBOLVC	signed_curve25519	AAAADw	1673968366597	{"key":"2CrVFRRwG6dJIzHypG8ApHPI/MnfUJJoI8i698LwSnI","signatures":{"@user1.matrix:localhost":{"ed25519:OXBKVBOLVC":"kYQnrMwKXbtrdbDSxEDJ9UXLJVqMiBtVwbAWtYci7B7MkzdfVgfOX78JJdcdNBs9PwCbemPJhy6dTR6LYwvEAw"}}}
@user1.matrix:localhost	OXBKVBOLVC	signed_curve25519	AAAADg	1673968366597	{"key":"+e+t+gwy/exlI0TzJsyTMAwQEE9HzghJjKfPcxuhVAk","signatures":{"@user1.matrix:localhost":{"ed25519:OXBKVBOLVC":"u4FguLJwflpYlPWUaO5kvzJMGTYUW05y3ZW2TWwIspC6uaKomvgf/4Boh4ArhLKNfyRICTUeK8fTXhT55aGPAQ"}}}
@user1.matrix:localhost	OXBKVBOLVC	signed_curve25519	AAAADQ	1673968366597	{"key":"TmTfbZjQXUq0i8b49d3NfteDiIZkZzwnWo0VhoLJ20M","signatures":{"@user1.matrix:localhost":{"ed25519:OXBKVBOLVC":"VJAWMk0nrsw2O8MdRLGLSpF0ToIpqmuSYMy4ZnfWRk/uSJhwqRM7RZonV9ta8KcxzfhTRKP9WQhCyBWa7gYjAw"}}}
@user1.matrix:localhost	OXBKVBOLVC	signed_curve25519	AAAAFg	1673968366661	{"key":"cITXriMcZrPcv3yiOqNQ6/u0pOpHzqY4XScq4/4HX1o","signatures":{"@user1.matrix:localhost":{"ed25519:OXBKVBOLVC":"OKrzSDN/RG0PFjGOahYzpfKQQZkQAc61CAgsGqWLnqHlzTacjoRfDGc0KprJJtWaGu5opLTd5lT2FDIuxyUGDA"}}}
@user1.matrix:localhost	OXBKVBOLVC	signed_curve25519	AAAAFQ	1673968366661	{"key":"uK8bb/92yXZjxoZ3eBUfxTDq+MOk9XfG11P0G1ARl0M","signatures":{"@user1.matrix:localhost":{"ed25519:OXBKVBOLVC":"P6J9ELvg/9+AZeweOyX+n1lC1ZK3RcfsjW1PhZBuZVgaZH4CGDtDgLxrTtbz2wAPj6tfEQ2T1jLG0QHCaX2ACQ"}}}
@user1.matrix:localhost	OXBKVBOLVC	signed_curve25519	AAAAFA	1673968366661	{"key":"Z7Kc0TbgbWuFdnqVI2W9ST3zsow3wSgh76LK0o16xCs","signatures":{"@user1.matrix:localhost":{"ed25519:OXBKVBOLVC":"cCRWNEu8/oUgXZewz0doCWsGL31QxI1nW8bp/CxTqjELeGFm0Rv3LwGD/ftpcNI0U4giGQkDh/m/jqbUoQ0qDg"}}}
@user1.matrix:localhost	OXBKVBOLVC	signed_curve25519	AAAAEw	1673968366661	{"key":"jR51SfymuwnoVEOilROeFGtdsxwedGWZ7rLzeYPAOFs","signatures":{"@user1.matrix:localhost":{"ed25519:OXBKVBOLVC":"AXqOr5i952oKAntl+zE1fo1KyjskiS8OaEHoCSUPDT29EPQNw/o6y/Yvi1phPYMNiVImaMqUj2wpIf22JCgcBg"}}}
@user1.matrix:localhost	OXBKVBOLVC	signed_curve25519	AAAAEg	1673968366661	{"key":"FG3RA1YcoFuSV5shStLKHpzNBH79dXJC4KTVL/XqbkQ","signatures":{"@user1.matrix:localhost":{"ed25519:OXBKVBOLVC":"GumY0mAcFnws0IefPWjLysfRzuHeujyrmO2EryEFWSRuZnGDIDpubV0PrfY3+DY4aTw9JKOoRW6fykJnRhlfDg"}}}
@user1.matrix:localhost	OXBKVBOLVC	signed_curve25519	AAAAGw	1673968366727	{"key":"U862nTDOo1cZq8fwseweV6rEmxQZDsS8mC1MCxlDAy4","signatures":{"@user1.matrix:localhost":{"ed25519:OXBKVBOLVC":"q3KKBwkQaqd6rsUjacz8n2o9QoP2gna/3ROw0kCscyvx2sbngz75E1qkFJ5unB7uGiG9JEZKU7BHdKM+KcvjBQ"}}}
@user1.matrix:localhost	OXBKVBOLVC	signed_curve25519	AAAAGg	1673968366727	{"key":"za0oXsmwMb3+fbJqka/gjf3c/uU+aKyz6LZbm+xHSRw","signatures":{"@user1.matrix:localhost":{"ed25519:OXBKVBOLVC":"NlPv8gq7h0DICfJlqekt9bQHz5F1pABK9WTmDVkZD2rFj/Kasi4xGAhPnNidezdqiXazRx/c7axBcC9VnHDWDg"}}}
@user1.matrix:localhost	OXBKVBOLVC	signed_curve25519	AAAAGQ	1673968366727	{"key":"v1O2gEFSHmRDd7wEgyXuTz4unmUAc8QZXaAFeptITiw","signatures":{"@user1.matrix:localhost":{"ed25519:OXBKVBOLVC":"1/tQY+HBhDtYY34vRxb/Ti447hsHiroSRVGkJpDFkuQYw2wQiHMDxoWtH2wZ3Qr3DVhT42EIR8n3Ue6BZP55DQ"}}}
@user1.matrix:localhost	OXBKVBOLVC	signed_curve25519	AAAAGA	1673968366727	{"key":"7XA191ahHxHWrWj4x+S1f8ntpfuSzp+d9b+Xmf0ZgXU","signatures":{"@user1.matrix:localhost":{"ed25519:OXBKVBOLVC":"zxeeNOefUaD7LtZ8ibNuqgW2YwYsFqs6Wo4tcutjbFyHCWHd2zNlPtexU3rSVzVkPYl444YVFZOP+VDdXc74DA"}}}
@user1.matrix:localhost	OXBKVBOLVC	signed_curve25519	AAAAFw	1673968366727	{"key":"qLNLXooH4EyZRN0h0MhOBEwAgXBoG3epkMqU5nkHrWw","signatures":{"@user1.matrix:localhost":{"ed25519:OXBKVBOLVC":"JqUfVdVeDWIhHOHJt/y2wf16VzX7l/b64fPG7GPSWF8pkRRrjeKY5HXQfMHTvmBbLv0M7Ugqm1Lu6KSSUig9Cg"}}}
@user1.matrix:localhost	OXBKVBOLVC	signed_curve25519	AAAAIA	1673968366802	{"key":"81UrWSMI92zz81D+v71/kgeqgiOQSXLJ4H56CCgFvws","signatures":{"@user1.matrix:localhost":{"ed25519:OXBKVBOLVC":"ok6HJULtcmrslNyUH+LHdIQVqF9x1nT+oumQY1BURh+K2EVUiu7xmuApjiurc2Oye1WBi7IQabMeTuCXxKqTBg"}}}
@user1.matrix:localhost	OXBKVBOLVC	signed_curve25519	AAAAHw	1673968366802	{"key":"VlUf2TYd16X7zaQwDzJY3xtBW7H5RbBygkBKuVPvGHQ","signatures":{"@user1.matrix:localhost":{"ed25519:OXBKVBOLVC":"nPmm5jJoZHnAn963SguAlEuiTCMMJ1QtY8iiPFORuZe1nh/qC1iRLt4K+IsTgLhmnaKrzsw0xUQDS1ozg1a0AQ"}}}
@user1.matrix:localhost	OXBKVBOLVC	signed_curve25519	AAAAHg	1673968366802	{"key":"GHC2djSVtpF/uSLlfGGbGLnu6w8xMY3Llp6XuEeoWis","signatures":{"@user1.matrix:localhost":{"ed25519:OXBKVBOLVC":"iBRrOkeD0jqApvG1CqMqCLIIPz9Wg64McUVvaLqJXCH6ySsVRYdcR8KduHo/dA4X2HFQ+0H8fxnVhQtBiqL+DQ"}}}
@user1.matrix:localhost	OXBKVBOLVC	signed_curve25519	AAAAHQ	1673968366802	{"key":"tuWAN/QZTpDZlUoy4ZGDL6e+ZfNpX5g7vauWFDu123E","signatures":{"@user1.matrix:localhost":{"ed25519:OXBKVBOLVC":"PweDax1Ca5NqqymFGKbsSokDMp0PfI/nSwx9KtdER8G1Q8jiZjMzmvKFv/WW/FjYqKPFU39Bqdn3jqOqiRtIAw"}}}
@user1.matrix:localhost	OXBKVBOLVC	signed_curve25519	AAAAHA	1673968366802	{"key":"d0vjera+BjhrskZOsVKYmm5IqDfjPFNbSUrHbzZhwWM","signatures":{"@user1.matrix:localhost":{"ed25519:OXBKVBOLVC":"hfpcwc8yt4+SH9STR25uBkhhyPqAeh4m/hNL8BVg3U4mNxbvvDS39HiQpCZwhjy2QdivcZqb7KOeOh6lZ3EnCw"}}}
@user1.matrix:localhost	OXBKVBOLVC	signed_curve25519	AAAAJQ	1673968367016	{"key":"j4X0KezPEIHEetdjvWc0s6Rtt8kEeSngaBjubXvJmXY","signatures":{"@user1.matrix:localhost":{"ed25519:OXBKVBOLVC":"tvRJ89uiJxhPVX8LZGntk88Z/GtlgLMGDx9fH5VkidGssCgPWJCA32o66tmIVQ2hdnCdLyJ5A444sfR1dZXPCA"}}}
@user1.matrix:localhost	OXBKVBOLVC	signed_curve25519	AAAAJA	1673968367016	{"key":"dntsVtkjAN637sn3oQULjtwX4HjOH3sVAs0Epe5BYxI","signatures":{"@user1.matrix:localhost":{"ed25519:OXBKVBOLVC":"XQ4fhFmi3yTQ6L/UdxmSX/wqIYJTlkiKns4Lim91yAuq0/sOjzEUuSAWPunF5eVMupz3XIBipCV2VkSnliOHAw"}}}
@user1.matrix:localhost	OXBKVBOLVC	signed_curve25519	AAAAIw	1673968367016	{"key":"Rhbnq1gNRUnHwzy7AZ+GbUy/NTdXillf0TVDYxHFeCI","signatures":{"@user1.matrix:localhost":{"ed25519:OXBKVBOLVC":"Cgzk6uQmfKdG8tGX1OjEQCxnQlCUKHudZQkP7FoQ9YoKjvyYtukMJuoQjKvA8a5rbYZ9XkzyDPh/e0usAMVbAw"}}}
@user1.matrix:localhost	OXBKVBOLVC	signed_curve25519	AAAAIg	1673968367016	{"key":"X1LkWzAVk5UW4COMmrdoGSQq+gZKUcKDQ5Uif7Dqnn4","signatures":{"@user1.matrix:localhost":{"ed25519:OXBKVBOLVC":"ARyr2Ca6AFWKIu3PYuoTsruyLrzIE9gPchrDkihcNJ53BgrUxnSQDGpVVffQ7txqPAW3F4PWKqgu9l7J4etXBA"}}}
@user1.matrix:localhost	OXBKVBOLVC	signed_curve25519	AAAAIQ	1673968367016	{"key":"AsKPGrDJQ3+VUt7/buIQsmA87dZe/P2q4LiB7JEewXo","signatures":{"@user1.matrix:localhost":{"ed25519:OXBKVBOLVC":"R3y8wjcnK4mnAb6DtGHqch4pCigidnAKrZr/AyrnC6SlTimQojm2huG+WdItEaW/frJpdmstGnL3Bc0sXiIkDw"}}}
@user1.matrix:localhost	OXBKVBOLVC	signed_curve25519	AAAAKg	1673968367102	{"key":"TJ+ekEprf4lRv5RKjt1LBqYNSXWxmEL7+wgeBX4l+hw","signatures":{"@user1.matrix:localhost":{"ed25519:OXBKVBOLVC":"4+kEJyqbwPZP35WISMwXE3e/Cfmq/l8jcZ4kQzyS5OMKsb8x65hL+T8ddwurot3rhm+NVER2vFeOlbmi5vinAg"}}}
@user1.matrix:localhost	OXBKVBOLVC	signed_curve25519	AAAAKQ	1673968367102	{"key":"MnA/tQzeCYNKdfmeG5HrVWq4rqd2dQY6y08VRgZKDQw","signatures":{"@user1.matrix:localhost":{"ed25519:OXBKVBOLVC":"L+WrBzF2mMfAJ7KkhkBMJ20y/2FBjvbtvtbn6Dr19wLeYepPgJc5uBw8rwOxtdv9HUmury8b3c1rloTRsC1PCw"}}}
@user1.matrix:localhost	OXBKVBOLVC	signed_curve25519	AAAAKA	1673968367102	{"key":"Pio7/M+NLkLDEc2sljJgBA+aq2GfC/Fjehaoc333pkM","signatures":{"@user1.matrix:localhost":{"ed25519:OXBKVBOLVC":"IKy4XF8h8GOYRtc1HyjxNq/zybE0AF7DgOIiSwXfU4aTCD4YGst7hkN1tmvieFwZTi8D46d8AjDu6uQxa7VbDA"}}}
@user1.matrix:localhost	OXBKVBOLVC	signed_curve25519	AAAAJw	1673968367102	{"key":"tXvsuSDGesecI877X5lAS5Ywz18at3oA3VXLn2uZ5X0","signatures":{"@user1.matrix:localhost":{"ed25519:OXBKVBOLVC":"H5VJAYU8HE8VmXwgV+tWsM662l2YpWAwzbQsfJio3X+FqevZnX6p2WPbTWnlVoC2Z6xH/L8WqGZdTgWmXcSDAQ"}}}
@user1.matrix:localhost	OXBKVBOLVC	signed_curve25519	AAAAJg	1673968367102	{"key":"GR37dnEvCC6hDvIcK18xvLqjOpyhN9KPtE3ra5orQlg","signatures":{"@user1.matrix:localhost":{"ed25519:OXBKVBOLVC":"WFybeWShFJXMpv+F4st3k/Q7qfRK1CKdWR6GoZA0eALhKLmM5CiKQZjXhe/ki51R3WE/4HV0BPy2uMoD8Y4kBA"}}}
@user1.matrix:localhost	OXBKVBOLVC	signed_curve25519	AAAALw	1673968367222	{"key":"o0aFXOW++yxUqNpAjs57YDheONcv0nAoSJrzzlptQH8","signatures":{"@user1.matrix:localhost":{"ed25519:OXBKVBOLVC":"jFO4Pkn2TBCYB7cQDj77emwtClopVKjzq092mBAGaI0bMu0/HIFie2x1oP02dhRM7m0yFQri6pEnS0lN/Z0BDg"}}}
@user1.matrix:localhost	OXBKVBOLVC	signed_curve25519	AAAALg	1673968367222	{"key":"73oTtvb/W8edYmgfhRrvBvf/5xaTT2q96gr3ngPOcBA","signatures":{"@user1.matrix:localhost":{"ed25519:OXBKVBOLVC":"tdg6zhC9xb/JhF7Sf5oWh2fFiDrV1pIA1BJaJL0xsqzwgbTQ9tB6lPvhJj/bAopdjSbFsJSMGiqO11IPlTd6Dw"}}}
@user1.matrix:localhost	OXBKVBOLVC	signed_curve25519	AAAALQ	1673968367222	{"key":"uJDnhE09DirqHrdNhvMp6dDRZdCfEixAWCohW/3mWy0","signatures":{"@user1.matrix:localhost":{"ed25519:OXBKVBOLVC":"BgqW/ZZEdJWyxK38s/VlgIBuh29R/SVG17LGWWa3nuFvgVbqn4ABDPGoqnqpNKVeXNjxL5U5Az1ve4wB1L0BAg"}}}
@user1.matrix:localhost	OXBKVBOLVC	signed_curve25519	AAAALA	1673968367222	{"key":"og3BUfvKU70jXOGEMzUAwMKsRDmuMSo7AgjJESKG7gY","signatures":{"@user1.matrix:localhost":{"ed25519:OXBKVBOLVC":"iRdky/qzLpQ6zYpn72n7gGfRyV/EgoRNPO8G9y6977BBwrPT66E3YHvd8Zu65Xq4AvbEcEyTj2dQ3XPKcDXtDw"}}}
@user1.matrix:localhost	OXBKVBOLVC	signed_curve25519	AAAAKw	1673968367222	{"key":"nlkAtDvKjD0qcJyqOZnUgMea1tc+yMGUiq6HoYBxJw0","signatures":{"@user1.matrix:localhost":{"ed25519:OXBKVBOLVC":"vKVyXtEap8ctScZ1HSSN0PzWelLK0MfzRUff9+A50j9vpmL6hyzws9LeQCguSSY5frFkUSxVEg2vYcrcMb69Ag"}}}
@user1.matrix:localhost	OXBKVBOLVC	signed_curve25519	AAAANA	1673968367308	{"key":"TXalf6m1JV8ioYYnZIvUOcFfYiZboaMR6yiivTxJVB4","signatures":{"@user1.matrix:localhost":{"ed25519:OXBKVBOLVC":"E/lH0TaKvyd/oxP3HH4LlYq8m07cGy/Uup26DglV7y5LDs6lWk2wEwx8Z53T4TxhzaoT99bTaTi1aODn7ncbCA"}}}
@user1.matrix:localhost	OXBKVBOLVC	signed_curve25519	AAAAMw	1673968367308	{"key":"7s3vjhrZGazPnZ47+Ltxf0UNFtmUOb3g+5usuzCI7xs","signatures":{"@user1.matrix:localhost":{"ed25519:OXBKVBOLVC":"Olp2CW36FAER0y/mgi16EMzMTnbkxI+CzLwr9OuQAoEVs9dfJ2UEdNke9bZOqC2X5wmyID6dvfYIb20cHTCLCA"}}}
@user1.matrix:localhost	OXBKVBOLVC	signed_curve25519	AAAAMg	1673968367308	{"key":"0+xR446DhKYhZDyH/zuLuezC0T+BzpDhmWChChuh9BI","signatures":{"@user1.matrix:localhost":{"ed25519:OXBKVBOLVC":"NNQPq8aBVTxZx/znxcFjUA/c5FIgeUamqClkGZ5rERUwPAQcfiYgY0OKIvn6qkQTX4GQ8gKY0ik3P7kY5omyAw"}}}
@user1.matrix:localhost	OXBKVBOLVC	signed_curve25519	AAAAMQ	1673968367308	{"key":"RdUvEpi1ILutAFF6UYoYstn0q02zHLhn5bTUpiR4xA4","signatures":{"@user1.matrix:localhost":{"ed25519:OXBKVBOLVC":"zE7Q9kuxSR/LN/6fEi1ijOZuqrkscJCB244w0Ni2iBHsEaLwJ565wLvmpD/fyG/OqKTxsjMlfYstZGCYJtlBBA"}}}
@user1.matrix:localhost	OXBKVBOLVC	signed_curve25519	AAAAMA	1673968367308	{"key":"UIeiD07rWTlc5N3fpmPKY3xfUYM7Gze/CHmwpaEUQW4","signatures":{"@user1.matrix:localhost":{"ed25519:OXBKVBOLVC":"tYeFIEVStYRnc/e70v+BWpwzEGEf1goB7Svd54xUcOOanolAECt7V+qSussJlw5Y0l3u+Iz7MaiQ6MxSeBmZCw"}}}
\.


--
-- Data for Name: e2e_room_keys; Type: TABLE DATA; Schema: public; Owner: synapse
--

COPY public.e2e_room_keys (user_id, room_id, session_id, version, first_message_index, forwarded_count, is_verified, session_data) FROM stdin;
\.


--
-- Data for Name: e2e_room_keys_versions; Type: TABLE DATA; Schema: public; Owner: synapse
--

COPY public.e2e_room_keys_versions (user_id, version, algorithm, auth_data, deleted, etag) FROM stdin;
\.


--
-- Data for Name: erased_users; Type: TABLE DATA; Schema: public; Owner: synapse
--

COPY public.erased_users (user_id) FROM stdin;
\.


--
-- Data for Name: event_auth; Type: TABLE DATA; Schema: public; Owner: synapse
--

COPY public.event_auth (event_id, auth_id, room_id) FROM stdin;
$_oKaaOfL7rFtPsAsxDmHrCY9sAzFjslRwkJ_QHxHDTw	$mBmRyyvP_Jc-LDi7_hiGD9QTu5XGVXqNMxZM4yDMQPU	!kmbTYjjsDRDHGgVqUP:localhost
$BYyVCPyJh9PVJBsxDwm9NakGY19DlCJJ1GlCcYpTv8w	$mBmRyyvP_Jc-LDi7_hiGD9QTu5XGVXqNMxZM4yDMQPU	!kmbTYjjsDRDHGgVqUP:localhost
$BYyVCPyJh9PVJBsxDwm9NakGY19DlCJJ1GlCcYpTv8w	$_oKaaOfL7rFtPsAsxDmHrCY9sAzFjslRwkJ_QHxHDTw	!kmbTYjjsDRDHGgVqUP:localhost
$X8tdoEsXAgBC6gobCepAn3rwO8CJoQU6i9NN9Rzhukg	$BYyVCPyJh9PVJBsxDwm9NakGY19DlCJJ1GlCcYpTv8w	!kmbTYjjsDRDHGgVqUP:localhost
$X8tdoEsXAgBC6gobCepAn3rwO8CJoQU6i9NN9Rzhukg	$mBmRyyvP_Jc-LDi7_hiGD9QTu5XGVXqNMxZM4yDMQPU	!kmbTYjjsDRDHGgVqUP:localhost
$X8tdoEsXAgBC6gobCepAn3rwO8CJoQU6i9NN9Rzhukg	$_oKaaOfL7rFtPsAsxDmHrCY9sAzFjslRwkJ_QHxHDTw	!kmbTYjjsDRDHGgVqUP:localhost
$G_m59AjH2Y1FX4D11JDsmEETfHGAWoknTIdv-_XYW2o	$BYyVCPyJh9PVJBsxDwm9NakGY19DlCJJ1GlCcYpTv8w	!kmbTYjjsDRDHGgVqUP:localhost
$G_m59AjH2Y1FX4D11JDsmEETfHGAWoknTIdv-_XYW2o	$mBmRyyvP_Jc-LDi7_hiGD9QTu5XGVXqNMxZM4yDMQPU	!kmbTYjjsDRDHGgVqUP:localhost
$G_m59AjH2Y1FX4D11JDsmEETfHGAWoknTIdv-_XYW2o	$_oKaaOfL7rFtPsAsxDmHrCY9sAzFjslRwkJ_QHxHDTw	!kmbTYjjsDRDHGgVqUP:localhost
$O5iO4EII22igkDq5cMKHFB-SGIYD0KqJQXZohS2Dzc0	$BYyVCPyJh9PVJBsxDwm9NakGY19DlCJJ1GlCcYpTv8w	!kmbTYjjsDRDHGgVqUP:localhost
$O5iO4EII22igkDq5cMKHFB-SGIYD0KqJQXZohS2Dzc0	$mBmRyyvP_Jc-LDi7_hiGD9QTu5XGVXqNMxZM4yDMQPU	!kmbTYjjsDRDHGgVqUP:localhost
$O5iO4EII22igkDq5cMKHFB-SGIYD0KqJQXZohS2Dzc0	$_oKaaOfL7rFtPsAsxDmHrCY9sAzFjslRwkJ_QHxHDTw	!kmbTYjjsDRDHGgVqUP:localhost
$PeAJ6BypXjJegHiUjcYe-I6Cf4NuCPICi_yUb-fyauA	$Rczn5GeJ1aYMBU_oXSIF8ppVk8WEruaYIBA3FE7Yq88	!dKcbdDATuwwphjRPQP:localhost
$P98vptI_jrNYKKnTTDYouThgohgHqJkD5Rcj0gDgxII	$Rczn5GeJ1aYMBU_oXSIF8ppVk8WEruaYIBA3FE7Yq88	!dKcbdDATuwwphjRPQP:localhost
$P98vptI_jrNYKKnTTDYouThgohgHqJkD5Rcj0gDgxII	$PeAJ6BypXjJegHiUjcYe-I6Cf4NuCPICi_yUb-fyauA	!dKcbdDATuwwphjRPQP:localhost
$b__a7rX3L5YpX7nAZte73DAbjtXZK48JH8VKSnGOKKw	$P98vptI_jrNYKKnTTDYouThgohgHqJkD5Rcj0gDgxII	!dKcbdDATuwwphjRPQP:localhost
$b__a7rX3L5YpX7nAZte73DAbjtXZK48JH8VKSnGOKKw	$Rczn5GeJ1aYMBU_oXSIF8ppVk8WEruaYIBA3FE7Yq88	!dKcbdDATuwwphjRPQP:localhost
$b__a7rX3L5YpX7nAZte73DAbjtXZK48JH8VKSnGOKKw	$PeAJ6BypXjJegHiUjcYe-I6Cf4NuCPICi_yUb-fyauA	!dKcbdDATuwwphjRPQP:localhost
$hEtlt0NU16h0ix9xBX0MDJR0g54ATEZ4S96udYzYBqs	$P98vptI_jrNYKKnTTDYouThgohgHqJkD5Rcj0gDgxII	!dKcbdDATuwwphjRPQP:localhost
$hEtlt0NU16h0ix9xBX0MDJR0g54ATEZ4S96udYzYBqs	$Rczn5GeJ1aYMBU_oXSIF8ppVk8WEruaYIBA3FE7Yq88	!dKcbdDATuwwphjRPQP:localhost
$hEtlt0NU16h0ix9xBX0MDJR0g54ATEZ4S96udYzYBqs	$PeAJ6BypXjJegHiUjcYe-I6Cf4NuCPICi_yUb-fyauA	!dKcbdDATuwwphjRPQP:localhost
$TVnvv0nGbLydCBtMmTTz-htMsoI4hmxCr3s9AHyFGHQ	$P98vptI_jrNYKKnTTDYouThgohgHqJkD5Rcj0gDgxII	!dKcbdDATuwwphjRPQP:localhost
$TVnvv0nGbLydCBtMmTTz-htMsoI4hmxCr3s9AHyFGHQ	$Rczn5GeJ1aYMBU_oXSIF8ppVk8WEruaYIBA3FE7Yq88	!dKcbdDATuwwphjRPQP:localhost
$TVnvv0nGbLydCBtMmTTz-htMsoI4hmxCr3s9AHyFGHQ	$PeAJ6BypXjJegHiUjcYe-I6Cf4NuCPICi_yUb-fyauA	!dKcbdDATuwwphjRPQP:localhost
$N33GyONpuSa3zRNJk1CtLYdhqJbhXBwSpAlUUm-zmB8	$BYyVCPyJh9PVJBsxDwm9NakGY19DlCJJ1GlCcYpTv8w	!kmbTYjjsDRDHGgVqUP:localhost
$N33GyONpuSa3zRNJk1CtLYdhqJbhXBwSpAlUUm-zmB8	$mBmRyyvP_Jc-LDi7_hiGD9QTu5XGVXqNMxZM4yDMQPU	!kmbTYjjsDRDHGgVqUP:localhost
$N33GyONpuSa3zRNJk1CtLYdhqJbhXBwSpAlUUm-zmB8	$G_m59AjH2Y1FX4D11JDsmEETfHGAWoknTIdv-_XYW2o	!kmbTYjjsDRDHGgVqUP:localhost
$wd-zBsOV9K_8HbhPARZ91kf5cfZwLKRi7yBBGGNUAb0	$P98vptI_jrNYKKnTTDYouThgohgHqJkD5Rcj0gDgxII	!dKcbdDATuwwphjRPQP:localhost
$wd-zBsOV9K_8HbhPARZ91kf5cfZwLKRi7yBBGGNUAb0	$Rczn5GeJ1aYMBU_oXSIF8ppVk8WEruaYIBA3FE7Yq88	!dKcbdDATuwwphjRPQP:localhost
$wd-zBsOV9K_8HbhPARZ91kf5cfZwLKRi7yBBGGNUAb0	$hEtlt0NU16h0ix9xBX0MDJR0g54ATEZ4S96udYzYBqs	!dKcbdDATuwwphjRPQP:localhost
$llCtN-sfVC1IOdDQXgskgx4jl97hQHfKnEH-IP-lyvk	$BYyVCPyJh9PVJBsxDwm9NakGY19DlCJJ1GlCcYpTv8w	!kmbTYjjsDRDHGgVqUP:localhost
$llCtN-sfVC1IOdDQXgskgx4jl97hQHfKnEH-IP-lyvk	$mBmRyyvP_Jc-LDi7_hiGD9QTu5XGVXqNMxZM4yDMQPU	!kmbTYjjsDRDHGgVqUP:localhost
$llCtN-sfVC1IOdDQXgskgx4jl97hQHfKnEH-IP-lyvk	$G_m59AjH2Y1FX4D11JDsmEETfHGAWoknTIdv-_XYW2o	!kmbTYjjsDRDHGgVqUP:localhost
$4ZLf-3JRJMLLADbzome2n_5rZNEeHEFIo3w1xN4KKu0	$P98vptI_jrNYKKnTTDYouThgohgHqJkD5Rcj0gDgxII	!dKcbdDATuwwphjRPQP:localhost
$4ZLf-3JRJMLLADbzome2n_5rZNEeHEFIo3w1xN4KKu0	$Rczn5GeJ1aYMBU_oXSIF8ppVk8WEruaYIBA3FE7Yq88	!dKcbdDATuwwphjRPQP:localhost
$4ZLf-3JRJMLLADbzome2n_5rZNEeHEFIo3w1xN4KKu0	$hEtlt0NU16h0ix9xBX0MDJR0g54ATEZ4S96udYzYBqs	!dKcbdDATuwwphjRPQP:localhost
$hD2Z-BHkSscOTiftcJe1n-peOIsihQlQbtyjR2IkTmA	$BYyVCPyJh9PVJBsxDwm9NakGY19DlCJJ1GlCcYpTv8w	!kmbTYjjsDRDHGgVqUP:localhost
$hD2Z-BHkSscOTiftcJe1n-peOIsihQlQbtyjR2IkTmA	$G_m59AjH2Y1FX4D11JDsmEETfHGAWoknTIdv-_XYW2o	!kmbTYjjsDRDHGgVqUP:localhost
$hD2Z-BHkSscOTiftcJe1n-peOIsihQlQbtyjR2IkTmA	$mBmRyyvP_Jc-LDi7_hiGD9QTu5XGVXqNMxZM4yDMQPU	!kmbTYjjsDRDHGgVqUP:localhost
$Svf91tyGyUuzelYH8bbzM6QXuI9Xcab-XMXjCrIgM5A	$P98vptI_jrNYKKnTTDYouThgohgHqJkD5Rcj0gDgxII	!dKcbdDATuwwphjRPQP:localhost
$Svf91tyGyUuzelYH8bbzM6QXuI9Xcab-XMXjCrIgM5A	$hEtlt0NU16h0ix9xBX0MDJR0g54ATEZ4S96udYzYBqs	!dKcbdDATuwwphjRPQP:localhost
$Svf91tyGyUuzelYH8bbzM6QXuI9Xcab-XMXjCrIgM5A	$Rczn5GeJ1aYMBU_oXSIF8ppVk8WEruaYIBA3FE7Yq88	!dKcbdDATuwwphjRPQP:localhost
$PkPxRt8GuXFqdWre9vyhqKHlRSqflC0cOSTBOims4qY	$BYyVCPyJh9PVJBsxDwm9NakGY19DlCJJ1GlCcYpTv8w	!kmbTYjjsDRDHGgVqUP:localhost
$PkPxRt8GuXFqdWre9vyhqKHlRSqflC0cOSTBOims4qY	$mBmRyyvP_Jc-LDi7_hiGD9QTu5XGVXqNMxZM4yDMQPU	!kmbTYjjsDRDHGgVqUP:localhost
$PkPxRt8GuXFqdWre9vyhqKHlRSqflC0cOSTBOims4qY	$G_m59AjH2Y1FX4D11JDsmEETfHGAWoknTIdv-_XYW2o	!kmbTYjjsDRDHGgVqUP:localhost
$jyfZsVYOTCt8az1WqRlL53b1lAQWjIj6-IvW1w3qYks	$P98vptI_jrNYKKnTTDYouThgohgHqJkD5Rcj0gDgxII	!dKcbdDATuwwphjRPQP:localhost
$jyfZsVYOTCt8az1WqRlL53b1lAQWjIj6-IvW1w3qYks	$Rczn5GeJ1aYMBU_oXSIF8ppVk8WEruaYIBA3FE7Yq88	!dKcbdDATuwwphjRPQP:localhost
$jyfZsVYOTCt8az1WqRlL53b1lAQWjIj6-IvW1w3qYks	$hEtlt0NU16h0ix9xBX0MDJR0g54ATEZ4S96udYzYBqs	!dKcbdDATuwwphjRPQP:localhost
$ARxMI5-TIkg2afPIDJsLgeSqCdrfbwBxm32e83QRfQ4	$mBmRyyvP_Jc-LDi7_hiGD9QTu5XGVXqNMxZM4yDMQPU	!kmbTYjjsDRDHGgVqUP:localhost
$ARxMI5-TIkg2afPIDJsLgeSqCdrfbwBxm32e83QRfQ4	$PkPxRt8GuXFqdWre9vyhqKHlRSqflC0cOSTBOims4qY	!kmbTYjjsDRDHGgVqUP:localhost
$ARxMI5-TIkg2afPIDJsLgeSqCdrfbwBxm32e83QRfQ4	$BYyVCPyJh9PVJBsxDwm9NakGY19DlCJJ1GlCcYpTv8w	!kmbTYjjsDRDHGgVqUP:localhost
$ARxMI5-TIkg2afPIDJsLgeSqCdrfbwBxm32e83QRfQ4	$G_m59AjH2Y1FX4D11JDsmEETfHGAWoknTIdv-_XYW2o	!kmbTYjjsDRDHGgVqUP:localhost
$nE3KmrZJdWnhQ2h6DgIB98qoLGnQlFFCvgSu4NS5FfA	$Rczn5GeJ1aYMBU_oXSIF8ppVk8WEruaYIBA3FE7Yq88	!dKcbdDATuwwphjRPQP:localhost
$nE3KmrZJdWnhQ2h6DgIB98qoLGnQlFFCvgSu4NS5FfA	$jyfZsVYOTCt8az1WqRlL53b1lAQWjIj6-IvW1w3qYks	!dKcbdDATuwwphjRPQP:localhost
$nE3KmrZJdWnhQ2h6DgIB98qoLGnQlFFCvgSu4NS5FfA	$P98vptI_jrNYKKnTTDYouThgohgHqJkD5Rcj0gDgxII	!dKcbdDATuwwphjRPQP:localhost
$nE3KmrZJdWnhQ2h6DgIB98qoLGnQlFFCvgSu4NS5FfA	$hEtlt0NU16h0ix9xBX0MDJR0g54ATEZ4S96udYzYBqs	!dKcbdDATuwwphjRPQP:localhost
$mlRlSJ1S_x5OctD_Nck7tq-Fo2IC7iOhysac1uYo_PY	$mBmRyyvP_Jc-LDi7_hiGD9QTu5XGVXqNMxZM4yDMQPU	!kmbTYjjsDRDHGgVqUP:localhost
$mlRlSJ1S_x5OctD_Nck7tq-Fo2IC7iOhysac1uYo_PY	$PkPxRt8GuXFqdWre9vyhqKHlRSqflC0cOSTBOims4qY	!kmbTYjjsDRDHGgVqUP:localhost
$mlRlSJ1S_x5OctD_Nck7tq-Fo2IC7iOhysac1uYo_PY	$BYyVCPyJh9PVJBsxDwm9NakGY19DlCJJ1GlCcYpTv8w	!kmbTYjjsDRDHGgVqUP:localhost
$mlRlSJ1S_x5OctD_Nck7tq-Fo2IC7iOhysac1uYo_PY	$G_m59AjH2Y1FX4D11JDsmEETfHGAWoknTIdv-_XYW2o	!kmbTYjjsDRDHGgVqUP:localhost
$Y86Vdmx2z1nvkEoTqBH7oAiLE_sHPFtNgI97gsUAwaY	$Rczn5GeJ1aYMBU_oXSIF8ppVk8WEruaYIBA3FE7Yq88	!dKcbdDATuwwphjRPQP:localhost
$Y86Vdmx2z1nvkEoTqBH7oAiLE_sHPFtNgI97gsUAwaY	$jyfZsVYOTCt8az1WqRlL53b1lAQWjIj6-IvW1w3qYks	!dKcbdDATuwwphjRPQP:localhost
$Y86Vdmx2z1nvkEoTqBH7oAiLE_sHPFtNgI97gsUAwaY	$P98vptI_jrNYKKnTTDYouThgohgHqJkD5Rcj0gDgxII	!dKcbdDATuwwphjRPQP:localhost
$Y86Vdmx2z1nvkEoTqBH7oAiLE_sHPFtNgI97gsUAwaY	$hEtlt0NU16h0ix9xBX0MDJR0g54ATEZ4S96udYzYBqs	!dKcbdDATuwwphjRPQP:localhost
$YHxtZv4JfPzIJvBMvoTgzeITfTFFng_L_4ijJ1Q97k4	$P98vptI_jrNYKKnTTDYouThgohgHqJkD5Rcj0gDgxII	!dKcbdDATuwwphjRPQP:localhost
$YHxtZv4JfPzIJvBMvoTgzeITfTFFng_L_4ijJ1Q97k4	$Rczn5GeJ1aYMBU_oXSIF8ppVk8WEruaYIBA3FE7Yq88	!dKcbdDATuwwphjRPQP:localhost
$YHxtZv4JfPzIJvBMvoTgzeITfTFFng_L_4ijJ1Q97k4	$nE3KmrZJdWnhQ2h6DgIB98qoLGnQlFFCvgSu4NS5FfA	!dKcbdDATuwwphjRPQP:localhost
$YHxtZv4JfPzIJvBMvoTgzeITfTFFng_L_4ijJ1Q97k4	$hEtlt0NU16h0ix9xBX0MDJR0g54ATEZ4S96udYzYBqs	!dKcbdDATuwwphjRPQP:localhost
$pXbc3VIu5b4O4VzPRePQd4FjtqYPJLH87Ss7pZM-gRM	$BYyVCPyJh9PVJBsxDwm9NakGY19DlCJJ1GlCcYpTv8w	!kmbTYjjsDRDHGgVqUP:localhost
$pXbc3VIu5b4O4VzPRePQd4FjtqYPJLH87Ss7pZM-gRM	$mBmRyyvP_Jc-LDi7_hiGD9QTu5XGVXqNMxZM4yDMQPU	!kmbTYjjsDRDHGgVqUP:localhost
$pXbc3VIu5b4O4VzPRePQd4FjtqYPJLH87Ss7pZM-gRM	$ARxMI5-TIkg2afPIDJsLgeSqCdrfbwBxm32e83QRfQ4	!kmbTYjjsDRDHGgVqUP:localhost
$pXbc3VIu5b4O4VzPRePQd4FjtqYPJLH87Ss7pZM-gRM	$G_m59AjH2Y1FX4D11JDsmEETfHGAWoknTIdv-_XYW2o	!kmbTYjjsDRDHGgVqUP:localhost
$q7m8fkdDrp2QE9hRAHYIR_KN8htxYXW85pB3LgG-V2U	$G_m59AjH2Y1FX4D11JDsmEETfHGAWoknTIdv-_XYW2o	!kmbTYjjsDRDHGgVqUP:localhost
$q7m8fkdDrp2QE9hRAHYIR_KN8htxYXW85pB3LgG-V2U	$BYyVCPyJh9PVJBsxDwm9NakGY19DlCJJ1GlCcYpTv8w	!kmbTYjjsDRDHGgVqUP:localhost
$q7m8fkdDrp2QE9hRAHYIR_KN8htxYXW85pB3LgG-V2U	$mBmRyyvP_Jc-LDi7_hiGD9QTu5XGVXqNMxZM4yDMQPU	!kmbTYjjsDRDHGgVqUP:localhost
$q7m8fkdDrp2QE9hRAHYIR_KN8htxYXW85pB3LgG-V2U	$mlRlSJ1S_x5OctD_Nck7tq-Fo2IC7iOhysac1uYo_PY	!kmbTYjjsDRDHGgVqUP:localhost
$cH796vSd1hy4UBg8XHAqeUxz-u3gxer-uMeGrsirKbs	$hEtlt0NU16h0ix9xBX0MDJR0g54ATEZ4S96udYzYBqs	!dKcbdDATuwwphjRPQP:localhost
$cH796vSd1hy4UBg8XHAqeUxz-u3gxer-uMeGrsirKbs	$P98vptI_jrNYKKnTTDYouThgohgHqJkD5Rcj0gDgxII	!dKcbdDATuwwphjRPQP:localhost
$cH796vSd1hy4UBg8XHAqeUxz-u3gxer-uMeGrsirKbs	$Rczn5GeJ1aYMBU_oXSIF8ppVk8WEruaYIBA3FE7Yq88	!dKcbdDATuwwphjRPQP:localhost
$cH796vSd1hy4UBg8XHAqeUxz-u3gxer-uMeGrsirKbs	$Y86Vdmx2z1nvkEoTqBH7oAiLE_sHPFtNgI97gsUAwaY	!dKcbdDATuwwphjRPQP:localhost
$5DYqRHQPE1SQt9QXHJodWH7x4Pztz3LTsgH1kdHawZs	$BYyVCPyJh9PVJBsxDwm9NakGY19DlCJJ1GlCcYpTv8w	!kmbTYjjsDRDHGgVqUP:localhost
$5DYqRHQPE1SQt9QXHJodWH7x4Pztz3LTsgH1kdHawZs	$mBmRyyvP_Jc-LDi7_hiGD9QTu5XGVXqNMxZM4yDMQPU	!kmbTYjjsDRDHGgVqUP:localhost
$5DYqRHQPE1SQt9QXHJodWH7x4Pztz3LTsgH1kdHawZs	$G_m59AjH2Y1FX4D11JDsmEETfHGAWoknTIdv-_XYW2o	!kmbTYjjsDRDHGgVqUP:localhost
$TKcINA6W5qTH8raDaFqEMBivZ0LjgXtIHGvxzJ9V4_8	$P98vptI_jrNYKKnTTDYouThgohgHqJkD5Rcj0gDgxII	!dKcbdDATuwwphjRPQP:localhost
$TKcINA6W5qTH8raDaFqEMBivZ0LjgXtIHGvxzJ9V4_8	$Rczn5GeJ1aYMBU_oXSIF8ppVk8WEruaYIBA3FE7Yq88	!dKcbdDATuwwphjRPQP:localhost
$TKcINA6W5qTH8raDaFqEMBivZ0LjgXtIHGvxzJ9V4_8	$hEtlt0NU16h0ix9xBX0MDJR0g54ATEZ4S96udYzYBqs	!dKcbdDATuwwphjRPQP:localhost
\.


--
-- Data for Name: event_auth_chain_links; Type: TABLE DATA; Schema: public; Owner: synapse
--

COPY public.event_auth_chain_links (origin_chain_id, origin_sequence_number, target_chain_id, target_sequence_number) FROM stdin;
13	1	11	1
18	1	11	1
4	1	11	1
1	1	15	1
2	1	17	1
6	1	16	1
12	1	11	1
16	1	17	1
18	1	13	1
18	1	9	1
1	1	17	1
12	1	9	1
12	1	13	1
8	1	18	1
15	1	17	1
2	1	14	1
5	1	15	1
10	1	18	1
17	1	14	1
6	1	15	1
9	1	11	1
5	1	17	1
10	1	9	1
1	1	14	1
3	1	17	1
8	1	9	1
8	1	11	1
2	1	16	1
16	1	14	1
6	1	17	1
3	1	14	1
1	1	16	1
7	1	11	1
10	1	11	1
10	1	13	1
8	1	13	1
4	1	18	1
7	1	9	1
4	1	9	1
15	1	14	1
3	1	16	1
15	1	16	1
4	1	13	1
7	1	13	1
5	1	14	1
6	1	14	1
13	1	9	1
5	1	16	1
19	1	16	1
19	1	14	1
19	1	17	1
19	1	15	1
20	1	9	1
20	1	18	1
20	1	13	1
20	1	11	1
21	1	18	1
21	1	13	1
21	1	9	1
21	1	20	1
21	1	11	1
22	1	15	1
22	1	16	1
22	1	17	1
22	1	19	1
22	1	14	1
23	1	13	1
23	1	9	1
23	1	20	1
23	1	11	1
23	1	18	1
24	1	16	1
24	1	17	1
24	1	19	1
24	1	14	1
24	1	15	1
25	1	9	1
25	1	18	1
25	1	13	1
25	1	11	1
26	1	15	1
26	1	16	1
26	1	14	1
26	1	17	1
\.


--
-- Data for Name: event_auth_chain_to_calculate; Type: TABLE DATA; Schema: public; Owner: synapse
--

COPY public.event_auth_chain_to_calculate (event_id, room_id, type, state_key) FROM stdin;
\.


--
-- Data for Name: event_auth_chains; Type: TABLE DATA; Schema: public; Owner: synapse
--

COPY public.event_auth_chains (event_id, chain_id, sequence_number) FROM stdin;
$Rczn5GeJ1aYMBU_oXSIF8ppVk8WEruaYIBA3FE7Yq88	14	1
$PeAJ6BypXjJegHiUjcYe-I6Cf4NuCPICi_yUb-fyauA	17	1
$P98vptI_jrNYKKnTTDYouThgohgHqJkD5Rcj0gDgxII	16	1
$TVnvv0nGbLydCBtMmTTz-htMsoI4hmxCr3s9AHyFGHQ	2	1
$b__a7rX3L5YpX7nAZte73DAbjtXZK48JH8VKSnGOKKw	3	1
$hEtlt0NU16h0ix9xBX0MDJR0g54ATEZ4S96udYzYBqs	15	1
$4ZLf-3JRJMLLADbzome2n_5rZNEeHEFIo3w1xN4KKu0	1	1
$Svf91tyGyUuzelYH8bbzM6QXuI9Xcab-XMXjCrIgM5A	6	1
$mBmRyyvP_Jc-LDi7_hiGD9QTu5XGVXqNMxZM4yDMQPU	11	1
$_oKaaOfL7rFtPsAsxDmHrCY9sAzFjslRwkJ_QHxHDTw	9	1
$BYyVCPyJh9PVJBsxDwm9NakGY19DlCJJ1GlCcYpTv8w	13	1
$G_m59AjH2Y1FX4D11JDsmEETfHGAWoknTIdv-_XYW2o	18	1
$N33GyONpuSa3zRNJk1CtLYdhqJbhXBwSpAlUUm-zmB8	4	1
$O5iO4EII22igkDq5cMKHFB-SGIYD0KqJQXZohS2Dzc0	12	1
$X8tdoEsXAgBC6gobCepAn3rwO8CJoQU6i9NN9Rzhukg	7	1
$hD2Z-BHkSscOTiftcJe1n-peOIsihQlQbtyjR2IkTmA	8	1
$llCtN-sfVC1IOdDQXgskgx4jl97hQHfKnEH-IP-lyvk	10	1
$wd-zBsOV9K_8HbhPARZ91kf5cfZwLKRi7yBBGGNUAb0	5	1
$jyfZsVYOTCt8az1WqRlL53b1lAQWjIj6-IvW1w3qYks	19	1
$PkPxRt8GuXFqdWre9vyhqKHlRSqflC0cOSTBOims4qY	20	1
$ARxMI5-TIkg2afPIDJsLgeSqCdrfbwBxm32e83QRfQ4	21	1
$nE3KmrZJdWnhQ2h6DgIB98qoLGnQlFFCvgSu4NS5FfA	22	1
$mlRlSJ1S_x5OctD_Nck7tq-Fo2IC7iOhysac1uYo_PY	23	1
$Y86Vdmx2z1nvkEoTqBH7oAiLE_sHPFtNgI97gsUAwaY	24	1
$pXbc3VIu5b4O4VzPRePQd4FjtqYPJLH87Ss7pZM-gRM	21	2
$q7m8fkdDrp2QE9hRAHYIR_KN8htxYXW85pB3LgG-V2U	23	2
$YHxtZv4JfPzIJvBMvoTgzeITfTFFng_L_4ijJ1Q97k4	22	2
$cH796vSd1hy4UBg8XHAqeUxz-u3gxer-uMeGrsirKbs	24	2
$5DYqRHQPE1SQt9QXHJodWH7x4Pztz3LTsgH1kdHawZs	25	1
$TKcINA6W5qTH8raDaFqEMBivZ0LjgXtIHGvxzJ9V4_8	26	1
\.


--
-- Data for Name: event_backward_extremities; Type: TABLE DATA; Schema: public; Owner: synapse
--

COPY public.event_backward_extremities (event_id, room_id) FROM stdin;
\.


--
-- Data for Name: event_edges; Type: TABLE DATA; Schema: public; Owner: synapse
--

COPY public.event_edges (event_id, prev_event_id, room_id, is_state) FROM stdin;
$_oKaaOfL7rFtPsAsxDmHrCY9sAzFjslRwkJ_QHxHDTw	$mBmRyyvP_Jc-LDi7_hiGD9QTu5XGVXqNMxZM4yDMQPU	!kmbTYjjsDRDHGgVqUP:localhost	f
$BYyVCPyJh9PVJBsxDwm9NakGY19DlCJJ1GlCcYpTv8w	$_oKaaOfL7rFtPsAsxDmHrCY9sAzFjslRwkJ_QHxHDTw	!kmbTYjjsDRDHGgVqUP:localhost	f
$X8tdoEsXAgBC6gobCepAn3rwO8CJoQU6i9NN9Rzhukg	$BYyVCPyJh9PVJBsxDwm9NakGY19DlCJJ1GlCcYpTv8w	!kmbTYjjsDRDHGgVqUP:localhost	f
$G_m59AjH2Y1FX4D11JDsmEETfHGAWoknTIdv-_XYW2o	$X8tdoEsXAgBC6gobCepAn3rwO8CJoQU6i9NN9Rzhukg	!kmbTYjjsDRDHGgVqUP:localhost	f
$O5iO4EII22igkDq5cMKHFB-SGIYD0KqJQXZohS2Dzc0	$G_m59AjH2Y1FX4D11JDsmEETfHGAWoknTIdv-_XYW2o	!kmbTYjjsDRDHGgVqUP:localhost	f
$PeAJ6BypXjJegHiUjcYe-I6Cf4NuCPICi_yUb-fyauA	$Rczn5GeJ1aYMBU_oXSIF8ppVk8WEruaYIBA3FE7Yq88	!dKcbdDATuwwphjRPQP:localhost	f
$P98vptI_jrNYKKnTTDYouThgohgHqJkD5Rcj0gDgxII	$PeAJ6BypXjJegHiUjcYe-I6Cf4NuCPICi_yUb-fyauA	!dKcbdDATuwwphjRPQP:localhost	f
$b__a7rX3L5YpX7nAZte73DAbjtXZK48JH8VKSnGOKKw	$P98vptI_jrNYKKnTTDYouThgohgHqJkD5Rcj0gDgxII	!dKcbdDATuwwphjRPQP:localhost	f
$hEtlt0NU16h0ix9xBX0MDJR0g54ATEZ4S96udYzYBqs	$b__a7rX3L5YpX7nAZte73DAbjtXZK48JH8VKSnGOKKw	!dKcbdDATuwwphjRPQP:localhost	f
$TVnvv0nGbLydCBtMmTTz-htMsoI4hmxCr3s9AHyFGHQ	$hEtlt0NU16h0ix9xBX0MDJR0g54ATEZ4S96udYzYBqs	!dKcbdDATuwwphjRPQP:localhost	f
$N33GyONpuSa3zRNJk1CtLYdhqJbhXBwSpAlUUm-zmB8	$O5iO4EII22igkDq5cMKHFB-SGIYD0KqJQXZohS2Dzc0	!kmbTYjjsDRDHGgVqUP:localhost	f
$wd-zBsOV9K_8HbhPARZ91kf5cfZwLKRi7yBBGGNUAb0	$TVnvv0nGbLydCBtMmTTz-htMsoI4hmxCr3s9AHyFGHQ	!dKcbdDATuwwphjRPQP:localhost	f
$llCtN-sfVC1IOdDQXgskgx4jl97hQHfKnEH-IP-lyvk	$N33GyONpuSa3zRNJk1CtLYdhqJbhXBwSpAlUUm-zmB8	!kmbTYjjsDRDHGgVqUP:localhost	f
$4ZLf-3JRJMLLADbzome2n_5rZNEeHEFIo3w1xN4KKu0	$wd-zBsOV9K_8HbhPARZ91kf5cfZwLKRi7yBBGGNUAb0	!dKcbdDATuwwphjRPQP:localhost	f
$hD2Z-BHkSscOTiftcJe1n-peOIsihQlQbtyjR2IkTmA	$llCtN-sfVC1IOdDQXgskgx4jl97hQHfKnEH-IP-lyvk	!kmbTYjjsDRDHGgVqUP:localhost	f
$Svf91tyGyUuzelYH8bbzM6QXuI9Xcab-XMXjCrIgM5A	$4ZLf-3JRJMLLADbzome2n_5rZNEeHEFIo3w1xN4KKu0	!dKcbdDATuwwphjRPQP:localhost	f
$jyfZsVYOTCt8az1WqRlL53b1lAQWjIj6-IvW1w3qYks	$Svf91tyGyUuzelYH8bbzM6QXuI9Xcab-XMXjCrIgM5A	!dKcbdDATuwwphjRPQP:localhost	f
$PkPxRt8GuXFqdWre9vyhqKHlRSqflC0cOSTBOims4qY	$hD2Z-BHkSscOTiftcJe1n-peOIsihQlQbtyjR2IkTmA	!kmbTYjjsDRDHGgVqUP:localhost	f
$ARxMI5-TIkg2afPIDJsLgeSqCdrfbwBxm32e83QRfQ4	$PkPxRt8GuXFqdWre9vyhqKHlRSqflC0cOSTBOims4qY	!kmbTYjjsDRDHGgVqUP:localhost	f
$nE3KmrZJdWnhQ2h6DgIB98qoLGnQlFFCvgSu4NS5FfA	$jyfZsVYOTCt8az1WqRlL53b1lAQWjIj6-IvW1w3qYks	!dKcbdDATuwwphjRPQP:localhost	f
$mlRlSJ1S_x5OctD_Nck7tq-Fo2IC7iOhysac1uYo_PY	$ARxMI5-TIkg2afPIDJsLgeSqCdrfbwBxm32e83QRfQ4	!kmbTYjjsDRDHGgVqUP:localhost	f
$pXbc3VIu5b4O4VzPRePQd4FjtqYPJLH87Ss7pZM-gRM	$mlRlSJ1S_x5OctD_Nck7tq-Fo2IC7iOhysac1uYo_PY	!kmbTYjjsDRDHGgVqUP:localhost	f
$Y86Vdmx2z1nvkEoTqBH7oAiLE_sHPFtNgI97gsUAwaY	$nE3KmrZJdWnhQ2h6DgIB98qoLGnQlFFCvgSu4NS5FfA	!dKcbdDATuwwphjRPQP:localhost	f
$q7m8fkdDrp2QE9hRAHYIR_KN8htxYXW85pB3LgG-V2U	$pXbc3VIu5b4O4VzPRePQd4FjtqYPJLH87Ss7pZM-gRM	!kmbTYjjsDRDHGgVqUP:localhost	f
$YHxtZv4JfPzIJvBMvoTgzeITfTFFng_L_4ijJ1Q97k4	$Y86Vdmx2z1nvkEoTqBH7oAiLE_sHPFtNgI97gsUAwaY	!dKcbdDATuwwphjRPQP:localhost	f
$cH796vSd1hy4UBg8XHAqeUxz-u3gxer-uMeGrsirKbs	$YHxtZv4JfPzIJvBMvoTgzeITfTFFng_L_4ijJ1Q97k4	!dKcbdDATuwwphjRPQP:localhost	f
$5DYqRHQPE1SQt9QXHJodWH7x4Pztz3LTsgH1kdHawZs	$q7m8fkdDrp2QE9hRAHYIR_KN8htxYXW85pB3LgG-V2U	!kmbTYjjsDRDHGgVqUP:localhost	f
$TKcINA6W5qTH8raDaFqEMBivZ0LjgXtIHGvxzJ9V4_8	$cH796vSd1hy4UBg8XHAqeUxz-u3gxer-uMeGrsirKbs	!dKcbdDATuwwphjRPQP:localhost	f
\.


--
-- Data for Name: event_expiry; Type: TABLE DATA; Schema: public; Owner: synapse
--

COPY public.event_expiry (event_id, expiry_ts) FROM stdin;
\.


--
-- Data for Name: event_forward_extremities; Type: TABLE DATA; Schema: public; Owner: synapse
--

COPY public.event_forward_extremities (event_id, room_id) FROM stdin;
$5DYqRHQPE1SQt9QXHJodWH7x4Pztz3LTsgH1kdHawZs	!kmbTYjjsDRDHGgVqUP:localhost
$TKcINA6W5qTH8raDaFqEMBivZ0LjgXtIHGvxzJ9V4_8	!dKcbdDATuwwphjRPQP:localhost
\.


--
-- Data for Name: event_json; Type: TABLE DATA; Schema: public; Owner: synapse
--

COPY public.event_json (event_id, room_id, internal_metadata, json, format_version) FROM stdin;
$mBmRyyvP_Jc-LDi7_hiGD9QTu5XGVXqNMxZM4yDMQPU	!kmbTYjjsDRDHGgVqUP:localhost	{"token_id": 2, "stream_ordering": 2}	{"auth_events": [], "prev_events": [], "type": "m.room.create", "room_id": "!kmbTYjjsDRDHGgVqUP:localhost", "sender": "@admin:localhost", "content": {"room_version": "5", "creator": "@admin:localhost"}, "depth": 1, "prev_state": [], "state_key": "", "origin": "localhost", "origin_server_ts": 1598686327756, "hashes": {"sha256": "EYS5stv7QephkSDEw4lMn8/fCE1EfcXS2SKhS9x689c"}, "signatures": {"localhost": {"ed25519:a_snHR": "47z+ybf1v6crQ75SkpwjCPDQ561xdI6SuXgpQHOugqlu7Qkvp1y2U97Z35JRCNa7R0sQvM4rVijYk+YgtbckDw"}}, "unsigned": {"age_ts": 1598686327756}}	3
$_oKaaOfL7rFtPsAsxDmHrCY9sAzFjslRwkJ_QHxHDTw	!kmbTYjjsDRDHGgVqUP:localhost	{"token_id": 2, "stream_ordering": 3}	{"auth_events": ["$mBmRyyvP_Jc-LDi7_hiGD9QTu5XGVXqNMxZM4yDMQPU"], "prev_events": ["$mBmRyyvP_Jc-LDi7_hiGD9QTu5XGVXqNMxZM4yDMQPU"], "type": "m.room.member", "room_id": "!kmbTYjjsDRDHGgVqUP:localhost", "sender": "@admin:localhost", "content": {"membership": "join", "displayname": "admin"}, "depth": 2, "prev_state": [], "state_key": "@admin:localhost", "origin": "localhost", "origin_server_ts": 1598686327803, "hashes": {"sha256": "bFr14ZS6aZalThpjLQ5BkY11tTZqSnnNO5FjkIpsH+0"}, "signatures": {"localhost": {"ed25519:a_snHR": "pvC4gEUv8FV2lKeI3sP1lfY7/eRbZBfNpbWT8v4a8Y9pq+oWw1xozvImaXKjgKgnLKkfEL8U2SKf5Wzchv2iCg"}}, "unsigned": {"age_ts": 1598686327803}}	3
$BYyVCPyJh9PVJBsxDwm9NakGY19DlCJJ1GlCcYpTv8w	!kmbTYjjsDRDHGgVqUP:localhost	{"token_id": 2, "stream_ordering": 4}	{"auth_events": ["$mBmRyyvP_Jc-LDi7_hiGD9QTu5XGVXqNMxZM4yDMQPU", "$_oKaaOfL7rFtPsAsxDmHrCY9sAzFjslRwkJ_QHxHDTw"], "prev_events": ["$_oKaaOfL7rFtPsAsxDmHrCY9sAzFjslRwkJ_QHxHDTw"], "type": "m.room.power_levels", "room_id": "!kmbTYjjsDRDHGgVqUP:localhost", "sender": "@admin:localhost", "content": {"users": {"@admin:localhost": 100}, "users_default": 50, "events": {"m.room.name": 50, "m.room.power_levels": 100, "m.room.history_visibility": 100, "m.room.canonical_alias": 50, "m.room.avatar": 50, "m.room.tombstone": 100, "m.room.server_acl": 100, "m.room.encryption": 100}, "events_default": 0, "state_default": 50, "ban": 50, "kick": 50, "redact": 50, "invite": 50}, "depth": 3, "prev_state": [], "state_key": "", "origin": "localhost", "origin_server_ts": 1598686327849, "hashes": {"sha256": "XRXI1VrMo2lX8l4Xw+9l9POam98NXILANHKa0cTiec8"}, "signatures": {"localhost": {"ed25519:a_snHR": "BpCH59dvjhLkXrhrLvAvctHHpDo5xjfKyPKNPURSOjO9a6M+bBF8BYorYCZ82nY6VuxkpcBEXfqoq0sTZtd3Bw"}}, "unsigned": {"age_ts": 1598686327849}}	3
$X8tdoEsXAgBC6gobCepAn3rwO8CJoQU6i9NN9Rzhukg	!kmbTYjjsDRDHGgVqUP:localhost	{"token_id": 2, "stream_ordering": 5}	{"auth_events": ["$BYyVCPyJh9PVJBsxDwm9NakGY19DlCJJ1GlCcYpTv8w", "$mBmRyyvP_Jc-LDi7_hiGD9QTu5XGVXqNMxZM4yDMQPU", "$_oKaaOfL7rFtPsAsxDmHrCY9sAzFjslRwkJ_QHxHDTw"], "prev_events": ["$BYyVCPyJh9PVJBsxDwm9NakGY19DlCJJ1GlCcYpTv8w"], "type": "m.room.canonical_alias", "room_id": "!kmbTYjjsDRDHGgVqUP:localhost", "sender": "@admin:localhost", "content": {"alias": "#town-square:localhost"}, "depth": 4, "prev_state": [], "state_key": "", "origin": "localhost", "origin_server_ts": 1598686327933, "hashes": {"sha256": "JFEosUjTDFb17hL0ogqGvy8PsyFS5AfoImme80JxoBs"}, "signatures": {"localhost": {"ed25519:a_snHR": "fIKrBbyf1iHHSpgs1le6Qt6UIhEqGv37ptN9EYF20qOo80r2hFizzL4QUea1iU4Y2eXLXeSbgMyRIBTgNMqCCA"}}, "unsigned": {"age_ts": 1598686327933}}	3
$G_m59AjH2Y1FX4D11JDsmEETfHGAWoknTIdv-_XYW2o	!kmbTYjjsDRDHGgVqUP:localhost	{"token_id": 2, "stream_ordering": 6}	{"auth_events": ["$BYyVCPyJh9PVJBsxDwm9NakGY19DlCJJ1GlCcYpTv8w", "$mBmRyyvP_Jc-LDi7_hiGD9QTu5XGVXqNMxZM4yDMQPU", "$_oKaaOfL7rFtPsAsxDmHrCY9sAzFjslRwkJ_QHxHDTw"], "prev_events": ["$X8tdoEsXAgBC6gobCepAn3rwO8CJoQU6i9NN9Rzhukg"], "type": "m.room.join_rules", "room_id": "!kmbTYjjsDRDHGgVqUP:localhost", "sender": "@admin:localhost", "content": {"join_rule": "public"}, "depth": 5, "prev_state": [], "state_key": "", "origin": "localhost", "origin_server_ts": 1598686328055, "hashes": {"sha256": "jp1fVxbt3dpJlxSWBs8TDJPKkwiNi8RubTXSwOu2cDE"}, "signatures": {"localhost": {"ed25519:a_snHR": "O1DxN7P7TkUmUp2mTvmbynx8sE967SMMDNvWWukJhW/k0Eycxe1aORQInqOx03jBFS91blUjSiame9d4SsflDQ"}}, "unsigned": {"age_ts": 1598686328055}}	3
$O5iO4EII22igkDq5cMKHFB-SGIYD0KqJQXZohS2Dzc0	!kmbTYjjsDRDHGgVqUP:localhost	{"token_id": 2, "stream_ordering": 7}	{"auth_events": ["$BYyVCPyJh9PVJBsxDwm9NakGY19DlCJJ1GlCcYpTv8w", "$mBmRyyvP_Jc-LDi7_hiGD9QTu5XGVXqNMxZM4yDMQPU", "$_oKaaOfL7rFtPsAsxDmHrCY9sAzFjslRwkJ_QHxHDTw"], "prev_events": ["$G_m59AjH2Y1FX4D11JDsmEETfHGAWoknTIdv-_XYW2o"], "type": "m.room.history_visibility", "room_id": "!kmbTYjjsDRDHGgVqUP:localhost", "sender": "@admin:localhost", "content": {"history_visibility": "shared"}, "depth": 6, "prev_state": [], "state_key": "", "origin": "localhost", "origin_server_ts": 1598686328127, "hashes": {"sha256": "O2HALjh6GpvXYKFGkSI+lQPuJUFwuC032xlArlAC5cU"}, "signatures": {"localhost": {"ed25519:a_snHR": "q2f7/7Q5deI4D976foS2hEJ2u5V5P+rShlUHGLrZ4F1H2xTj+UYejDJbqzhmp6fHwz/tlXtcij6B/PahZDlFCw"}}, "unsigned": {"age_ts": 1598686328127}}	3
$Rczn5GeJ1aYMBU_oXSIF8ppVk8WEruaYIBA3FE7Yq88	!dKcbdDATuwwphjRPQP:localhost	{"token_id": 2, "stream_ordering": 8}	{"auth_events": [], "prev_events": [], "type": "m.room.create", "room_id": "!dKcbdDATuwwphjRPQP:localhost", "sender": "@admin:localhost", "content": {"room_version": "5", "creator": "@admin:localhost"}, "depth": 1, "prev_state": [], "state_key": "", "origin": "localhost", "origin_server_ts": 1598686328210, "hashes": {"sha256": "T2bzVfgzt2griHNrK55gMsLkl82Nz9F/wK3x7lQm0zA"}, "signatures": {"localhost": {"ed25519:a_snHR": "o9ngIVjMu0CXzzIzhHQj+YOJPsXjIAmlQdW+9L6ERQBo8fIQYDUESAAqjGJVhToPS1mFueV7SU7hGRWpd7JSCQ"}}, "unsigned": {"age_ts": 1598686328210}}	3
$PeAJ6BypXjJegHiUjcYe-I6Cf4NuCPICi_yUb-fyauA	!dKcbdDATuwwphjRPQP:localhost	{"token_id": 2, "stream_ordering": 9}	{"auth_events": ["$Rczn5GeJ1aYMBU_oXSIF8ppVk8WEruaYIBA3FE7Yq88"], "prev_events": ["$Rczn5GeJ1aYMBU_oXSIF8ppVk8WEruaYIBA3FE7Yq88"], "type": "m.room.member", "room_id": "!dKcbdDATuwwphjRPQP:localhost", "sender": "@admin:localhost", "content": {"membership": "join", "displayname": "admin"}, "depth": 2, "prev_state": [], "state_key": "@admin:localhost", "origin": "localhost", "origin_server_ts": 1598686328245, "hashes": {"sha256": "U+/LJW/8SXvlDad8ry9B6gtyrwdAQgQrnsYdoLjFX4c"}, "signatures": {"localhost": {"ed25519:a_snHR": "UFL/8lWTieRcORLzp9XHt+jQ+3dtgGCMRtkmtgbJK1wtJsKvM0Vj+Se/PYxp9D9owNYTYvenbn+Ape9jAWmQDA"}}, "unsigned": {"age_ts": 1598686328245}}	3
$P98vptI_jrNYKKnTTDYouThgohgHqJkD5Rcj0gDgxII	!dKcbdDATuwwphjRPQP:localhost	{"token_id": 2, "stream_ordering": 10}	{"auth_events": ["$Rczn5GeJ1aYMBU_oXSIF8ppVk8WEruaYIBA3FE7Yq88", "$PeAJ6BypXjJegHiUjcYe-I6Cf4NuCPICi_yUb-fyauA"], "prev_events": ["$PeAJ6BypXjJegHiUjcYe-I6Cf4NuCPICi_yUb-fyauA"], "type": "m.room.power_levels", "room_id": "!dKcbdDATuwwphjRPQP:localhost", "sender": "@admin:localhost", "content": {"users": {"@admin:localhost": 100}, "users_default": 50, "events": {"m.room.name": 50, "m.room.power_levels": 100, "m.room.history_visibility": 100, "m.room.canonical_alias": 50, "m.room.avatar": 50, "m.room.tombstone": 100, "m.room.server_acl": 100, "m.room.encryption": 100}, "events_default": 0, "state_default": 50, "ban": 50, "kick": 50, "redact": 50, "invite": 50}, "depth": 3, "prev_state": [], "state_key": "", "origin": "localhost", "origin_server_ts": 1598686328280, "hashes": {"sha256": "uhHLqmMxCXLN+w/WytCiGDedq/bLxHrToWTEkOKf9ew"}, "signatures": {"localhost": {"ed25519:a_snHR": "MlX+Q/aDPzkzLhX5vXzxUqlIh1xTg7shPZ6xg5FfsX7xzRzjEyI/zEdQBts8ZNaN0S/rf9Nj43Bde2xRz1xICA"}}, "unsigned": {"age_ts": 1598686328280}}	3
$b__a7rX3L5YpX7nAZte73DAbjtXZK48JH8VKSnGOKKw	!dKcbdDATuwwphjRPQP:localhost	{"token_id": 2, "stream_ordering": 11}	{"auth_events": ["$P98vptI_jrNYKKnTTDYouThgohgHqJkD5Rcj0gDgxII", "$Rczn5GeJ1aYMBU_oXSIF8ppVk8WEruaYIBA3FE7Yq88", "$PeAJ6BypXjJegHiUjcYe-I6Cf4NuCPICi_yUb-fyauA"], "prev_events": ["$P98vptI_jrNYKKnTTDYouThgohgHqJkD5Rcj0gDgxII"], "type": "m.room.canonical_alias", "room_id": "!dKcbdDATuwwphjRPQP:localhost", "sender": "@admin:localhost", "content": {"alias": "#off-topic:localhost"}, "depth": 4, "prev_state": [], "state_key": "", "origin": "localhost", "origin_server_ts": 1598686328305, "hashes": {"sha256": "+JxLKTsEQryx+GEAalUCnv6Rke8EWjX/fPemyJsDHYc"}, "signatures": {"localhost": {"ed25519:a_snHR": "Cjxg3dN0RmH45DnHWi6hpxa+uebFjCgGQV7rVZrz07nq0D2m/m6xetGsZChX81YA7bTlSaZYZbguZo25iAhsBA"}}, "unsigned": {"age_ts": 1598686328305}}	3
$hEtlt0NU16h0ix9xBX0MDJR0g54ATEZ4S96udYzYBqs	!dKcbdDATuwwphjRPQP:localhost	{"token_id": 2, "stream_ordering": 12}	{"auth_events": ["$P98vptI_jrNYKKnTTDYouThgohgHqJkD5Rcj0gDgxII", "$Rczn5GeJ1aYMBU_oXSIF8ppVk8WEruaYIBA3FE7Yq88", "$PeAJ6BypXjJegHiUjcYe-I6Cf4NuCPICi_yUb-fyauA"], "prev_events": ["$b__a7rX3L5YpX7nAZte73DAbjtXZK48JH8VKSnGOKKw"], "type": "m.room.join_rules", "room_id": "!dKcbdDATuwwphjRPQP:localhost", "sender": "@admin:localhost", "content": {"join_rule": "public"}, "depth": 5, "prev_state": [], "state_key": "", "origin": "localhost", "origin_server_ts": 1598686328338, "hashes": {"sha256": "dxq9CFlffHYBvZuBxLJd5stg6IQ3QXbXZ+NE6ebxX70"}, "signatures": {"localhost": {"ed25519:a_snHR": "Uxvxrm+8J8TXY4TQmd21VQ8FquEl8i2G+J4Key2ULCdTPPuLYVzHptZ2XsY+qVkQQ/j7O8GzZor91QnuTO6OAQ"}}, "unsigned": {"age_ts": 1598686328338}}	3
$TVnvv0nGbLydCBtMmTTz-htMsoI4hmxCr3s9AHyFGHQ	!dKcbdDATuwwphjRPQP:localhost	{"token_id": 2, "stream_ordering": 13}	{"auth_events": ["$P98vptI_jrNYKKnTTDYouThgohgHqJkD5Rcj0gDgxII", "$Rczn5GeJ1aYMBU_oXSIF8ppVk8WEruaYIBA3FE7Yq88", "$PeAJ6BypXjJegHiUjcYe-I6Cf4NuCPICi_yUb-fyauA"], "prev_events": ["$hEtlt0NU16h0ix9xBX0MDJR0g54ATEZ4S96udYzYBqs"], "type": "m.room.history_visibility", "room_id": "!dKcbdDATuwwphjRPQP:localhost", "sender": "@admin:localhost", "content": {"history_visibility": "shared"}, "depth": 6, "prev_state": [], "state_key": "", "origin": "localhost", "origin_server_ts": 1598686328366, "hashes": {"sha256": "SfV6Kek5Dwi5pw8ipLU5QhGIZ2QJnoj9F6CDcc5IxB4"}, "signatures": {"localhost": {"ed25519:a_snHR": "5ykJ0Blf6mxyCyowVrPMqCBd1CoGzhyHcTYeI54eSztGls6SbF9v0VY23IxdEiYh6Sbb4p/YqhWE5BK0bC99Dg"}}, "unsigned": {"age_ts": 1598686328366}}	3
$N33GyONpuSa3zRNJk1CtLYdhqJbhXBwSpAlUUm-zmB8	!kmbTYjjsDRDHGgVqUP:localhost	{"token_id": 3, "stream_ordering": 14}	{"auth_events": ["$BYyVCPyJh9PVJBsxDwm9NakGY19DlCJJ1GlCcYpTv8w", "$mBmRyyvP_Jc-LDi7_hiGD9QTu5XGVXqNMxZM4yDMQPU", "$G_m59AjH2Y1FX4D11JDsmEETfHGAWoknTIdv-_XYW2o"], "prev_events": ["$O5iO4EII22igkDq5cMKHFB-SGIYD0KqJQXZohS2Dzc0"], "type": "m.room.member", "room_id": "!kmbTYjjsDRDHGgVqUP:localhost", "sender": "@matrix_a:localhost", "content": {"membership": "join", "displayname": "matrix_a"}, "depth": 7, "prev_state": [], "state_key": "@matrix_a:localhost", "origin": "localhost", "origin_server_ts": 1598686328406, "hashes": {"sha256": "qLMDs9emxYRXqTqqxoKZcDmjV5VXvdIs3XRGMxFZnbk"}, "signatures": {"localhost": {"ed25519:a_snHR": "xsf3Ds6FQ7mG4614Oiydc3TFdQak3qCYQ/OTfnE+Yd8GclvIc/cMtCrz5VTAjRLIHwoctkLkHraQcxnHkFzwCw"}}, "unsigned": {"age_ts": 1598686328406}}	3
$wd-zBsOV9K_8HbhPARZ91kf5cfZwLKRi7yBBGGNUAb0	!dKcbdDATuwwphjRPQP:localhost	{"token_id": 3, "stream_ordering": 15}	{"auth_events": ["$P98vptI_jrNYKKnTTDYouThgohgHqJkD5Rcj0gDgxII", "$Rczn5GeJ1aYMBU_oXSIF8ppVk8WEruaYIBA3FE7Yq88", "$hEtlt0NU16h0ix9xBX0MDJR0g54ATEZ4S96udYzYBqs"], "prev_events": ["$TVnvv0nGbLydCBtMmTTz-htMsoI4hmxCr3s9AHyFGHQ"], "type": "m.room.member", "room_id": "!dKcbdDATuwwphjRPQP:localhost", "sender": "@matrix_a:localhost", "content": {"membership": "join", "displayname": "matrix_a"}, "depth": 7, "prev_state": [], "state_key": "@matrix_a:localhost", "origin": "localhost", "origin_server_ts": 1598686328450, "hashes": {"sha256": "Bf7Ixij40HV9U18YkDyyR2LTpCTLLhlY3GoSLyLra6c"}, "signatures": {"localhost": {"ed25519:a_snHR": "qsG72VTiWey+fdCVuq4zZWl8IPFwfI1GBpO4iL+axu/ctL5BEo/YYJmWmTJMOz3z4ZyLj8NN/QpwX+p2A8BRDA"}}, "unsigned": {"age_ts": 1598686328450}}	3
$4ZLf-3JRJMLLADbzome2n_5rZNEeHEFIo3w1xN4KKu0	!dKcbdDATuwwphjRPQP:localhost	{"token_id": 4, "stream_ordering": 17}	{"auth_events": ["$P98vptI_jrNYKKnTTDYouThgohgHqJkD5Rcj0gDgxII", "$Rczn5GeJ1aYMBU_oXSIF8ppVk8WEruaYIBA3FE7Yq88", "$hEtlt0NU16h0ix9xBX0MDJR0g54ATEZ4S96udYzYBqs"], "prev_events": ["$wd-zBsOV9K_8HbhPARZ91kf5cfZwLKRi7yBBGGNUAb0"], "type": "m.room.member", "room_id": "!dKcbdDATuwwphjRPQP:localhost", "sender": "@matrix_b:localhost", "content": {"membership": "join", "displayname": "matrix_b"}, "depth": 8, "prev_state": [], "state_key": "@matrix_b:localhost", "origin": "localhost", "origin_server_ts": 1598686328533, "hashes": {"sha256": "uTzAP3DsMrG8vtss7fDEFt+NvMlkJcrp1JpDI+zCYJw"}, "signatures": {"localhost": {"ed25519:a_snHR": "KebfBSToXNEpvTIjoOVA/dUohbdbS6NpSahz9yHvU1HfdpsPGqxwxrwMNuhXaRHzRO6hV0VNgIKyN09GaKNZCg"}}, "unsigned": {"age_ts": 1598686328533}}	3
$Svf91tyGyUuzelYH8bbzM6QXuI9Xcab-XMXjCrIgM5A	!dKcbdDATuwwphjRPQP:localhost	{"token_id": 5, "stream_ordering": 19}	{"auth_events": ["$P98vptI_jrNYKKnTTDYouThgohgHqJkD5Rcj0gDgxII", "$hEtlt0NU16h0ix9xBX0MDJR0g54ATEZ4S96udYzYBqs", "$Rczn5GeJ1aYMBU_oXSIF8ppVk8WEruaYIBA3FE7Yq88"], "prev_events": ["$4ZLf-3JRJMLLADbzome2n_5rZNEeHEFIo3w1xN4KKu0"], "type": "m.room.member", "room_id": "!dKcbdDATuwwphjRPQP:localhost", "sender": "@ignored_user:localhost", "content": {"membership": "join", "displayname": "ignored_user"}, "depth": 9, "prev_state": [], "state_key": "@ignored_user:localhost", "origin": "localhost", "origin_server_ts": 1598686328616, "hashes": {"sha256": "jMkusmfkT7UyF+M8kX/BlBE9cfKlzHtTJumYpcHpBus"}, "signatures": {"localhost": {"ed25519:a_snHR": "OqjM8HC+e4wgWSg64xtgWjy8XhQfXWRLcTO8eDmzywvsGEetzg2MbNi+8UeaO+k0HgySjOQdD+uU794G1VQcBA"}}, "unsigned": {"age_ts": 1598686328616}}	3
$llCtN-sfVC1IOdDQXgskgx4jl97hQHfKnEH-IP-lyvk	!kmbTYjjsDRDHGgVqUP:localhost	{"token_id": 4, "stream_ordering": 16}	{"auth_events": ["$BYyVCPyJh9PVJBsxDwm9NakGY19DlCJJ1GlCcYpTv8w", "$mBmRyyvP_Jc-LDi7_hiGD9QTu5XGVXqNMxZM4yDMQPU", "$G_m59AjH2Y1FX4D11JDsmEETfHGAWoknTIdv-_XYW2o"], "prev_events": ["$N33GyONpuSa3zRNJk1CtLYdhqJbhXBwSpAlUUm-zmB8"], "type": "m.room.member", "room_id": "!kmbTYjjsDRDHGgVqUP:localhost", "sender": "@matrix_b:localhost", "content": {"membership": "join", "displayname": "matrix_b"}, "depth": 8, "prev_state": [], "state_key": "@matrix_b:localhost", "origin": "localhost", "origin_server_ts": 1598686328493, "hashes": {"sha256": "cH8tXUk5lxa0k+40sn0aVCgn+JhxncHg3R/oYnHUDlU"}, "signatures": {"localhost": {"ed25519:a_snHR": "C43sosgS9LF5roZP7JiJGmrZR2O9nHvC+mPvYZ0+qDm58WLnmpjC0B8Y8Txye0OoW8HsBqxhJQf10txK8vI6CQ"}}, "unsigned": {"age_ts": 1598686328493}}	3
$hD2Z-BHkSscOTiftcJe1n-peOIsihQlQbtyjR2IkTmA	!kmbTYjjsDRDHGgVqUP:localhost	{"token_id": 5, "stream_ordering": 18}	{"auth_events": ["$BYyVCPyJh9PVJBsxDwm9NakGY19DlCJJ1GlCcYpTv8w", "$G_m59AjH2Y1FX4D11JDsmEETfHGAWoknTIdv-_XYW2o", "$mBmRyyvP_Jc-LDi7_hiGD9QTu5XGVXqNMxZM4yDMQPU"], "prev_events": ["$llCtN-sfVC1IOdDQXgskgx4jl97hQHfKnEH-IP-lyvk"], "type": "m.room.member", "room_id": "!kmbTYjjsDRDHGgVqUP:localhost", "sender": "@ignored_user:localhost", "content": {"membership": "join", "displayname": "ignored_user"}, "depth": 9, "prev_state": [], "state_key": "@ignored_user:localhost", "origin": "localhost", "origin_server_ts": 1598686328575, "hashes": {"sha256": "D/rwxkYqWZ03Kws7Xsq84khdp4oGHRGnOy4+XwM8dLA"}, "signatures": {"localhost": {"ed25519:a_snHR": "kXK8xKjLjJ97KcFQivelEBI1TR/au+bgtD6i2VPDp9LjRi1bVH/zb6YqHZetT0JYaGt3NY4iFeN0Qh0mD4zyAg"}}, "unsigned": {"age_ts": 1598686328575}}	3
$PkPxRt8GuXFqdWre9vyhqKHlRSqflC0cOSTBOims4qY	!kmbTYjjsDRDHGgVqUP:localhost	{"historical":false}	{"auth_events":["$BYyVCPyJh9PVJBsxDwm9NakGY19DlCJJ1GlCcYpTv8w","$mBmRyyvP_Jc-LDi7_hiGD9QTu5XGVXqNMxZM4yDMQPU","$G_m59AjH2Y1FX4D11JDsmEETfHGAWoknTIdv-_XYW2o"],"prev_events":["$hD2Z-BHkSscOTiftcJe1n-peOIsihQlQbtyjR2IkTmA"],"type":"m.room.member","room_id":"!kmbTYjjsDRDHGgVqUP:localhost","sender":"@matterbot:localhost","content":{"membership":"join","displayname":"Mattermost Bridge"},"depth":10,"prev_state":[],"state_key":"@matterbot:localhost","origin":"localhost","origin_server_ts":1673965923529,"hashes":{"sha256":"DWAxH6B2RNjRYSdxluBBpLiH2fDh2cQFbUvoHxqMpR4"},"signatures":{"localhost":{"ed25519:a_CHdg":"r6MNkwd4rT16masoPAgxemsEZVGA3666CiJWnQFa4IfQbTuhOMBeCAGjIvsdkTFcaaaJv54pIyqGX7mLk7h4BQ"}},"unsigned":{"age_ts":1673965923529}}	3
$jyfZsVYOTCt8az1WqRlL53b1lAQWjIj6-IvW1w3qYks	!dKcbdDATuwwphjRPQP:localhost	{"historical":false}	{"auth_events":["$P98vptI_jrNYKKnTTDYouThgohgHqJkD5Rcj0gDgxII","$Rczn5GeJ1aYMBU_oXSIF8ppVk8WEruaYIBA3FE7Yq88","$hEtlt0NU16h0ix9xBX0MDJR0g54ATEZ4S96udYzYBqs"],"prev_events":["$Svf91tyGyUuzelYH8bbzM6QXuI9Xcab-XMXjCrIgM5A"],"type":"m.room.member","room_id":"!dKcbdDATuwwphjRPQP:localhost","sender":"@matterbot:localhost","content":{"membership":"join","displayname":"Mattermost Bridge"},"depth":10,"prev_state":[],"state_key":"@matterbot:localhost","origin":"localhost","origin_server_ts":1673965923535,"hashes":{"sha256":"Miwrw2ipXe144XA8Z2ou0kSyQilNPWiQfxP5BIKjykA"},"signatures":{"localhost":{"ed25519:a_CHdg":"0F471xJlVuI1dLmbDZ9y+3yeXe3FKCV27JHsgaDN3zWBYSkjxCXQ9SrA3hPZZEdjK7HmtymM19lx/2u0dW/bBg"}},"unsigned":{"age_ts":1673965923535}}	3
$ARxMI5-TIkg2afPIDJsLgeSqCdrfbwBxm32e83QRfQ4	!kmbTYjjsDRDHGgVqUP:localhost	{"historical":false}	{"auth_events":["$mBmRyyvP_Jc-LDi7_hiGD9QTu5XGVXqNMxZM4yDMQPU","$PkPxRt8GuXFqdWre9vyhqKHlRSqflC0cOSTBOims4qY","$BYyVCPyJh9PVJBsxDwm9NakGY19DlCJJ1GlCcYpTv8w","$G_m59AjH2Y1FX4D11JDsmEETfHGAWoknTIdv-_XYW2o"],"prev_events":["$PkPxRt8GuXFqdWre9vyhqKHlRSqflC0cOSTBOims4qY"],"type":"m.room.member","room_id":"!kmbTYjjsDRDHGgVqUP:localhost","sender":"@matterbot:localhost","content":{"membership":"invite","displayname":"MattermostUser A [mm]"},"depth":11,"prev_state":[],"state_key":"@mm_mattermost_a:localhost","origin":"localhost","origin_server_ts":1673966482039,"hashes":{"sha256":"gZxRzkaCB8MJvi/5TfKZMzNFJgkGN7rA+0b60UestK0"},"signatures":{"localhost":{"ed25519:a_CHdg":"5K1YO79XL8G13DlU2rdna9ROCVhw69FJMLr140OI56U9sreWV9wYfLto9arMiQqg72oStChM767+ORiu/vjWCA"}},"unsigned":{"age_ts":1673966482039,"invite_room_state":[{"type":"m.room.canonical_alias","state_key":"","content":{"alias":"#town-square:localhost"},"sender":"@admin:localhost"},{"type":"m.room.create","state_key":"","content":{"room_version":"5","creator":"@admin:localhost"},"sender":"@admin:localhost"},{"type":"m.room.join_rules","state_key":"","content":{"join_rule":"public"},"sender":"@admin:localhost"},{"type":"m.room.member","state_key":"@matterbot:localhost","content":{"membership":"join","displayname":"Mattermost Bridge"},"sender":"@matterbot:localhost"}]}}	3
$nE3KmrZJdWnhQ2h6DgIB98qoLGnQlFFCvgSu4NS5FfA	!dKcbdDATuwwphjRPQP:localhost	{"historical":false}	{"auth_events":["$Rczn5GeJ1aYMBU_oXSIF8ppVk8WEruaYIBA3FE7Yq88","$jyfZsVYOTCt8az1WqRlL53b1lAQWjIj6-IvW1w3qYks","$P98vptI_jrNYKKnTTDYouThgohgHqJkD5Rcj0gDgxII","$hEtlt0NU16h0ix9xBX0MDJR0g54ATEZ4S96udYzYBqs"],"prev_events":["$jyfZsVYOTCt8az1WqRlL53b1lAQWjIj6-IvW1w3qYks"],"type":"m.room.member","room_id":"!dKcbdDATuwwphjRPQP:localhost","sender":"@matterbot:localhost","content":{"membership":"invite","displayname":"MattermostUser A [mm]"},"depth":11,"prev_state":[],"state_key":"@mm_mattermost_a:localhost","origin":"localhost","origin_server_ts":1673966482208,"hashes":{"sha256":"Oxd3TiRWsfBLB14WCjtQI62Xov4Afm5bDcG3HI3hHjk"},"signatures":{"localhost":{"ed25519:a_CHdg":"tGEkItLaQSWOGs0bpn9llpLDP/k+K9KfjU78bu+UEYEGSynQLJ3LKO1BWDjmBU3tRvhzbRJZKcJuURltGPgICA"}},"unsigned":{"age_ts":1673966482208,"invite_room_state":[{"type":"m.room.canonical_alias","state_key":"","content":{"alias":"#off-topic:localhost"},"sender":"@admin:localhost"},{"type":"m.room.create","state_key":"","content":{"room_version":"5","creator":"@admin:localhost"},"sender":"@admin:localhost"},{"type":"m.room.join_rules","state_key":"","content":{"join_rule":"public"},"sender":"@admin:localhost"},{"type":"m.room.member","state_key":"@matterbot:localhost","content":{"membership":"join","displayname":"Mattermost Bridge"},"sender":"@matterbot:localhost"}]}}	3
$mlRlSJ1S_x5OctD_Nck7tq-Fo2IC7iOhysac1uYo_PY	!kmbTYjjsDRDHGgVqUP:localhost	{"historical":false}	{"auth_events":["$mBmRyyvP_Jc-LDi7_hiGD9QTu5XGVXqNMxZM4yDMQPU","$PkPxRt8GuXFqdWre9vyhqKHlRSqflC0cOSTBOims4qY","$BYyVCPyJh9PVJBsxDwm9NakGY19DlCJJ1GlCcYpTv8w","$G_m59AjH2Y1FX4D11JDsmEETfHGAWoknTIdv-_XYW2o"],"prev_events":["$ARxMI5-TIkg2afPIDJsLgeSqCdrfbwBxm32e83QRfQ4"],"type":"m.room.member","room_id":"!kmbTYjjsDRDHGgVqUP:localhost","sender":"@matterbot:localhost","content":{"membership":"invite","displayname":"mattermost_b [mm]"},"depth":12,"prev_state":[],"state_key":"@mm_mattermost_b:localhost","origin":"localhost","origin_server_ts":1673966482334,"hashes":{"sha256":"oiHWHI/npZOLrvQeazntFnv9GcKaTXnRbuuGCN1i8VI"},"signatures":{"localhost":{"ed25519:a_CHdg":"SjytXnk7NYmg2Q9CYIXvNPomt44km2HWCDNelxnWAH9LM/FALE41m5HQVTSwphxq2snfaZrKzpO+wtwVC1FrBA"}},"unsigned":{"age_ts":1673966482334,"invite_room_state":[{"type":"m.room.canonical_alias","state_key":"","content":{"alias":"#town-square:localhost"},"sender":"@admin:localhost"},{"type":"m.room.create","state_key":"","content":{"room_version":"5","creator":"@admin:localhost"},"sender":"@admin:localhost"},{"type":"m.room.join_rules","state_key":"","content":{"join_rule":"public"},"sender":"@admin:localhost"},{"type":"m.room.member","state_key":"@matterbot:localhost","content":{"membership":"join","displayname":"Mattermost Bridge"},"sender":"@matterbot:localhost"}]}}	3
$pXbc3VIu5b4O4VzPRePQd4FjtqYPJLH87Ss7pZM-gRM	!kmbTYjjsDRDHGgVqUP:localhost	{"historical":false}	{"auth_events":["$BYyVCPyJh9PVJBsxDwm9NakGY19DlCJJ1GlCcYpTv8w","$mBmRyyvP_Jc-LDi7_hiGD9QTu5XGVXqNMxZM4yDMQPU","$ARxMI5-TIkg2afPIDJsLgeSqCdrfbwBxm32e83QRfQ4","$G_m59AjH2Y1FX4D11JDsmEETfHGAWoknTIdv-_XYW2o"],"prev_events":["$mlRlSJ1S_x5OctD_Nck7tq-Fo2IC7iOhysac1uYo_PY"],"type":"m.room.member","room_id":"!kmbTYjjsDRDHGgVqUP:localhost","sender":"@mm_mattermost_a:localhost","content":{"membership":"join","displayname":"MattermostUser A [mm]"},"depth":13,"prev_state":[],"state_key":"@mm_mattermost_a:localhost","origin":"localhost","origin_server_ts":1673966482533,"hashes":{"sha256":"uxEnad8Il/MjSo4hmvuNO5eqNh9Q0qVRUWXxcrj9IHE"},"signatures":{"localhost":{"ed25519:a_CHdg":"cnnqKrM3/AiunD7DC9CIL978gk6qWvLwZ363mFAh1vXguUnIS7NddXJEvRwTXAW4ndOlugOT+Wd9RFMLQdHXBw"}},"unsigned":{"age_ts":1673966482533,"replaces_state":"$ARxMI5-TIkg2afPIDJsLgeSqCdrfbwBxm32e83QRfQ4"}}	3
$Y86Vdmx2z1nvkEoTqBH7oAiLE_sHPFtNgI97gsUAwaY	!dKcbdDATuwwphjRPQP:localhost	{"historical":false}	{"auth_events":["$Rczn5GeJ1aYMBU_oXSIF8ppVk8WEruaYIBA3FE7Yq88","$jyfZsVYOTCt8az1WqRlL53b1lAQWjIj6-IvW1w3qYks","$P98vptI_jrNYKKnTTDYouThgohgHqJkD5Rcj0gDgxII","$hEtlt0NU16h0ix9xBX0MDJR0g54ATEZ4S96udYzYBqs"],"prev_events":["$nE3KmrZJdWnhQ2h6DgIB98qoLGnQlFFCvgSu4NS5FfA"],"type":"m.room.member","room_id":"!dKcbdDATuwwphjRPQP:localhost","sender":"@matterbot:localhost","content":{"membership":"invite","displayname":"mattermost_b [mm]"},"depth":12,"prev_state":[],"state_key":"@mm_mattermost_b:localhost","origin":"localhost","origin_server_ts":1673966482494,"hashes":{"sha256":"xGgQQsEn76Eo0E0LcFNdjcRN1sw0FAe5ZsSXQOwp9gA"},"signatures":{"localhost":{"ed25519:a_CHdg":"2iNr/9JB4CNNdgyZ8MQyuwerTqR0b/3AEYeWfL8/9bGwyXuVGtvqYdyZyJ8H5yIpl0ryWpLdt4IsGpFc+tNZCQ"}},"unsigned":{"age_ts":1673966482494,"invite_room_state":[{"type":"m.room.canonical_alias","state_key":"","content":{"alias":"#off-topic:localhost"},"sender":"@admin:localhost"},{"type":"m.room.create","state_key":"","content":{"room_version":"5","creator":"@admin:localhost"},"sender":"@admin:localhost"},{"type":"m.room.join_rules","state_key":"","content":{"join_rule":"public"},"sender":"@admin:localhost"},{"type":"m.room.member","state_key":"@matterbot:localhost","content":{"membership":"join","displayname":"Mattermost Bridge"},"sender":"@matterbot:localhost"}]}}	3
$YHxtZv4JfPzIJvBMvoTgzeITfTFFng_L_4ijJ1Q97k4	!dKcbdDATuwwphjRPQP:localhost	{"historical":false}	{"auth_events":["$P98vptI_jrNYKKnTTDYouThgohgHqJkD5Rcj0gDgxII","$Rczn5GeJ1aYMBU_oXSIF8ppVk8WEruaYIBA3FE7Yq88","$nE3KmrZJdWnhQ2h6DgIB98qoLGnQlFFCvgSu4NS5FfA","$hEtlt0NU16h0ix9xBX0MDJR0g54ATEZ4S96udYzYBqs"],"prev_events":["$Y86Vdmx2z1nvkEoTqBH7oAiLE_sHPFtNgI97gsUAwaY"],"type":"m.room.member","room_id":"!dKcbdDATuwwphjRPQP:localhost","sender":"@mm_mattermost_a:localhost","content":{"membership":"join","displayname":"MattermostUser A [mm]"},"depth":13,"prev_state":[],"state_key":"@mm_mattermost_a:localhost","origin":"localhost","origin_server_ts":1673966482750,"hashes":{"sha256":"nlAQ7BNPrZ4xcOh0tQLaNyzJyu4zWhQ55e/H1fB4w/w"},"signatures":{"localhost":{"ed25519:a_CHdg":"W7B6rMEoqvEEEFK3VyalD1kt1CbjFI2Aun7UsL55SSj+5H0dbkycMx0HMIdp0/CJZ3MRi5tR4xTV9JkfFerKBA"}},"unsigned":{"age_ts":1673966482750,"replaces_state":"$nE3KmrZJdWnhQ2h6DgIB98qoLGnQlFFCvgSu4NS5FfA"}}	3
$q7m8fkdDrp2QE9hRAHYIR_KN8htxYXW85pB3LgG-V2U	!kmbTYjjsDRDHGgVqUP:localhost	{"historical":false}	{"auth_events":["$G_m59AjH2Y1FX4D11JDsmEETfHGAWoknTIdv-_XYW2o","$BYyVCPyJh9PVJBsxDwm9NakGY19DlCJJ1GlCcYpTv8w","$mBmRyyvP_Jc-LDi7_hiGD9QTu5XGVXqNMxZM4yDMQPU","$mlRlSJ1S_x5OctD_Nck7tq-Fo2IC7iOhysac1uYo_PY"],"prev_events":["$pXbc3VIu5b4O4VzPRePQd4FjtqYPJLH87Ss7pZM-gRM"],"type":"m.room.member","room_id":"!kmbTYjjsDRDHGgVqUP:localhost","sender":"@mm_mattermost_b:localhost","content":{"membership":"join","displayname":"mattermost_b [mm]"},"depth":14,"prev_state":[],"state_key":"@mm_mattermost_b:localhost","origin":"localhost","origin_server_ts":1673966482710,"hashes":{"sha256":"w6mbVmsI7f2N6zhy1cmTNQoqYnQZUlWandmMo0bFDBs"},"signatures":{"localhost":{"ed25519:a_CHdg":"GT+k48EfW0pswiKk18JOGcWt8A2+wtuRT8oz2x4+WPE/YxptuGeI8kf/XjYrlfMZPrWxZ7y3514pS8LW7CYzAQ"}},"unsigned":{"age_ts":1673966482710,"replaces_state":"$mlRlSJ1S_x5OctD_Nck7tq-Fo2IC7iOhysac1uYo_PY"}}	3
$cH796vSd1hy4UBg8XHAqeUxz-u3gxer-uMeGrsirKbs	!dKcbdDATuwwphjRPQP:localhost	{"historical":false}	{"auth_events":["$hEtlt0NU16h0ix9xBX0MDJR0g54ATEZ4S96udYzYBqs","$P98vptI_jrNYKKnTTDYouThgohgHqJkD5Rcj0gDgxII","$Rczn5GeJ1aYMBU_oXSIF8ppVk8WEruaYIBA3FE7Yq88","$Y86Vdmx2z1nvkEoTqBH7oAiLE_sHPFtNgI97gsUAwaY"],"prev_events":["$YHxtZv4JfPzIJvBMvoTgzeITfTFFng_L_4ijJ1Q97k4"],"type":"m.room.member","room_id":"!dKcbdDATuwwphjRPQP:localhost","sender":"@mm_mattermost_b:localhost","content":{"membership":"join","displayname":"mattermost_b [mm]"},"depth":14,"prev_state":[],"state_key":"@mm_mattermost_b:localhost","origin":"localhost","origin_server_ts":1673966483038,"hashes":{"sha256":"6BJwKt1xopV6d8OJyDDQP7fx874jEjLmPcb3c8CNCgY"},"signatures":{"localhost":{"ed25519:a_CHdg":"AZt3VQ9ZYNtagCh7t5uB8OE9zXrJ9kIpFwOngj11SD9W4tude1AJJdNIas88NLVy8qgPQ6n4JKH4t4vrEsTZCg"}},"unsigned":{"age_ts":1673966483038,"replaces_state":"$Y86Vdmx2z1nvkEoTqBH7oAiLE_sHPFtNgI97gsUAwaY"}}	3
$5DYqRHQPE1SQt9QXHJodWH7x4Pztz3LTsgH1kdHawZs	!kmbTYjjsDRDHGgVqUP:localhost	{"token_id":9,"historical":false}	{"auth_events":["$BYyVCPyJh9PVJBsxDwm9NakGY19DlCJJ1GlCcYpTv8w","$mBmRyyvP_Jc-LDi7_hiGD9QTu5XGVXqNMxZM4yDMQPU","$G_m59AjH2Y1FX4D11JDsmEETfHGAWoknTIdv-_XYW2o"],"prev_events":["$q7m8fkdDrp2QE9hRAHYIR_KN8htxYXW85pB3LgG-V2U"],"type":"m.room.member","room_id":"!kmbTYjjsDRDHGgVqUP:localhost","sender":"@user1.matrix:localhost","content":{"membership":"join","displayname":"User 1 - Matrix"},"depth":15,"prev_state":[],"state_key":"@user1.matrix:localhost","origin":"localhost","origin_server_ts":1673968543297,"hashes":{"sha256":"eJIR5F4vht6QEYhq2nSt2PPEnnBTLZtD7sPvmPWQqmY"},"signatures":{"localhost":{"ed25519:a_CHdg":"mwxRYsx+wYeuk+3ukw8KZukj/68cVE/za5NnzgFtF/dk3BGMnkRfRAtTtXDvyrDI7nvqKZC2dXS4fa13ce+ACA"}},"unsigned":{"age_ts":1673968543297}}	3
$TKcINA6W5qTH8raDaFqEMBivZ0LjgXtIHGvxzJ9V4_8	!dKcbdDATuwwphjRPQP:localhost	{"token_id":9,"historical":false}	{"auth_events":["$P98vptI_jrNYKKnTTDYouThgohgHqJkD5Rcj0gDgxII","$Rczn5GeJ1aYMBU_oXSIF8ppVk8WEruaYIBA3FE7Yq88","$hEtlt0NU16h0ix9xBX0MDJR0g54ATEZ4S96udYzYBqs"],"prev_events":["$cH796vSd1hy4UBg8XHAqeUxz-u3gxer-uMeGrsirKbs"],"type":"m.room.member","room_id":"!dKcbdDATuwwphjRPQP:localhost","sender":"@user1.matrix:localhost","content":{"membership":"join","displayname":"User 1 - Matrix"},"depth":15,"prev_state":[],"state_key":"@user1.matrix:localhost","origin":"localhost","origin_server_ts":1673968600436,"hashes":{"sha256":"5KhFhmLZqCU2rUTBuynR1J4CG61BzTO1z4XMTA6y76w"},"signatures":{"localhost":{"ed25519:a_CHdg":"1XjE8XlG+2s82Raa0m6KKEIVQkjp8PAOGra/SYS8ZTVF754RoYS6OedL6d2pntVsTk2eMSeWDadU5KiJbTlQCg"}},"unsigned":{"age_ts":1673968600436}}	3
\.


--
-- Data for Name: event_labels; Type: TABLE DATA; Schema: public; Owner: synapse
--

COPY public.event_labels (event_id, label, room_id, topological_ordering) FROM stdin;
\.


--
-- Data for Name: event_push_actions; Type: TABLE DATA; Schema: public; Owner: synapse
--

COPY public.event_push_actions (room_id, event_id, user_id, profile_tag, actions, topological_ordering, stream_ordering, notif, highlight, unread) FROM stdin;
\.


--
-- Data for Name: event_push_actions_staging; Type: TABLE DATA; Schema: public; Owner: synapse
--

COPY public.event_push_actions_staging (event_id, user_id, actions, notif, highlight, unread) FROM stdin;
\.


--
-- Data for Name: event_push_summary; Type: TABLE DATA; Schema: public; Owner: synapse
--

COPY public.event_push_summary (user_id, room_id, notif_count, stream_ordering, unread_count) FROM stdin;
\.


--
-- Data for Name: event_push_summary_stream_ordering; Type: TABLE DATA; Schema: public; Owner: synapse
--

COPY public.event_push_summary_stream_ordering (lock, stream_ordering) FROM stdin;
X	20
\.


--
-- Data for Name: event_reference_hashes; Type: TABLE DATA; Schema: public; Owner: synapse
--

COPY public.event_reference_hashes (event_id, algorithm, hash) FROM stdin;
$mBmRyyvP_Jc-LDi7_hiGD9QTu5XGVXqNMxZM4yDMQPU	sha256	\\x981991cb2bcffc973e2c38bbfe18860fd413bb95c6557a8d33164ce320cc40f5
$_oKaaOfL7rFtPsAsxDmHrCY9sAzFjslRwkJ_QHxHDTw	sha256	\\xfe829a68e7cbeeb16d3ec02cc43987ac263db00cc58ec951c2427f407c470d3c
$BYyVCPyJh9PVJBsxDwm9NakGY19DlCJJ1GlCcYpTv8w	sha256	\\x058c9508fc8987d3d5241b310f09bd35a906635f43942249d46942718a53bfcc
$X8tdoEsXAgBC6gobCepAn3rwO8CJoQU6i9NN9Rzhukg	sha256	\\x5fcb5da04b17020042ea0a1b09ea409f7af03bc089a1053a8bd34df51ce1ba48
$G_m59AjH2Y1FX4D11JDsmEETfHGAWoknTIdv-_XYW2o	sha256	\\x1bf9b9f408c7d98d455f80f5d490ec9841137c71805a89274c876ffbf5d85b6a
$O5iO4EII22igkDq5cMKHFB-SGIYD0KqJQXZohS2Dzc0	sha256	\\x3b988ee04208db68a0903ab970c287141f92188603d0aa89417668852d83cdcd
$Rczn5GeJ1aYMBU_oXSIF8ppVk8WEruaYIBA3FE7Yq88	sha256	\\x45cce7e46789d5a60c054fe85d2205f29a5593c584aee698201037144ed8abcf
$PeAJ6BypXjJegHiUjcYe-I6Cf4NuCPICi_yUb-fyauA	sha256	\\x3de009e81ca95e325e8078948dc61ef88e827f836e08f2028bfc946fe7f26ae0
$P98vptI_jrNYKKnTTDYouThgohgHqJkD5Rcj0gDgxII	sha256	\\x3fdf2fa6d23f8eb35828a9d34c3628b93860a21807a89903e51723d200e0c482
$b__a7rX3L5YpX7nAZte73DAbjtXZK48JH8VKSnGOKKw	sha256	\\x6fffdaeeb5f72f96295fb9c066d7bbdc301b8ed5d92b8f091fc54a4a718e28ac
$hEtlt0NU16h0ix9xBX0MDJR0g54ATEZ4S96udYzYBqs	sha256	\\x844b65b74354d7a8748b1f71057d0c0c9474839e004c46784bdeae758cd806ab
$TVnvv0nGbLydCBtMmTTz-htMsoI4hmxCr3s9AHyFGHQ	sha256	\\x4d59efbf49c66cbc9d081b4c9934f3fa1b4cb28238866c42af7b3d007c851874
$N33GyONpuSa3zRNJk1CtLYdhqJbhXBwSpAlUUm-zmB8	sha256	\\x377dc6c8e369b926b7cd13499350ad2d8761a896e15c1c12a40954526fb3981f
$wd-zBsOV9K_8HbhPARZ91kf5cfZwLKRi7yBBGGNUAb0	sha256	\\xc1dfb306c395f4affc1db84f01167dd647f971f6702ca462ef204118635401bd
$llCtN-sfVC1IOdDQXgskgx4jl97hQHfKnEH-IP-lyvk	sha256	\\x9650ad37eb1f542d4839d0d05e0b24831e2397dee14077ca9c41fe20ffa5caf9
$4ZLf-3JRJMLLADbzome2n_5rZNEeHEFIo3w1xN4KKu0	sha256	\\xe192dffb725124c2cb0036f3a267b69ffe6b64d11e1c4148a37c35c4de0a2aed
$hD2Z-BHkSscOTiftcJe1n-peOIsihQlQbtyjR2IkTmA	sha256	\\x843d99f811e44ac70e4e27ed7097b59fea5e388b228509506edca34762244e60
$Svf91tyGyUuzelYH8bbzM6QXuI9Xcab-XMXjCrIgM5A	sha256	\\x4af7fdd6dc86c94bb37a5607f1b6f333a417b88f5771a6fe5cc5e30ab2203390
$jyfZsVYOTCt8az1WqRlL53b1lAQWjIj6-IvW1w3qYks	sha256	\\x8f27d9b1560e4c2b7c6b3d56a9194be776f59404168c88faf88bd6d70dea624b
$PkPxRt8GuXFqdWre9vyhqKHlRSqflC0cOSTBOims4qY	sha256	\\x3e43f146df06b9716a756adef6fca1a8a1e5452a9f942d1c3924c13a29ace2a6
$ARxMI5-TIkg2afPIDJsLgeSqCdrfbwBxm32e83QRfQ4	sha256	\\x011c4c239f9322483669f3c80c9b0b81e4aa09dadf6f00719b7d9ef374117d0e
$nE3KmrZJdWnhQ2h6DgIB98qoLGnQlFFCvgSu4NS5FfA	sha256	\\x9c4dca9ab6497569e143687a0e0201f7caa82c69d0945142be04aee0d4b915f0
$mlRlSJ1S_x5OctD_Nck7tq-Fo2IC7iOhysac1uYo_PY	sha256	\\x9a5465489d52ff1e4e72d0ff35c93bb6af85a36202ee23a1cac69cd6e628fcf6
$pXbc3VIu5b4O4VzPRePQd4FjtqYPJLH87Ss7pZM-gRM	sha256	\\xa576dcdd522ee5be0ee15ccf45e3d0778163b6a60f24b1fced2b3ba5933e8113
$Y86Vdmx2z1nvkEoTqBH7oAiLE_sHPFtNgI97gsUAwaY	sha256	\\x63ce95766c76cf59ef904a13a811fba0088b13fb073c5b4d808f7b82c500c1a6
$YHxtZv4JfPzIJvBMvoTgzeITfTFFng_L_4ijJ1Q97k4	sha256	\\x607c6d66fe097cfcc826f04cbe84e0cde2137d31459e0fcbff88a327543dee4e
$q7m8fkdDrp2QE9hRAHYIR_KN8htxYXW85pB3LgG-V2U	sha256	\\xabb9bc7e4743ae9d9013d85100760847f28df21b716175bce690772e01be5765
$cH796vSd1hy4UBg8XHAqeUxz-u3gxer-uMeGrsirKbs	sha256	\\x707efdeaf49dd61cb850183c5c702a794c73faede0c5eafeb8c786aec8ab29bb
$5DYqRHQPE1SQt9QXHJodWH7x4Pztz3LTsgH1kdHawZs	sha256	\\xe4362a44740f135490b7d4171c9a1d587ef1e0fcedcf72d3b201f591d1dac19b
$TKcINA6W5qTH8raDaFqEMBivZ0LjgXtIHGvxzJ9V4_8	sha256	\\x4ca708340e96e6a4c7f2b683685a843018af6742e3817b481c6bf1cc9f55e3ff
\.


--
-- Data for Name: event_relations; Type: TABLE DATA; Schema: public; Owner: synapse
--

COPY public.event_relations (event_id, relates_to_id, relation_type, aggregation_key) FROM stdin;
\.


--
-- Data for Name: event_reports; Type: TABLE DATA; Schema: public; Owner: synapse
--

COPY public.event_reports (id, received_ts, room_id, event_id, user_id, reason, content) FROM stdin;
\.


--
-- Data for Name: event_search; Type: TABLE DATA; Schema: public; Owner: synapse
--

COPY public.event_search (event_id, room_id, sender, key, vector, origin_server_ts, stream_ordering) FROM stdin;
\.


--
-- Data for Name: event_to_state_groups; Type: TABLE DATA; Schema: public; Owner: synapse
--

COPY public.event_to_state_groups (event_id, state_group) FROM stdin;
$mBmRyyvP_Jc-LDi7_hiGD9QTu5XGVXqNMxZM4yDMQPU	2
$_oKaaOfL7rFtPsAsxDmHrCY9sAzFjslRwkJ_QHxHDTw	3
$BYyVCPyJh9PVJBsxDwm9NakGY19DlCJJ1GlCcYpTv8w	4
$X8tdoEsXAgBC6gobCepAn3rwO8CJoQU6i9NN9Rzhukg	5
$G_m59AjH2Y1FX4D11JDsmEETfHGAWoknTIdv-_XYW2o	6
$O5iO4EII22igkDq5cMKHFB-SGIYD0KqJQXZohS2Dzc0	7
$Rczn5GeJ1aYMBU_oXSIF8ppVk8WEruaYIBA3FE7Yq88	9
$PeAJ6BypXjJegHiUjcYe-I6Cf4NuCPICi_yUb-fyauA	10
$P98vptI_jrNYKKnTTDYouThgohgHqJkD5Rcj0gDgxII	11
$b__a7rX3L5YpX7nAZte73DAbjtXZK48JH8VKSnGOKKw	12
$hEtlt0NU16h0ix9xBX0MDJR0g54ATEZ4S96udYzYBqs	13
$TVnvv0nGbLydCBtMmTTz-htMsoI4hmxCr3s9AHyFGHQ	14
$N33GyONpuSa3zRNJk1CtLYdhqJbhXBwSpAlUUm-zmB8	15
$wd-zBsOV9K_8HbhPARZ91kf5cfZwLKRi7yBBGGNUAb0	16
$llCtN-sfVC1IOdDQXgskgx4jl97hQHfKnEH-IP-lyvk	17
$4ZLf-3JRJMLLADbzome2n_5rZNEeHEFIo3w1xN4KKu0	18
$hD2Z-BHkSscOTiftcJe1n-peOIsihQlQbtyjR2IkTmA	19
$Svf91tyGyUuzelYH8bbzM6QXuI9Xcab-XMXjCrIgM5A	20
$PkPxRt8GuXFqdWre9vyhqKHlRSqflC0cOSTBOims4qY	21
$jyfZsVYOTCt8az1WqRlL53b1lAQWjIj6-IvW1w3qYks	22
$ARxMI5-TIkg2afPIDJsLgeSqCdrfbwBxm32e83QRfQ4	27
$nE3KmrZJdWnhQ2h6DgIB98qoLGnQlFFCvgSu4NS5FfA	28
$mlRlSJ1S_x5OctD_Nck7tq-Fo2IC7iOhysac1uYo_PY	29
$Y86Vdmx2z1nvkEoTqBH7oAiLE_sHPFtNgI97gsUAwaY	30
$pXbc3VIu5b4O4VzPRePQd4FjtqYPJLH87Ss7pZM-gRM	31
$q7m8fkdDrp2QE9hRAHYIR_KN8htxYXW85pB3LgG-V2U	32
$YHxtZv4JfPzIJvBMvoTgzeITfTFFng_L_4ijJ1Q97k4	33
$cH796vSd1hy4UBg8XHAqeUxz-u3gxer-uMeGrsirKbs	34
$5DYqRHQPE1SQt9QXHJodWH7x4Pztz3LTsgH1kdHawZs	35
$TKcINA6W5qTH8raDaFqEMBivZ0LjgXtIHGvxzJ9V4_8	38
\.


--
-- Data for Name: event_txn_id; Type: TABLE DATA; Schema: public; Owner: synapse
--

COPY public.event_txn_id (event_id, room_id, user_id, token_id, txn_id, inserted_ts) FROM stdin;
\.


--
-- Data for Name: events; Type: TABLE DATA; Schema: public; Owner: synapse
--

COPY public.events (topological_ordering, event_id, type, room_id, content, unrecognized_keys, processed, outlier, depth, origin_server_ts, received_ts, sender, contains_url, instance_name, stream_ordering) FROM stdin;
1	$mBmRyyvP_Jc-LDi7_hiGD9QTu5XGVXqNMxZM4yDMQPU	m.room.create	!kmbTYjjsDRDHGgVqUP:localhost	\N	\N	t	f	1	1598686327756	1598686327770	@admin:localhost	f	\N	2
2	$_oKaaOfL7rFtPsAsxDmHrCY9sAzFjslRwkJ_QHxHDTw	m.room.member	!kmbTYjjsDRDHGgVqUP:localhost	\N	\N	t	f	2	1598686327803	1598686327820	@admin:localhost	f	\N	3
3	$BYyVCPyJh9PVJBsxDwm9NakGY19DlCJJ1GlCcYpTv8w	m.room.power_levels	!kmbTYjjsDRDHGgVqUP:localhost	\N	\N	t	f	3	1598686327849	1598686327860	@admin:localhost	f	\N	4
4	$X8tdoEsXAgBC6gobCepAn3rwO8CJoQU6i9NN9Rzhukg	m.room.canonical_alias	!kmbTYjjsDRDHGgVqUP:localhost	\N	\N	t	f	4	1598686327933	1598686327989	@admin:localhost	f	\N	5
5	$G_m59AjH2Y1FX4D11JDsmEETfHGAWoknTIdv-_XYW2o	m.room.join_rules	!kmbTYjjsDRDHGgVqUP:localhost	\N	\N	t	f	5	1598686328055	1598686328083	@admin:localhost	f	\N	6
6	$O5iO4EII22igkDq5cMKHFB-SGIYD0KqJQXZohS2Dzc0	m.room.history_visibility	!kmbTYjjsDRDHGgVqUP:localhost	\N	\N	t	f	6	1598686328127	1598686328156	@admin:localhost	f	\N	7
1	$Rczn5GeJ1aYMBU_oXSIF8ppVk8WEruaYIBA3FE7Yq88	m.room.create	!dKcbdDATuwwphjRPQP:localhost	\N	\N	t	f	1	1598686328210	1598686328221	@admin:localhost	f	\N	8
2	$PeAJ6BypXjJegHiUjcYe-I6Cf4NuCPICi_yUb-fyauA	m.room.member	!dKcbdDATuwwphjRPQP:localhost	\N	\N	t	f	2	1598686328245	1598686328258	@admin:localhost	f	\N	9
3	$P98vptI_jrNYKKnTTDYouThgohgHqJkD5Rcj0gDgxII	m.room.power_levels	!dKcbdDATuwwphjRPQP:localhost	\N	\N	t	f	3	1598686328280	1598686328291	@admin:localhost	f	\N	10
4	$b__a7rX3L5YpX7nAZte73DAbjtXZK48JH8VKSnGOKKw	m.room.canonical_alias	!dKcbdDATuwwphjRPQP:localhost	\N	\N	t	f	4	1598686328305	1598686328319	@admin:localhost	f	\N	11
5	$hEtlt0NU16h0ix9xBX0MDJR0g54ATEZ4S96udYzYBqs	m.room.join_rules	!dKcbdDATuwwphjRPQP:localhost	\N	\N	t	f	5	1598686328338	1598686328349	@admin:localhost	f	\N	12
6	$TVnvv0nGbLydCBtMmTTz-htMsoI4hmxCr3s9AHyFGHQ	m.room.history_visibility	!dKcbdDATuwwphjRPQP:localhost	\N	\N	t	f	6	1598686328366	1598686328379	@admin:localhost	f	\N	13
7	$N33GyONpuSa3zRNJk1CtLYdhqJbhXBwSpAlUUm-zmB8	m.room.member	!kmbTYjjsDRDHGgVqUP:localhost	\N	\N	t	f	7	1598686328406	1598686328420	@matrix_a:localhost	f	\N	14
7	$wd-zBsOV9K_8HbhPARZ91kf5cfZwLKRi7yBBGGNUAb0	m.room.member	!dKcbdDATuwwphjRPQP:localhost	\N	\N	t	f	7	1598686328450	1598686328461	@matrix_a:localhost	f	\N	15
8	$llCtN-sfVC1IOdDQXgskgx4jl97hQHfKnEH-IP-lyvk	m.room.member	!kmbTYjjsDRDHGgVqUP:localhost	\N	\N	t	f	8	1598686328493	1598686328506	@matrix_b:localhost	f	\N	16
8	$4ZLf-3JRJMLLADbzome2n_5rZNEeHEFIo3w1xN4KKu0	m.room.member	!dKcbdDATuwwphjRPQP:localhost	\N	\N	t	f	8	1598686328533	1598686328544	@matrix_b:localhost	f	\N	17
9	$hD2Z-BHkSscOTiftcJe1n-peOIsihQlQbtyjR2IkTmA	m.room.member	!kmbTYjjsDRDHGgVqUP:localhost	\N	\N	t	f	9	1598686328575	1598686328587	@ignored_user:localhost	f	\N	18
9	$Svf91tyGyUuzelYH8bbzM6QXuI9Xcab-XMXjCrIgM5A	m.room.member	!dKcbdDATuwwphjRPQP:localhost	\N	\N	t	f	9	1598686328616	1598686328628	@ignored_user:localhost	f	\N	19
10	$PkPxRt8GuXFqdWre9vyhqKHlRSqflC0cOSTBOims4qY	m.room.member	!kmbTYjjsDRDHGgVqUP:localhost	\N	\N	t	f	10	1673965923529	1673965923627	@matterbot:localhost	f	master	20
10	$jyfZsVYOTCt8az1WqRlL53b1lAQWjIj6-IvW1w3qYks	m.room.member	!dKcbdDATuwwphjRPQP:localhost	\N	\N	t	f	10	1673965923535	1673965923629	@matterbot:localhost	f	master	21
11	$ARxMI5-TIkg2afPIDJsLgeSqCdrfbwBxm32e83QRfQ4	m.room.member	!kmbTYjjsDRDHGgVqUP:localhost	\N	\N	t	f	11	1673966482039	1673966482136	@matterbot:localhost	f	master	22
11	$nE3KmrZJdWnhQ2h6DgIB98qoLGnQlFFCvgSu4NS5FfA	m.room.member	!dKcbdDATuwwphjRPQP:localhost	\N	\N	t	f	11	1673966482208	1673966482325	@matterbot:localhost	f	master	23
12	$mlRlSJ1S_x5OctD_Nck7tq-Fo2IC7iOhysac1uYo_PY	m.room.member	!kmbTYjjsDRDHGgVqUP:localhost	\N	\N	t	f	12	1673966482334	1673966482378	@matterbot:localhost	f	master	24
12	$Y86Vdmx2z1nvkEoTqBH7oAiLE_sHPFtNgI97gsUAwaY	m.room.member	!dKcbdDATuwwphjRPQP:localhost	\N	\N	t	f	12	1673966482494	1673966482568	@matterbot:localhost	f	master	25
13	$pXbc3VIu5b4O4VzPRePQd4FjtqYPJLH87Ss7pZM-gRM	m.room.member	!kmbTYjjsDRDHGgVqUP:localhost	\N	\N	t	f	13	1673966482533	1673966482577	@mm_mattermost_a:localhost	f	master	26
14	$q7m8fkdDrp2QE9hRAHYIR_KN8htxYXW85pB3LgG-V2U	m.room.member	!kmbTYjjsDRDHGgVqUP:localhost	\N	\N	t	f	14	1673966482710	1673966482783	@mm_mattermost_b:localhost	f	master	27
13	$YHxtZv4JfPzIJvBMvoTgzeITfTFFng_L_4ijJ1Q97k4	m.room.member	!dKcbdDATuwwphjRPQP:localhost	\N	\N	t	f	13	1673966482750	1673966482785	@mm_mattermost_a:localhost	f	master	28
14	$cH796vSd1hy4UBg8XHAqeUxz-u3gxer-uMeGrsirKbs	m.room.member	!dKcbdDATuwwphjRPQP:localhost	\N	\N	t	f	14	1673966483038	1673966483150	@mm_mattermost_b:localhost	f	master	29
15	$5DYqRHQPE1SQt9QXHJodWH7x4Pztz3LTsgH1kdHawZs	m.room.member	!kmbTYjjsDRDHGgVqUP:localhost	\N	\N	t	f	15	1673968543297	1673968543336	@user1.matrix:localhost	f	master	30
15	$TKcINA6W5qTH8raDaFqEMBivZ0LjgXtIHGvxzJ9V4_8	m.room.member	!dKcbdDATuwwphjRPQP:localhost	\N	\N	t	f	15	1673968600436	1673968600473	@user1.matrix:localhost	f	master	31
\.


--
-- Data for Name: ex_outlier_stream; Type: TABLE DATA; Schema: public; Owner: synapse
--

COPY public.ex_outlier_stream (event_stream_ordering, event_id, state_group, instance_name) FROM stdin;
\.


--
-- Data for Name: federation_inbound_events_staging; Type: TABLE DATA; Schema: public; Owner: synapse
--

COPY public.federation_inbound_events_staging (origin, room_id, event_id, received_ts, event_json, internal_metadata) FROM stdin;
\.


--
-- Data for Name: federation_stream_position; Type: TABLE DATA; Schema: public; Owner: synapse
--

COPY public.federation_stream_position (type, stream_id, instance_name) FROM stdin;
federation	-1	master
events	31	master
\.


--
-- Data for Name: group_attestations_remote; Type: TABLE DATA; Schema: public; Owner: synapse
--

COPY public.group_attestations_remote (group_id, user_id, valid_until_ms, attestation_json) FROM stdin;
\.


--
-- Data for Name: group_attestations_renewals; Type: TABLE DATA; Schema: public; Owner: synapse
--

COPY public.group_attestations_renewals (group_id, user_id, valid_until_ms) FROM stdin;
\.


--
-- Data for Name: group_invites; Type: TABLE DATA; Schema: public; Owner: synapse
--

COPY public.group_invites (group_id, user_id) FROM stdin;
\.


--
-- Data for Name: group_roles; Type: TABLE DATA; Schema: public; Owner: synapse
--

COPY public.group_roles (group_id, role_id, profile, is_public) FROM stdin;
\.


--
-- Data for Name: group_room_categories; Type: TABLE DATA; Schema: public; Owner: synapse
--

COPY public.group_room_categories (group_id, category_id, profile, is_public) FROM stdin;
\.


--
-- Data for Name: group_rooms; Type: TABLE DATA; Schema: public; Owner: synapse
--

COPY public.group_rooms (group_id, room_id, is_public) FROM stdin;
\.


--
-- Data for Name: group_summary_roles; Type: TABLE DATA; Schema: public; Owner: synapse
--

COPY public.group_summary_roles (group_id, role_id, role_order) FROM stdin;
\.


--
-- Data for Name: group_summary_room_categories; Type: TABLE DATA; Schema: public; Owner: synapse
--

COPY public.group_summary_room_categories (group_id, category_id, cat_order) FROM stdin;
\.


--
-- Data for Name: group_summary_rooms; Type: TABLE DATA; Schema: public; Owner: synapse
--

COPY public.group_summary_rooms (group_id, room_id, category_id, room_order, is_public) FROM stdin;
\.


--
-- Data for Name: group_summary_users; Type: TABLE DATA; Schema: public; Owner: synapse
--

COPY public.group_summary_users (group_id, user_id, role_id, user_order, is_public) FROM stdin;
\.


--
-- Data for Name: group_users; Type: TABLE DATA; Schema: public; Owner: synapse
--

COPY public.group_users (group_id, user_id, is_admin, is_public) FROM stdin;
\.


--
-- Data for Name: groups; Type: TABLE DATA; Schema: public; Owner: synapse
--

COPY public.groups (group_id, name, avatar_url, short_description, long_description, is_public, join_policy) FROM stdin;
\.


--
-- Data for Name: ignored_users; Type: TABLE DATA; Schema: public; Owner: synapse
--

COPY public.ignored_users (ignorer_user_id, ignored_user_id) FROM stdin;
\.


--
-- Data for Name: insertion_event_edges; Type: TABLE DATA; Schema: public; Owner: synapse
--

COPY public.insertion_event_edges (event_id, room_id, insertion_prev_event_id) FROM stdin;
\.


--
-- Data for Name: insertion_event_extremities; Type: TABLE DATA; Schema: public; Owner: synapse
--

COPY public.insertion_event_extremities (event_id, room_id) FROM stdin;
\.


--
-- Data for Name: insertion_events; Type: TABLE DATA; Schema: public; Owner: synapse
--

COPY public.insertion_events (event_id, room_id, next_batch_id) FROM stdin;
\.


--
-- Data for Name: instance_map; Type: TABLE DATA; Schema: public; Owner: synapse
--

COPY public.instance_map (instance_id, instance_name) FROM stdin;
\.


--
-- Data for Name: local_current_membership; Type: TABLE DATA; Schema: public; Owner: synapse
--

COPY public.local_current_membership (room_id, user_id, event_id, membership) FROM stdin;
!kmbTYjjsDRDHGgVqUP:localhost	@admin:localhost	$_oKaaOfL7rFtPsAsxDmHrCY9sAzFjslRwkJ_QHxHDTw	join
!dKcbdDATuwwphjRPQP:localhost	@admin:localhost	$PeAJ6BypXjJegHiUjcYe-I6Cf4NuCPICi_yUb-fyauA	join
!kmbTYjjsDRDHGgVqUP:localhost	@matrix_a:localhost	$N33GyONpuSa3zRNJk1CtLYdhqJbhXBwSpAlUUm-zmB8	join
!dKcbdDATuwwphjRPQP:localhost	@matrix_a:localhost	$wd-zBsOV9K_8HbhPARZ91kf5cfZwLKRi7yBBGGNUAb0	join
!kmbTYjjsDRDHGgVqUP:localhost	@matrix_b:localhost	$llCtN-sfVC1IOdDQXgskgx4jl97hQHfKnEH-IP-lyvk	join
!dKcbdDATuwwphjRPQP:localhost	@matrix_b:localhost	$4ZLf-3JRJMLLADbzome2n_5rZNEeHEFIo3w1xN4KKu0	join
!kmbTYjjsDRDHGgVqUP:localhost	@ignored_user:localhost	$hD2Z-BHkSscOTiftcJe1n-peOIsihQlQbtyjR2IkTmA	join
!dKcbdDATuwwphjRPQP:localhost	@ignored_user:localhost	$Svf91tyGyUuzelYH8bbzM6QXuI9Xcab-XMXjCrIgM5A	join
!dKcbdDATuwwphjRPQP:localhost	@matterbot:localhost	$jyfZsVYOTCt8az1WqRlL53b1lAQWjIj6-IvW1w3qYks	join
!kmbTYjjsDRDHGgVqUP:localhost	@matterbot:localhost	$PkPxRt8GuXFqdWre9vyhqKHlRSqflC0cOSTBOims4qY	join
!kmbTYjjsDRDHGgVqUP:localhost	@mm_mattermost_a:localhost	$pXbc3VIu5b4O4VzPRePQd4FjtqYPJLH87Ss7pZM-gRM	join
!dKcbdDATuwwphjRPQP:localhost	@mm_mattermost_a:localhost	$YHxtZv4JfPzIJvBMvoTgzeITfTFFng_L_4ijJ1Q97k4	join
!kmbTYjjsDRDHGgVqUP:localhost	@mm_mattermost_b:localhost	$q7m8fkdDrp2QE9hRAHYIR_KN8htxYXW85pB3LgG-V2U	join
!dKcbdDATuwwphjRPQP:localhost	@mm_mattermost_b:localhost	$cH796vSd1hy4UBg8XHAqeUxz-u3gxer-uMeGrsirKbs	join
!kmbTYjjsDRDHGgVqUP:localhost	@user1.matrix:localhost	$5DYqRHQPE1SQt9QXHJodWH7x4Pztz3LTsgH1kdHawZs	join
!dKcbdDATuwwphjRPQP:localhost	@user1.matrix:localhost	$TKcINA6W5qTH8raDaFqEMBivZ0LjgXtIHGvxzJ9V4_8	join
\.


--
-- Data for Name: local_group_membership; Type: TABLE DATA; Schema: public; Owner: synapse
--

COPY public.local_group_membership (group_id, user_id, is_admin, membership, is_publicised, content) FROM stdin;
\.


--
-- Data for Name: local_group_updates; Type: TABLE DATA; Schema: public; Owner: synapse
--

COPY public.local_group_updates (stream_id, group_id, user_id, type, content) FROM stdin;
\.


--
-- Data for Name: local_media_repository; Type: TABLE DATA; Schema: public; Owner: synapse
--

COPY public.local_media_repository (media_id, media_type, media_length, created_ts, upload_name, user_id, quarantined_by, url_cache, last_access_ts, safe_from_quarantine) FROM stdin;
\.


--
-- Data for Name: local_media_repository_thumbnails; Type: TABLE DATA; Schema: public; Owner: synapse
--

COPY public.local_media_repository_thumbnails (media_id, thumbnail_width, thumbnail_height, thumbnail_type, thumbnail_method, thumbnail_length) FROM stdin;
\.


--
-- Data for Name: local_media_repository_url_cache; Type: TABLE DATA; Schema: public; Owner: synapse
--

COPY public.local_media_repository_url_cache (url, response_code, etag, expires_ts, og, media_id, download_ts) FROM stdin;
\.


--
-- Data for Name: monthly_active_users; Type: TABLE DATA; Schema: public; Owner: synapse
--

COPY public.monthly_active_users (user_id, "timestamp") FROM stdin;
\.


--
-- Data for Name: open_id_tokens; Type: TABLE DATA; Schema: public; Owner: synapse
--

COPY public.open_id_tokens (token, ts_valid_until_ms, user_id) FROM stdin;
\.


--
-- Data for Name: presence; Type: TABLE DATA; Schema: public; Owner: synapse
--

COPY public.presence (user_id, state, status_msg, mtime) FROM stdin;
\.


--
-- Data for Name: presence_stream; Type: TABLE DATA; Schema: public; Owner: synapse
--

COPY public.presence_stream (stream_id, user_id, state, last_active_ts, last_federation_update_ts, last_user_sync_ts, status_msg, currently_active, instance_name) FROM stdin;
7	@user1.matrix:localhost	online	1673968631244	1673968536471	1673968631245	\N	t	master
\.


--
-- Data for Name: profiles; Type: TABLE DATA; Schema: public; Owner: synapse
--

COPY public.profiles (user_id, displayname, avatar_url) FROM stdin;
admin	Admin User	\N
matrix_a	Matrix UserA	\N
matrix_b	matrix_b	\N
ignored_user	ignored_user	\N
matterbot	Mattermost Bridge	\N
mm_mattermost_a	MattermostUser A [mm]	\N
mm_mattermost_b	mattermost_b [mm]	\N
user1.matrix	User 1 - Matrix	\N
\.


--
-- Data for Name: public_room_list_stream; Type: TABLE DATA; Schema: public; Owner: synapse
--

COPY public.public_room_list_stream (stream_id, room_id, visibility, appservice_id, network_id) FROM stdin;
\.


--
-- Data for Name: push_rules; Type: TABLE DATA; Schema: public; Owner: synapse
--

COPY public.push_rules (id, user_name, rule_id, priority_class, priority, conditions, actions) FROM stdin;
\.


--
-- Data for Name: push_rules_enable; Type: TABLE DATA; Schema: public; Owner: synapse
--

COPY public.push_rules_enable (id, user_name, rule_id, enabled) FROM stdin;
\.


--
-- Data for Name: push_rules_stream; Type: TABLE DATA; Schema: public; Owner: synapse
--

COPY public.push_rules_stream (stream_id, event_stream_ordering, user_id, rule_id, op, priority_class, priority, conditions, actions) FROM stdin;
\.


--
-- Data for Name: pusher_throttle; Type: TABLE DATA; Schema: public; Owner: synapse
--

COPY public.pusher_throttle (pusher, room_id, last_sent_ts, throttle_ms) FROM stdin;
\.


--
-- Data for Name: pushers; Type: TABLE DATA; Schema: public; Owner: synapse
--

COPY public.pushers (id, user_name, access_token, profile_tag, kind, app_id, app_display_name, device_display_name, pushkey, ts, lang, data, last_stream_ordering, last_success, failing_since) FROM stdin;
\.


--
-- Data for Name: ratelimit_override; Type: TABLE DATA; Schema: public; Owner: synapse
--

COPY public.ratelimit_override (user_id, messages_per_second, burst_count) FROM stdin;
\.


--
-- Data for Name: receipts_graph; Type: TABLE DATA; Schema: public; Owner: synapse
--

COPY public.receipts_graph (room_id, receipt_type, user_id, event_ids, data) FROM stdin;
\.


--
-- Data for Name: receipts_linearized; Type: TABLE DATA; Schema: public; Owner: synapse
--

COPY public.receipts_linearized (stream_id, room_id, receipt_type, user_id, event_id, data, instance_name) FROM stdin;
\.


--
-- Data for Name: received_transactions; Type: TABLE DATA; Schema: public; Owner: synapse
--

COPY public.received_transactions (transaction_id, origin, ts, response_code, response_json, has_been_referenced) FROM stdin;
\.


--
-- Data for Name: redactions; Type: TABLE DATA; Schema: public; Owner: synapse
--

COPY public.redactions (event_id, redacts, have_censored, received_ts) FROM stdin;
\.


--
-- Data for Name: refresh_tokens; Type: TABLE DATA; Schema: public; Owner: synapse
--

COPY public.refresh_tokens (id, user_id, device_id, token, next_token_id) FROM stdin;
\.


--
-- Data for Name: registration_tokens; Type: TABLE DATA; Schema: public; Owner: synapse
--

COPY public.registration_tokens (token, uses_allowed, pending, completed, expiry_time) FROM stdin;
\.


--
-- Data for Name: rejections; Type: TABLE DATA; Schema: public; Owner: synapse
--

COPY public.rejections (event_id, reason, last_check) FROM stdin;
\.


--
-- Data for Name: remote_media_cache; Type: TABLE DATA; Schema: public; Owner: synapse
--

COPY public.remote_media_cache (media_origin, media_id, media_type, created_ts, upload_name, media_length, filesystem_id, last_access_ts, quarantined_by) FROM stdin;
\.


--
-- Data for Name: remote_media_cache_thumbnails; Type: TABLE DATA; Schema: public; Owner: synapse
--

COPY public.remote_media_cache_thumbnails (media_origin, media_id, thumbnail_width, thumbnail_height, thumbnail_method, thumbnail_type, thumbnail_length, filesystem_id) FROM stdin;
\.


--
-- Data for Name: remote_profile_cache; Type: TABLE DATA; Schema: public; Owner: synapse
--

COPY public.remote_profile_cache (user_id, displayname, avatar_url, last_check) FROM stdin;
\.


--
-- Data for Name: room_account_data; Type: TABLE DATA; Schema: public; Owner: synapse
--

COPY public.room_account_data (user_id, room_id, account_data_type, stream_id, content, instance_name) FROM stdin;
@user1.matrix:localhost	!kmbTYjjsDRDHGgVqUP:localhost	m.fully_read	7	{"event_id":"$5DYqRHQPE1SQt9QXHJodWH7x4Pztz3LTsgH1kdHawZs"}	\N
@user1.matrix:localhost	!dKcbdDATuwwphjRPQP:localhost	m.fully_read	12	{"event_id":"$TKcINA6W5qTH8raDaFqEMBivZ0LjgXtIHGvxzJ9V4_8"}	\N
\.


--
-- Data for Name: room_alias_servers; Type: TABLE DATA; Schema: public; Owner: synapse
--

COPY public.room_alias_servers (room_alias, server) FROM stdin;
#town-square:localhost	localhost
#off-topic:localhost	localhost
\.


--
-- Data for Name: room_aliases; Type: TABLE DATA; Schema: public; Owner: synapse
--

COPY public.room_aliases (room_alias, room_id, creator) FROM stdin;
#town-square:localhost	!kmbTYjjsDRDHGgVqUP:localhost	@admin:localhost
#off-topic:localhost	!dKcbdDATuwwphjRPQP:localhost	@admin:localhost
\.


--
-- Data for Name: room_depth; Type: TABLE DATA; Schema: public; Owner: synapse
--

COPY public.room_depth (room_id, min_depth) FROM stdin;
!kmbTYjjsDRDHGgVqUP:localhost	1
!dKcbdDATuwwphjRPQP:localhost	1
\.


--
-- Data for Name: room_memberships; Type: TABLE DATA; Schema: public; Owner: synapse
--

COPY public.room_memberships (event_id, user_id, sender, room_id, membership, forgotten, display_name, avatar_url) FROM stdin;
$_oKaaOfL7rFtPsAsxDmHrCY9sAzFjslRwkJ_QHxHDTw	@admin:localhost	@admin:localhost	!kmbTYjjsDRDHGgVqUP:localhost	join	0	admin	\N
$PeAJ6BypXjJegHiUjcYe-I6Cf4NuCPICi_yUb-fyauA	@admin:localhost	@admin:localhost	!dKcbdDATuwwphjRPQP:localhost	join	0	admin	\N
$N33GyONpuSa3zRNJk1CtLYdhqJbhXBwSpAlUUm-zmB8	@matrix_a:localhost	@matrix_a:localhost	!kmbTYjjsDRDHGgVqUP:localhost	join	0	matrix_a	\N
$wd-zBsOV9K_8HbhPARZ91kf5cfZwLKRi7yBBGGNUAb0	@matrix_a:localhost	@matrix_a:localhost	!dKcbdDATuwwphjRPQP:localhost	join	0	matrix_a	\N
$llCtN-sfVC1IOdDQXgskgx4jl97hQHfKnEH-IP-lyvk	@matrix_b:localhost	@matrix_b:localhost	!kmbTYjjsDRDHGgVqUP:localhost	join	0	matrix_b	\N
$4ZLf-3JRJMLLADbzome2n_5rZNEeHEFIo3w1xN4KKu0	@matrix_b:localhost	@matrix_b:localhost	!dKcbdDATuwwphjRPQP:localhost	join	0	matrix_b	\N
$hD2Z-BHkSscOTiftcJe1n-peOIsihQlQbtyjR2IkTmA	@ignored_user:localhost	@ignored_user:localhost	!kmbTYjjsDRDHGgVqUP:localhost	join	0	ignored_user	\N
$Svf91tyGyUuzelYH8bbzM6QXuI9Xcab-XMXjCrIgM5A	@ignored_user:localhost	@ignored_user:localhost	!dKcbdDATuwwphjRPQP:localhost	join	0	ignored_user	\N
$jyfZsVYOTCt8az1WqRlL53b1lAQWjIj6-IvW1w3qYks	@matterbot:localhost	@matterbot:localhost	!dKcbdDATuwwphjRPQP:localhost	join	0	Mattermost Bridge	\N
$PkPxRt8GuXFqdWre9vyhqKHlRSqflC0cOSTBOims4qY	@matterbot:localhost	@matterbot:localhost	!kmbTYjjsDRDHGgVqUP:localhost	join	0	Mattermost Bridge	\N
$ARxMI5-TIkg2afPIDJsLgeSqCdrfbwBxm32e83QRfQ4	@mm_mattermost_a:localhost	@matterbot:localhost	!kmbTYjjsDRDHGgVqUP:localhost	invite	0	MattermostUser A [mm]	\N
$nE3KmrZJdWnhQ2h6DgIB98qoLGnQlFFCvgSu4NS5FfA	@mm_mattermost_a:localhost	@matterbot:localhost	!dKcbdDATuwwphjRPQP:localhost	invite	0	MattermostUser A [mm]	\N
$mlRlSJ1S_x5OctD_Nck7tq-Fo2IC7iOhysac1uYo_PY	@mm_mattermost_b:localhost	@matterbot:localhost	!kmbTYjjsDRDHGgVqUP:localhost	invite	0	mattermost_b [mm]	\N
$pXbc3VIu5b4O4VzPRePQd4FjtqYPJLH87Ss7pZM-gRM	@mm_mattermost_a:localhost	@mm_mattermost_a:localhost	!kmbTYjjsDRDHGgVqUP:localhost	join	0	MattermostUser A [mm]	\N
$Y86Vdmx2z1nvkEoTqBH7oAiLE_sHPFtNgI97gsUAwaY	@mm_mattermost_b:localhost	@matterbot:localhost	!dKcbdDATuwwphjRPQP:localhost	invite	0	mattermost_b [mm]	\N
$YHxtZv4JfPzIJvBMvoTgzeITfTFFng_L_4ijJ1Q97k4	@mm_mattermost_a:localhost	@mm_mattermost_a:localhost	!dKcbdDATuwwphjRPQP:localhost	join	0	MattermostUser A [mm]	\N
$q7m8fkdDrp2QE9hRAHYIR_KN8htxYXW85pB3LgG-V2U	@mm_mattermost_b:localhost	@mm_mattermost_b:localhost	!kmbTYjjsDRDHGgVqUP:localhost	join	0	mattermost_b [mm]	\N
$cH796vSd1hy4UBg8XHAqeUxz-u3gxer-uMeGrsirKbs	@mm_mattermost_b:localhost	@mm_mattermost_b:localhost	!dKcbdDATuwwphjRPQP:localhost	join	0	mattermost_b [mm]	\N
$5DYqRHQPE1SQt9QXHJodWH7x4Pztz3LTsgH1kdHawZs	@user1.matrix:localhost	@user1.matrix:localhost	!kmbTYjjsDRDHGgVqUP:localhost	join	0	User 1 - Matrix	\N
$TKcINA6W5qTH8raDaFqEMBivZ0LjgXtIHGvxzJ9V4_8	@user1.matrix:localhost	@user1.matrix:localhost	!dKcbdDATuwwphjRPQP:localhost	join	0	User 1 - Matrix	\N
\.


--
-- Data for Name: room_retention; Type: TABLE DATA; Schema: public; Owner: synapse
--

COPY public.room_retention (room_id, event_id, min_lifetime, max_lifetime) FROM stdin;
\.


--
-- Data for Name: room_stats_current; Type: TABLE DATA; Schema: public; Owner: synapse
--

COPY public.room_stats_current (room_id, current_state_events, joined_members, invited_members, left_members, banned_members, local_users_in_room, completed_delta_stream_id, knocked_members) FROM stdin;
!kmbTYjjsDRDHGgVqUP:localhost	13	8	0	0	0	8	30	0
!dKcbdDATuwwphjRPQP:localhost	13	8	0	0	0	8	31	0
\.


--
-- Data for Name: room_stats_earliest_token; Type: TABLE DATA; Schema: public; Owner: synapse
--

COPY public.room_stats_earliest_token (room_id, token) FROM stdin;
\.


--
-- Data for Name: room_stats_historical; Type: TABLE DATA; Schema: public; Owner: synapse
--

COPY public.room_stats_historical (room_id, end_ts, bucket_size, current_state_events, joined_members, invited_members, left_members, banned_members, local_users_in_room, total_events, total_event_bytes, knocked_members) FROM stdin;
!kmbTYjjsDRDHGgVqUP:localhost	1598745600000	86400000	9	4	0	0	0	4	9	6709	\N
!dKcbdDATuwwphjRPQP:localhost	1598745600000	86400000	9	4	0	0	0	4	9	6707	\N
\.


--
-- Data for Name: room_stats_state; Type: TABLE DATA; Schema: public; Owner: synapse
--

COPY public.room_stats_state (room_id, name, canonical_alias, join_rules, history_visibility, encryption, avatar, guest_access, is_federatable, topic) FROM stdin;
!dKcbdDATuwwphjRPQP:localhost	\N	#off-topic:localhost	public	shared	\N	\N	\N	t	\N
!kmbTYjjsDRDHGgVqUP:localhost	\N	#town-square:localhost	public	shared	\N	\N	\N	t	\N
\.


--
-- Data for Name: room_tags; Type: TABLE DATA; Schema: public; Owner: synapse
--

COPY public.room_tags (user_id, room_id, tag, content) FROM stdin;
\.


--
-- Data for Name: room_tags_revisions; Type: TABLE DATA; Schema: public; Owner: synapse
--

COPY public.room_tags_revisions (user_id, room_id, stream_id, instance_name) FROM stdin;
\.


--
-- Data for Name: rooms; Type: TABLE DATA; Schema: public; Owner: synapse
--

COPY public.rooms (room_id, is_public, creator, room_version, has_auth_chain_index) FROM stdin;
!dKcbdDATuwwphjRPQP:localhost	t	@admin:localhost	5	t
!kmbTYjjsDRDHGgVqUP:localhost	t	@admin:localhost	5	t
\.


--
-- Data for Name: schema_compat_version; Type: TABLE DATA; Schema: public; Owner: synapse
--

COPY public.schema_compat_version (lock, compat_version) FROM stdin;
X	60
\.


--
-- Data for Name: schema_version; Type: TABLE DATA; Schema: public; Owner: synapse
--

COPY public.schema_version (lock, version, upgraded) FROM stdin;
X	65	t
\.


--
-- Data for Name: server_keys_json; Type: TABLE DATA; Schema: public; Owner: synapse
--

COPY public.server_keys_json (server_name, key_id, from_server, ts_added_ms, ts_valid_until_ms, key_json) FROM stdin;
\.


--
-- Data for Name: server_signature_keys; Type: TABLE DATA; Schema: public; Owner: synapse
--

COPY public.server_signature_keys (server_name, key_id, from_server, ts_added_ms, verify_key, ts_valid_until_ms) FROM stdin;
\.


--
-- Data for Name: sessions; Type: TABLE DATA; Schema: public; Owner: synapse
--

COPY public.sessions (session_type, session_id, value, expiry_time_ms) FROM stdin;
\.


--
-- Data for Name: state_events; Type: TABLE DATA; Schema: public; Owner: synapse
--

COPY public.state_events (event_id, room_id, type, state_key, prev_state) FROM stdin;
$mBmRyyvP_Jc-LDi7_hiGD9QTu5XGVXqNMxZM4yDMQPU	!kmbTYjjsDRDHGgVqUP:localhost	m.room.create		\N
$_oKaaOfL7rFtPsAsxDmHrCY9sAzFjslRwkJ_QHxHDTw	!kmbTYjjsDRDHGgVqUP:localhost	m.room.member	@admin:localhost	\N
$BYyVCPyJh9PVJBsxDwm9NakGY19DlCJJ1GlCcYpTv8w	!kmbTYjjsDRDHGgVqUP:localhost	m.room.power_levels		\N
$X8tdoEsXAgBC6gobCepAn3rwO8CJoQU6i9NN9Rzhukg	!kmbTYjjsDRDHGgVqUP:localhost	m.room.canonical_alias		\N
$G_m59AjH2Y1FX4D11JDsmEETfHGAWoknTIdv-_XYW2o	!kmbTYjjsDRDHGgVqUP:localhost	m.room.join_rules		\N
$O5iO4EII22igkDq5cMKHFB-SGIYD0KqJQXZohS2Dzc0	!kmbTYjjsDRDHGgVqUP:localhost	m.room.history_visibility		\N
$Rczn5GeJ1aYMBU_oXSIF8ppVk8WEruaYIBA3FE7Yq88	!dKcbdDATuwwphjRPQP:localhost	m.room.create		\N
$PeAJ6BypXjJegHiUjcYe-I6Cf4NuCPICi_yUb-fyauA	!dKcbdDATuwwphjRPQP:localhost	m.room.member	@admin:localhost	\N
$P98vptI_jrNYKKnTTDYouThgohgHqJkD5Rcj0gDgxII	!dKcbdDATuwwphjRPQP:localhost	m.room.power_levels		\N
$b__a7rX3L5YpX7nAZte73DAbjtXZK48JH8VKSnGOKKw	!dKcbdDATuwwphjRPQP:localhost	m.room.canonical_alias		\N
$hEtlt0NU16h0ix9xBX0MDJR0g54ATEZ4S96udYzYBqs	!dKcbdDATuwwphjRPQP:localhost	m.room.join_rules		\N
$TVnvv0nGbLydCBtMmTTz-htMsoI4hmxCr3s9AHyFGHQ	!dKcbdDATuwwphjRPQP:localhost	m.room.history_visibility		\N
$N33GyONpuSa3zRNJk1CtLYdhqJbhXBwSpAlUUm-zmB8	!kmbTYjjsDRDHGgVqUP:localhost	m.room.member	@matrix_a:localhost	\N
$wd-zBsOV9K_8HbhPARZ91kf5cfZwLKRi7yBBGGNUAb0	!dKcbdDATuwwphjRPQP:localhost	m.room.member	@matrix_a:localhost	\N
$llCtN-sfVC1IOdDQXgskgx4jl97hQHfKnEH-IP-lyvk	!kmbTYjjsDRDHGgVqUP:localhost	m.room.member	@matrix_b:localhost	\N
$4ZLf-3JRJMLLADbzome2n_5rZNEeHEFIo3w1xN4KKu0	!dKcbdDATuwwphjRPQP:localhost	m.room.member	@matrix_b:localhost	\N
$hD2Z-BHkSscOTiftcJe1n-peOIsihQlQbtyjR2IkTmA	!kmbTYjjsDRDHGgVqUP:localhost	m.room.member	@ignored_user:localhost	\N
$Svf91tyGyUuzelYH8bbzM6QXuI9Xcab-XMXjCrIgM5A	!dKcbdDATuwwphjRPQP:localhost	m.room.member	@ignored_user:localhost	\N
$PkPxRt8GuXFqdWre9vyhqKHlRSqflC0cOSTBOims4qY	!kmbTYjjsDRDHGgVqUP:localhost	m.room.member	@matterbot:localhost	\N
$jyfZsVYOTCt8az1WqRlL53b1lAQWjIj6-IvW1w3qYks	!dKcbdDATuwwphjRPQP:localhost	m.room.member	@matterbot:localhost	\N
$ARxMI5-TIkg2afPIDJsLgeSqCdrfbwBxm32e83QRfQ4	!kmbTYjjsDRDHGgVqUP:localhost	m.room.member	@mm_mattermost_a:localhost	\N
$nE3KmrZJdWnhQ2h6DgIB98qoLGnQlFFCvgSu4NS5FfA	!dKcbdDATuwwphjRPQP:localhost	m.room.member	@mm_mattermost_a:localhost	\N
$mlRlSJ1S_x5OctD_Nck7tq-Fo2IC7iOhysac1uYo_PY	!kmbTYjjsDRDHGgVqUP:localhost	m.room.member	@mm_mattermost_b:localhost	\N
$Y86Vdmx2z1nvkEoTqBH7oAiLE_sHPFtNgI97gsUAwaY	!dKcbdDATuwwphjRPQP:localhost	m.room.member	@mm_mattermost_b:localhost	\N
$pXbc3VIu5b4O4VzPRePQd4FjtqYPJLH87Ss7pZM-gRM	!kmbTYjjsDRDHGgVqUP:localhost	m.room.member	@mm_mattermost_a:localhost	\N
$q7m8fkdDrp2QE9hRAHYIR_KN8htxYXW85pB3LgG-V2U	!kmbTYjjsDRDHGgVqUP:localhost	m.room.member	@mm_mattermost_b:localhost	\N
$YHxtZv4JfPzIJvBMvoTgzeITfTFFng_L_4ijJ1Q97k4	!dKcbdDATuwwphjRPQP:localhost	m.room.member	@mm_mattermost_a:localhost	\N
$cH796vSd1hy4UBg8XHAqeUxz-u3gxer-uMeGrsirKbs	!dKcbdDATuwwphjRPQP:localhost	m.room.member	@mm_mattermost_b:localhost	\N
$5DYqRHQPE1SQt9QXHJodWH7x4Pztz3LTsgH1kdHawZs	!kmbTYjjsDRDHGgVqUP:localhost	m.room.member	@user1.matrix:localhost	\N
$TKcINA6W5qTH8raDaFqEMBivZ0LjgXtIHGvxzJ9V4_8	!dKcbdDATuwwphjRPQP:localhost	m.room.member	@user1.matrix:localhost	\N
\.


--
-- Data for Name: state_group_edges; Type: TABLE DATA; Schema: public; Owner: synapse
--

COPY public.state_group_edges (state_group, prev_state_group) FROM stdin;
2	1
3	2
4	3
5	4
6	5
7	6
9	8
10	9
11	10
12	11
13	12
14	13
15	7
16	14
17	15
18	16
19	17
20	18
21	19
22	20
23	21
24	22
25	22
26	21
27	21
28	22
29	27
30	28
31	29
32	31
33	30
34	33
35	32
36	35
37	35
38	34
\.


--
-- Data for Name: state_groups; Type: TABLE DATA; Schema: public; Owner: synapse
--

COPY public.state_groups (id, room_id, event_id) FROM stdin;
1	!kmbTYjjsDRDHGgVqUP:localhost	$mBmRyyvP_Jc-LDi7_hiGD9QTu5XGVXqNMxZM4yDMQPU
2	!kmbTYjjsDRDHGgVqUP:localhost	$mBmRyyvP_Jc-LDi7_hiGD9QTu5XGVXqNMxZM4yDMQPU
3	!kmbTYjjsDRDHGgVqUP:localhost	$_oKaaOfL7rFtPsAsxDmHrCY9sAzFjslRwkJ_QHxHDTw
4	!kmbTYjjsDRDHGgVqUP:localhost	$BYyVCPyJh9PVJBsxDwm9NakGY19DlCJJ1GlCcYpTv8w
5	!kmbTYjjsDRDHGgVqUP:localhost	$X8tdoEsXAgBC6gobCepAn3rwO8CJoQU6i9NN9Rzhukg
6	!kmbTYjjsDRDHGgVqUP:localhost	$G_m59AjH2Y1FX4D11JDsmEETfHGAWoknTIdv-_XYW2o
7	!kmbTYjjsDRDHGgVqUP:localhost	$O5iO4EII22igkDq5cMKHFB-SGIYD0KqJQXZohS2Dzc0
8	!dKcbdDATuwwphjRPQP:localhost	$Rczn5GeJ1aYMBU_oXSIF8ppVk8WEruaYIBA3FE7Yq88
9	!dKcbdDATuwwphjRPQP:localhost	$Rczn5GeJ1aYMBU_oXSIF8ppVk8WEruaYIBA3FE7Yq88
10	!dKcbdDATuwwphjRPQP:localhost	$PeAJ6BypXjJegHiUjcYe-I6Cf4NuCPICi_yUb-fyauA
11	!dKcbdDATuwwphjRPQP:localhost	$P98vptI_jrNYKKnTTDYouThgohgHqJkD5Rcj0gDgxII
12	!dKcbdDATuwwphjRPQP:localhost	$b__a7rX3L5YpX7nAZte73DAbjtXZK48JH8VKSnGOKKw
13	!dKcbdDATuwwphjRPQP:localhost	$hEtlt0NU16h0ix9xBX0MDJR0g54ATEZ4S96udYzYBqs
14	!dKcbdDATuwwphjRPQP:localhost	$TVnvv0nGbLydCBtMmTTz-htMsoI4hmxCr3s9AHyFGHQ
15	!kmbTYjjsDRDHGgVqUP:localhost	$N33GyONpuSa3zRNJk1CtLYdhqJbhXBwSpAlUUm-zmB8
16	!dKcbdDATuwwphjRPQP:localhost	$wd-zBsOV9K_8HbhPARZ91kf5cfZwLKRi7yBBGGNUAb0
17	!kmbTYjjsDRDHGgVqUP:localhost	$llCtN-sfVC1IOdDQXgskgx4jl97hQHfKnEH-IP-lyvk
18	!dKcbdDATuwwphjRPQP:localhost	$4ZLf-3JRJMLLADbzome2n_5rZNEeHEFIo3w1xN4KKu0
19	!kmbTYjjsDRDHGgVqUP:localhost	$hD2Z-BHkSscOTiftcJe1n-peOIsihQlQbtyjR2IkTmA
20	!dKcbdDATuwwphjRPQP:localhost	$Svf91tyGyUuzelYH8bbzM6QXuI9Xcab-XMXjCrIgM5A
21	!kmbTYjjsDRDHGgVqUP:localhost	$PkPxRt8GuXFqdWre9vyhqKHlRSqflC0cOSTBOims4qY
22	!dKcbdDATuwwphjRPQP:localhost	$jyfZsVYOTCt8az1WqRlL53b1lAQWjIj6-IvW1w3qYks
23	!kmbTYjjsDRDHGgVqUP:localhost	$EHQc-AjnBRaCFge0Ybiy5GhzOQPj26ezNlKeB-vvBek
24	!dKcbdDATuwwphjRPQP:localhost	$1LSD-P0UB_ZapjOWFg_2yQeicQg-RBDE3WrLK3o66bE
25	!dKcbdDATuwwphjRPQP:localhost	$9gvR9727ZRJUenaZH_I8ljPJrjgHIP6BZti7plfxu-Q
26	!kmbTYjjsDRDHGgVqUP:localhost	$SVIgv7CvxVPYnn0I8RzwxO_oYgOj99qU-ZxPmI-8DkE
27	!kmbTYjjsDRDHGgVqUP:localhost	$ARxMI5-TIkg2afPIDJsLgeSqCdrfbwBxm32e83QRfQ4
28	!dKcbdDATuwwphjRPQP:localhost	$nE3KmrZJdWnhQ2h6DgIB98qoLGnQlFFCvgSu4NS5FfA
29	!kmbTYjjsDRDHGgVqUP:localhost	$mlRlSJ1S_x5OctD_Nck7tq-Fo2IC7iOhysac1uYo_PY
30	!dKcbdDATuwwphjRPQP:localhost	$Y86Vdmx2z1nvkEoTqBH7oAiLE_sHPFtNgI97gsUAwaY
31	!kmbTYjjsDRDHGgVqUP:localhost	$pXbc3VIu5b4O4VzPRePQd4FjtqYPJLH87Ss7pZM-gRM
32	!kmbTYjjsDRDHGgVqUP:localhost	$q7m8fkdDrp2QE9hRAHYIR_KN8htxYXW85pB3LgG-V2U
33	!dKcbdDATuwwphjRPQP:localhost	$YHxtZv4JfPzIJvBMvoTgzeITfTFFng_L_4ijJ1Q97k4
34	!dKcbdDATuwwphjRPQP:localhost	$cH796vSd1hy4UBg8XHAqeUxz-u3gxer-uMeGrsirKbs
35	!kmbTYjjsDRDHGgVqUP:localhost	$5DYqRHQPE1SQt9QXHJodWH7x4Pztz3LTsgH1kdHawZs
36	!kmbTYjjsDRDHGgVqUP:localhost	$KtrybuPgyyw6muL8i2Hl4vpLifcWbnX5XvNtNyC15Bo
37	!kmbTYjjsDRDHGgVqUP:localhost	$cfT7uAtZtdZq5Q82AKsYh-bmJa8FLwzvB4zzHL5if_I
38	!dKcbdDATuwwphjRPQP:localhost	$TKcINA6W5qTH8raDaFqEMBivZ0LjgXtIHGvxzJ9V4_8
\.


--
-- Data for Name: state_groups_state; Type: TABLE DATA; Schema: public; Owner: synapse
--

COPY public.state_groups_state (state_group, room_id, type, state_key, event_id) FROM stdin;
2	!kmbTYjjsDRDHGgVqUP:localhost	m.room.create		$mBmRyyvP_Jc-LDi7_hiGD9QTu5XGVXqNMxZM4yDMQPU
3	!kmbTYjjsDRDHGgVqUP:localhost	m.room.member	@admin:localhost	$_oKaaOfL7rFtPsAsxDmHrCY9sAzFjslRwkJ_QHxHDTw
4	!kmbTYjjsDRDHGgVqUP:localhost	m.room.power_levels		$BYyVCPyJh9PVJBsxDwm9NakGY19DlCJJ1GlCcYpTv8w
5	!kmbTYjjsDRDHGgVqUP:localhost	m.room.canonical_alias		$X8tdoEsXAgBC6gobCepAn3rwO8CJoQU6i9NN9Rzhukg
6	!kmbTYjjsDRDHGgVqUP:localhost	m.room.join_rules		$G_m59AjH2Y1FX4D11JDsmEETfHGAWoknTIdv-_XYW2o
7	!kmbTYjjsDRDHGgVqUP:localhost	m.room.history_visibility		$O5iO4EII22igkDq5cMKHFB-SGIYD0KqJQXZohS2Dzc0
9	!dKcbdDATuwwphjRPQP:localhost	m.room.create		$Rczn5GeJ1aYMBU_oXSIF8ppVk8WEruaYIBA3FE7Yq88
10	!dKcbdDATuwwphjRPQP:localhost	m.room.member	@admin:localhost	$PeAJ6BypXjJegHiUjcYe-I6Cf4NuCPICi_yUb-fyauA
11	!dKcbdDATuwwphjRPQP:localhost	m.room.power_levels		$P98vptI_jrNYKKnTTDYouThgohgHqJkD5Rcj0gDgxII
12	!dKcbdDATuwwphjRPQP:localhost	m.room.canonical_alias		$b__a7rX3L5YpX7nAZte73DAbjtXZK48JH8VKSnGOKKw
13	!dKcbdDATuwwphjRPQP:localhost	m.room.join_rules		$hEtlt0NU16h0ix9xBX0MDJR0g54ATEZ4S96udYzYBqs
14	!dKcbdDATuwwphjRPQP:localhost	m.room.history_visibility		$TVnvv0nGbLydCBtMmTTz-htMsoI4hmxCr3s9AHyFGHQ
15	!kmbTYjjsDRDHGgVqUP:localhost	m.room.member	@matrix_a:localhost	$N33GyONpuSa3zRNJk1CtLYdhqJbhXBwSpAlUUm-zmB8
16	!dKcbdDATuwwphjRPQP:localhost	m.room.member	@matrix_a:localhost	$wd-zBsOV9K_8HbhPARZ91kf5cfZwLKRi7yBBGGNUAb0
17	!kmbTYjjsDRDHGgVqUP:localhost	m.room.member	@matrix_b:localhost	$llCtN-sfVC1IOdDQXgskgx4jl97hQHfKnEH-IP-lyvk
18	!dKcbdDATuwwphjRPQP:localhost	m.room.member	@matrix_b:localhost	$4ZLf-3JRJMLLADbzome2n_5rZNEeHEFIo3w1xN4KKu0
19	!kmbTYjjsDRDHGgVqUP:localhost	m.room.member	@ignored_user:localhost	$hD2Z-BHkSscOTiftcJe1n-peOIsihQlQbtyjR2IkTmA
20	!dKcbdDATuwwphjRPQP:localhost	m.room.member	@ignored_user:localhost	$Svf91tyGyUuzelYH8bbzM6QXuI9Xcab-XMXjCrIgM5A
21	!kmbTYjjsDRDHGgVqUP:localhost	m.room.member	@matterbot:localhost	$PkPxRt8GuXFqdWre9vyhqKHlRSqflC0cOSTBOims4qY
22	!dKcbdDATuwwphjRPQP:localhost	m.room.member	@matterbot:localhost	$jyfZsVYOTCt8az1WqRlL53b1lAQWjIj6-IvW1w3qYks
23	!kmbTYjjsDRDHGgVqUP:localhost	m.room.member	@matterbot:localhost	$EHQc-AjnBRaCFge0Ybiy5GhzOQPj26ezNlKeB-vvBek
24	!dKcbdDATuwwphjRPQP:localhost	m.room.member	@matterbot:localhost	$1LSD-P0UB_ZapjOWFg_2yQeicQg-RBDE3WrLK3o66bE
25	!dKcbdDATuwwphjRPQP:localhost	m.room.member	@matterbot:localhost	$9gvR9727ZRJUenaZH_I8ljPJrjgHIP6BZti7plfxu-Q
26	!kmbTYjjsDRDHGgVqUP:localhost	m.room.member	@matterbot:localhost	$SVIgv7CvxVPYnn0I8RzwxO_oYgOj99qU-ZxPmI-8DkE
27	!kmbTYjjsDRDHGgVqUP:localhost	m.room.member	@mm_mattermost_a:localhost	$ARxMI5-TIkg2afPIDJsLgeSqCdrfbwBxm32e83QRfQ4
28	!dKcbdDATuwwphjRPQP:localhost	m.room.member	@mm_mattermost_a:localhost	$nE3KmrZJdWnhQ2h6DgIB98qoLGnQlFFCvgSu4NS5FfA
29	!kmbTYjjsDRDHGgVqUP:localhost	m.room.member	@mm_mattermost_b:localhost	$mlRlSJ1S_x5OctD_Nck7tq-Fo2IC7iOhysac1uYo_PY
30	!dKcbdDATuwwphjRPQP:localhost	m.room.member	@mm_mattermost_b:localhost	$Y86Vdmx2z1nvkEoTqBH7oAiLE_sHPFtNgI97gsUAwaY
31	!kmbTYjjsDRDHGgVqUP:localhost	m.room.member	@mm_mattermost_a:localhost	$pXbc3VIu5b4O4VzPRePQd4FjtqYPJLH87Ss7pZM-gRM
32	!kmbTYjjsDRDHGgVqUP:localhost	m.room.member	@mm_mattermost_b:localhost	$q7m8fkdDrp2QE9hRAHYIR_KN8htxYXW85pB3LgG-V2U
33	!dKcbdDATuwwphjRPQP:localhost	m.room.member	@mm_mattermost_a:localhost	$YHxtZv4JfPzIJvBMvoTgzeITfTFFng_L_4ijJ1Q97k4
34	!dKcbdDATuwwphjRPQP:localhost	m.room.member	@mm_mattermost_b:localhost	$cH796vSd1hy4UBg8XHAqeUxz-u3gxer-uMeGrsirKbs
35	!kmbTYjjsDRDHGgVqUP:localhost	m.room.member	@user1.matrix:localhost	$5DYqRHQPE1SQt9QXHJodWH7x4Pztz3LTsgH1kdHawZs
36	!kmbTYjjsDRDHGgVqUP:localhost	m.room.member	@user1.matrix:localhost	$KtrybuPgyyw6muL8i2Hl4vpLifcWbnX5XvNtNyC15Bo
37	!kmbTYjjsDRDHGgVqUP:localhost	m.room.member	@user1.matrix:localhost	$cfT7uAtZtdZq5Q82AKsYh-bmJa8FLwzvB4zzHL5if_I
38	!dKcbdDATuwwphjRPQP:localhost	m.room.member	@user1.matrix:localhost	$TKcINA6W5qTH8raDaFqEMBivZ0LjgXtIHGvxzJ9V4_8
\.


--
-- Data for Name: stats_incremental_position; Type: TABLE DATA; Schema: public; Owner: synapse
--

COPY public.stats_incremental_position (lock, stream_id) FROM stdin;
X	31
\.


--
-- Data for Name: stream_ordering_to_exterm; Type: TABLE DATA; Schema: public; Owner: synapse
--

COPY public.stream_ordering_to_exterm (stream_ordering, room_id, event_id) FROM stdin;
2	!kmbTYjjsDRDHGgVqUP:localhost	$mBmRyyvP_Jc-LDi7_hiGD9QTu5XGVXqNMxZM4yDMQPU
3	!kmbTYjjsDRDHGgVqUP:localhost	$_oKaaOfL7rFtPsAsxDmHrCY9sAzFjslRwkJ_QHxHDTw
4	!kmbTYjjsDRDHGgVqUP:localhost	$BYyVCPyJh9PVJBsxDwm9NakGY19DlCJJ1GlCcYpTv8w
5	!kmbTYjjsDRDHGgVqUP:localhost	$X8tdoEsXAgBC6gobCepAn3rwO8CJoQU6i9NN9Rzhukg
6	!kmbTYjjsDRDHGgVqUP:localhost	$G_m59AjH2Y1FX4D11JDsmEETfHGAWoknTIdv-_XYW2o
7	!kmbTYjjsDRDHGgVqUP:localhost	$O5iO4EII22igkDq5cMKHFB-SGIYD0KqJQXZohS2Dzc0
8	!dKcbdDATuwwphjRPQP:localhost	$Rczn5GeJ1aYMBU_oXSIF8ppVk8WEruaYIBA3FE7Yq88
9	!dKcbdDATuwwphjRPQP:localhost	$PeAJ6BypXjJegHiUjcYe-I6Cf4NuCPICi_yUb-fyauA
10	!dKcbdDATuwwphjRPQP:localhost	$P98vptI_jrNYKKnTTDYouThgohgHqJkD5Rcj0gDgxII
11	!dKcbdDATuwwphjRPQP:localhost	$b__a7rX3L5YpX7nAZte73DAbjtXZK48JH8VKSnGOKKw
12	!dKcbdDATuwwphjRPQP:localhost	$hEtlt0NU16h0ix9xBX0MDJR0g54ATEZ4S96udYzYBqs
13	!dKcbdDATuwwphjRPQP:localhost	$TVnvv0nGbLydCBtMmTTz-htMsoI4hmxCr3s9AHyFGHQ
14	!kmbTYjjsDRDHGgVqUP:localhost	$N33GyONpuSa3zRNJk1CtLYdhqJbhXBwSpAlUUm-zmB8
15	!dKcbdDATuwwphjRPQP:localhost	$wd-zBsOV9K_8HbhPARZ91kf5cfZwLKRi7yBBGGNUAb0
16	!kmbTYjjsDRDHGgVqUP:localhost	$llCtN-sfVC1IOdDQXgskgx4jl97hQHfKnEH-IP-lyvk
17	!dKcbdDATuwwphjRPQP:localhost	$4ZLf-3JRJMLLADbzome2n_5rZNEeHEFIo3w1xN4KKu0
18	!kmbTYjjsDRDHGgVqUP:localhost	$hD2Z-BHkSscOTiftcJe1n-peOIsihQlQbtyjR2IkTmA
19	!dKcbdDATuwwphjRPQP:localhost	$Svf91tyGyUuzelYH8bbzM6QXuI9Xcab-XMXjCrIgM5A
20	!kmbTYjjsDRDHGgVqUP:localhost	$PkPxRt8GuXFqdWre9vyhqKHlRSqflC0cOSTBOims4qY
21	!dKcbdDATuwwphjRPQP:localhost	$jyfZsVYOTCt8az1WqRlL53b1lAQWjIj6-IvW1w3qYks
22	!kmbTYjjsDRDHGgVqUP:localhost	$ARxMI5-TIkg2afPIDJsLgeSqCdrfbwBxm32e83QRfQ4
23	!dKcbdDATuwwphjRPQP:localhost	$nE3KmrZJdWnhQ2h6DgIB98qoLGnQlFFCvgSu4NS5FfA
24	!kmbTYjjsDRDHGgVqUP:localhost	$mlRlSJ1S_x5OctD_Nck7tq-Fo2IC7iOhysac1uYo_PY
25	!dKcbdDATuwwphjRPQP:localhost	$Y86Vdmx2z1nvkEoTqBH7oAiLE_sHPFtNgI97gsUAwaY
26	!kmbTYjjsDRDHGgVqUP:localhost	$pXbc3VIu5b4O4VzPRePQd4FjtqYPJLH87Ss7pZM-gRM
27	!kmbTYjjsDRDHGgVqUP:localhost	$q7m8fkdDrp2QE9hRAHYIR_KN8htxYXW85pB3LgG-V2U
28	!dKcbdDATuwwphjRPQP:localhost	$YHxtZv4JfPzIJvBMvoTgzeITfTFFng_L_4ijJ1Q97k4
29	!dKcbdDATuwwphjRPQP:localhost	$cH796vSd1hy4UBg8XHAqeUxz-u3gxer-uMeGrsirKbs
30	!kmbTYjjsDRDHGgVqUP:localhost	$5DYqRHQPE1SQt9QXHJodWH7x4Pztz3LTsgH1kdHawZs
31	!dKcbdDATuwwphjRPQP:localhost	$TKcINA6W5qTH8raDaFqEMBivZ0LjgXtIHGvxzJ9V4_8
\.


--
-- Data for Name: stream_positions; Type: TABLE DATA; Schema: public; Owner: synapse
--

COPY public.stream_positions (stream_name, instance_name, stream_id) FROM stdin;
events	master	31
account_data	master	12
presence_stream	master	7
\.


--
-- Data for Name: threepid_guest_access_tokens; Type: TABLE DATA; Schema: public; Owner: synapse
--

COPY public.threepid_guest_access_tokens (medium, address, guest_access_token, first_inviter) FROM stdin;
\.


--
-- Data for Name: threepid_validation_session; Type: TABLE DATA; Schema: public; Owner: synapse
--

COPY public.threepid_validation_session (session_id, medium, address, client_secret, last_send_attempt, validated_at) FROM stdin;
\.


--
-- Data for Name: threepid_validation_token; Type: TABLE DATA; Schema: public; Owner: synapse
--

COPY public.threepid_validation_token (token, session_id, next_link, expires) FROM stdin;
\.


--
-- Data for Name: ui_auth_sessions; Type: TABLE DATA; Schema: public; Owner: synapse
--

COPY public.ui_auth_sessions (session_id, creation_time, serverdict, clientdict, uri, method, description) FROM stdin;
CHDdEnmGTbEYyOudmXdHxDug	1673968366412	{"request_user_id":"@user1.matrix:localhost"}	{"master_key":{"user_id":"@user1.matrix:localhost","usage":["master"],"keys":{"ed25519:3/8ZOhX8wQEl9fs1++2yUXosfgS9k3wau3LuYMy66FY":"3/8ZOhX8wQEl9fs1++2yUXosfgS9k3wau3LuYMy66FY"},"signatures":{"@user1.matrix:localhost":{"ed25519:OXBKVBOLVC":"16E4uE18RnWHDCc6ixqRbtj9aLXKAQKOcofQTV8hLBCgQxTsnQqtVCXBcYeV0FIyZv52VV1xCc+1moXlG91RAA"}}},"self_signing_key":{"user_id":"@user1.matrix:localhost","usage":["self_signing"],"keys":{"ed25519:afv73e+UXR1Rf2SnKx76pzr5uBBANm9nv0ASDrMuMiM":"afv73e+UXR1Rf2SnKx76pzr5uBBANm9nv0ASDrMuMiM"},"signatures":{"@user1.matrix:localhost":{"ed25519:3/8ZOhX8wQEl9fs1++2yUXosfgS9k3wau3LuYMy66FY":"FT5svZgrUT4rtb9h+ZKGl7X2syNlvM4IAWSfkytbJdyG9oxQIUi5TTNxgHWMqZCpoRKh836/R6xoIKMGDDzXAw"}}},"user_signing_key":{"user_id":"@user1.matrix:localhost","usage":["user_signing"],"keys":{"ed25519:gF2DetovRmaXHKP51KbhOb3e7tmJuC16+hYC3swyFx4":"gF2DetovRmaXHKP51KbhOb3e7tmJuC16+hYC3swyFx4"},"signatures":{"@user1.matrix:localhost":{"ed25519:3/8ZOhX8wQEl9fs1++2yUXosfgS9k3wau3LuYMy66FY":"UIbvPzyEnoDjg1Me4zfF8Vq1HQsiJGcOeVRgf/q+85ZeQ7cjcH4G9RkePKDfLRxWAZk3GDeV9s9br66l4JXXDA"}}}}	/_matrix/client/unstable/keys/device_signing/upload	POST	add a device signing key to your account
wMnkjzDysJzUfHilFDNVaTrq	1673968369759	{"request_user_id":"@user1.matrix:localhost"}	{"master_key":{"user_id":"@user1.matrix:localhost","usage":["master"],"keys":{"ed25519:VSOPl7Mt1crWPc8nYK7cjE+pzWdYxGSeMXIjWTeMMUg":"VSOPl7Mt1crWPc8nYK7cjE+pzWdYxGSeMXIjWTeMMUg"},"signatures":{"@user1.matrix:localhost":{"ed25519:OXBKVBOLVC":"OlO7zCZCFilMRke0U2YVeKCr2rjKF6OBG/a6gXQ/Dt7u4f0/nwSEXPdQVrAJmjYfZK1hdktXzc4LvT47EcbHBw"}}},"self_signing_key":{"user_id":"@user1.matrix:localhost","usage":["self_signing"],"keys":{"ed25519:6/uPZfj+550+ypVZW/ohvr6QOhsqbxPq7V5/JskiSlY":"6/uPZfj+550+ypVZW/ohvr6QOhsqbxPq7V5/JskiSlY"},"signatures":{"@user1.matrix:localhost":{"ed25519:VSOPl7Mt1crWPc8nYK7cjE+pzWdYxGSeMXIjWTeMMUg":"90s+y3n+v2Hq4KHsT2njXXQTFqoyLY7cY67n0NxqomeiVNcjln/HUevNdvapTzFhyX0eu2N54nrlrud9IhORCg"}}},"user_signing_key":{"user_id":"@user1.matrix:localhost","usage":["user_signing"],"keys":{"ed25519:QZDT5p/hG5S1ryn8U+221RcabEL/G6PXPIynLoxQb8s":"QZDT5p/hG5S1ryn8U+221RcabEL/G6PXPIynLoxQb8s"},"signatures":{"@user1.matrix:localhost":{"ed25519:VSOPl7Mt1crWPc8nYK7cjE+pzWdYxGSeMXIjWTeMMUg":"t/cu+fVfx9fRddORS8KxF0i4OFamVfNxBNpBUC1c0HeMBmxKvPSHj8tSVVX4149WL78Sf7WxrV43p5xELUIHDA"}}}}	/_matrix/client/unstable/keys/device_signing/upload	POST	add a device signing key to your account
\.


--
-- Data for Name: ui_auth_sessions_credentials; Type: TABLE DATA; Schema: public; Owner: synapse
--

COPY public.ui_auth_sessions_credentials (session_id, stage_type, result) FROM stdin;
CHDdEnmGTbEYyOudmXdHxDug	m.login.password	"@user1.matrix:localhost"
wMnkjzDysJzUfHilFDNVaTrq	m.login.password	"@user1.matrix:localhost"
\.


--
-- Data for Name: ui_auth_sessions_ips; Type: TABLE DATA; Schema: public; Owner: synapse
--

COPY public.ui_auth_sessions_ips (session_id, ip, user_agent) FROM stdin;
CHDdEnmGTbEYyOudmXdHxDug	172.16.238.1	Mozilla/5.0 (Macintosh; Intel Mac OS X 10_15_7) AppleWebKit/537.36 (KHTML, like Gecko) Chrome/108.0.0.0 Safari/537.36
wMnkjzDysJzUfHilFDNVaTrq	172.16.238.1	Mozilla/5.0 (Macintosh; Intel Mac OS X 10_15_7) AppleWebKit/537.36 (KHTML, like Gecko) Chrome/108.0.0.0 Safari/537.36
\.


--
-- Data for Name: user_daily_visits; Type: TABLE DATA; Schema: public; Owner: synapse
--

COPY public.user_daily_visits (user_id, device_id, "timestamp", user_agent) FROM stdin;
@admin:localhost	WCSUBIGVWG	1673913600000	PostmanRuntime/7.30.0
@user1.matrix:localhost	OXBKVBOLVC	1673913600000	Mozilla/5.0 (Macintosh; Intel Mac OS X 10_15_7) AppleWebKit/537.36 (KHTML, like Gecko) Chrome/108.0.0.0 Safari/537.36
\.


--
-- Data for Name: user_directory; Type: TABLE DATA; Schema: public; Owner: synapse
--

COPY public.user_directory (user_id, room_id, display_name, avatar_url) FROM stdin;
@admin:localhost	\N	admin	\N
@matrix_a:localhost	\N	matrix_a	\N
@matrix_b:localhost	\N	matrix_b	\N
@ignored_user:localhost	\N	ignored_user	\N
@user1.matrix:localhost	\N	User 1 - Matrix	\N
\.


--
-- Data for Name: user_directory_search; Type: TABLE DATA; Schema: public; Owner: synapse
--

COPY public.user_directory_search (user_id, vector) FROM stdin;
@admin:localhost	'admin':1A,3B 'localhost':2
@matrix_a:localhost	'localhost':2 'matrix':1A,3B
@matrix_b:localhost	'b':2A,5B 'localhost':3 'matrix':1A,4B
@ignored_user:localhost	'ignor':1A,4B 'localhost':3 'user':2A,5B
@user1.matrix:localhost	'1':4B 'localhost':2 'matrix':5B 'user':3B 'user1.matrix':1A
\.


--
-- Data for Name: user_directory_stream_pos; Type: TABLE DATA; Schema: public; Owner: synapse
--

COPY public.user_directory_stream_pos (lock, stream_id) FROM stdin;
X	31
\.


--
-- Data for Name: user_external_ids; Type: TABLE DATA; Schema: public; Owner: synapse
--

COPY public.user_external_ids (auth_provider, external_id, user_id) FROM stdin;
\.


--
-- Data for Name: user_filters; Type: TABLE DATA; Schema: public; Owner: synapse
--

COPY public.user_filters (user_id, filter_id, filter_json) FROM stdin;
user1.matrix	0	\\x7b22726f6f6d223a7b227374617465223a7b226c617a795f6c6f61645f6d656d62657273223a747275657d7d7d
\.


--
-- Data for Name: user_ips; Type: TABLE DATA; Schema: public; Owner: synapse
--

COPY public.user_ips (user_id, access_token, device_id, ip, user_agent, last_seen) FROM stdin;
@admin:localhost	MDAxN2xvY2F0aW9uIGxvY2FsaG9zdAowMDEzaWRlbnRpZmllciBrZXkKMDAxMGNpZCBnZW4gPSAxCjAwMjNjaWQgdXNlcl9pZCA9IEBhZG1pbjpsb2NhbGhvc3QKMDAxNmNpZCB0eXBlID0gYWNjZXNzCjAwMjFjaWQgbm9uY2UgPSBXVU9yUTVRMFRnUkNjME1ACjAwMmZzaWduYXR1cmUgdYKA-yuTQ5JV5O0HWRak-48xavOYgA1MMc6A1V_Uw5kK	WCSUBIGVWG	172.16.238.1	PostmanRuntime/7.30.0	1673967222026
@user1.matrix:localhost	syt_dXNlcjEubWF0cml4_VqtNUUcGLOCpwzTNKNfq_1iVBTx	OXBKVBOLVC	172.16.238.1	Mozilla/5.0 (Macintosh; Intel Mac OS X 10_15_7) AppleWebKit/537.36 (KHTML, like Gecko) Chrome/108.0.0.0 Safari/537.36	1673968661307
\.


--
-- Data for Name: user_signature_stream; Type: TABLE DATA; Schema: public; Owner: synapse
--

COPY public.user_signature_stream (stream_id, from_user_id, user_ids) FROM stdin;
11	@user1.matrix:localhost	["@user1.matrix:localhost"]
14	@user1.matrix:localhost	["@user1.matrix:localhost"]
\.


--
-- Data for Name: user_stats_current; Type: TABLE DATA; Schema: public; Owner: synapse
--

COPY public.user_stats_current (user_id, joined_rooms, completed_delta_stream_id) FROM stdin;
@admin:localhost	2	13
@matrix_a:localhost	2	15
@matrix_b:localhost	2	17
@ignored_user:localhost	2	19
@matterbot:localhost	2	21
@mm_mattermost_a:localhost	2	28
@mm_mattermost_b:localhost	2	29
@user1.matrix:localhost	2	31
\.


--
-- Data for Name: user_stats_historical; Type: TABLE DATA; Schema: public; Owner: synapse
--

COPY public.user_stats_historical (user_id, end_ts, bucket_size, joined_rooms, invites_sent, rooms_created, total_events, total_event_bytes) FROM stdin;
@admin:localhost	1641600000	86400000	0	0	0	0	0
@matrix_a:localhost	1641600000	86400000	0	0	0	0	0
@matrix_b:localhost	1641600000	86400000	0	0	0	0	0
@ignored_user:localhost	1641600000	86400000	0	0	0	0	0
@admin:localhost	1598745600000	86400000	2	0	2	12	8826
@matrix_a:localhost	1598745600000	86400000	2	0	0	2	1522
@matrix_b:localhost	1598745600000	86400000	2	0	0	2	1522
@ignored_user:localhost	1598745600000	86400000	2	0	0	2	1546
\.


--
-- Data for Name: user_threepid_id_server; Type: TABLE DATA; Schema: public; Owner: synapse
--

COPY public.user_threepid_id_server (user_id, medium, address, id_server) FROM stdin;
\.


--
-- Data for Name: user_threepids; Type: TABLE DATA; Schema: public; Owner: synapse
--

COPY public.user_threepids (user_id, medium, address, validated_at, added_at) FROM stdin;
@user1.matrix:localhost	email	user1.matrix@localhost	1673967243610	1673967243611
\.


--
-- Data for Name: users; Type: TABLE DATA; Schema: public; Owner: synapse
--

COPY public.users (name, password_hash, creation_ts, admin, upgrade_ts, is_guest, appservice_id, consent_version, consent_server_notice_sent, user_type, deactivated, shadow_banned) FROM stdin;
@matrix_a:localhost	$2b$12$V8cOJ670WikSre/C66CGI.a1ANkbEvkgYEUW.M23dlUnekRcPr08O	1598686327	0	\N	0	\N	\N	\N	\N	0	\N
@matrix_b:localhost	$2b$12$gnHJ1cdN/bfA2A2V61rPauepmeV2dLXr/pC70rCZy9qZoM9u2GKaq	1598686327	0	\N	0	\N	\N	\N	\N	0	\N
@ignored_user:localhost	$2b$12$cDOaADzxfGcFFspSrfJNcueOwevhD2Ex0hu6oAJcpz3S/owrOeSsW	1598686327	0	\N	0	\N	\N	\N	\N	0	\N
@matterbot:localhost		1673965922	0	\N	0	xfbONb3M-hYO861rkzW7N0xUKm-6MII2M6sj-z8sdc0DaiXV1S25SXdr5ElIvatt	\N	\N	\N	0	f
@mm_mattermost_a:localhost		1673966481	0	\N	0	xfbONb3M-hYO861rkzW7N0xUKm-6MII2M6sj-z8sdc0DaiXV1S25SXdr5ElIvatt	\N	\N	\N	0	f
@mm_mattermost_b:localhost		1673966482	0	\N	0	xfbONb3M-hYO861rkzW7N0xUKm-6MII2M6sj-z8sdc0DaiXV1S25SXdr5ElIvatt	\N	\N	\N	0	f
@admin:localhost	$2b$12$y3lT6nJGWMTXBWF2kFRaRuUqALWaFe.dhbEEBKROoFnkoKBuDnLhK	1598686326	1	\N	0	\N	\N	\N	\N	0	\N
@user1.matrix:localhost	$2b$12$dn0uD1PzPVDtwslAtg23hepHxhJwad91qmniMChIoL.HbUr2myPSe	1673967243	0	\N	0	\N	\N	\N	\N	0	f
\.


--
-- Data for Name: users_in_public_rooms; Type: TABLE DATA; Schema: public; Owner: synapse
--

COPY public.users_in_public_rooms (user_id, room_id) FROM stdin;
@admin:localhost	!kmbTYjjsDRDHGgVqUP:localhost
@admin:localhost	!dKcbdDATuwwphjRPQP:localhost
@matrix_a:localhost	!kmbTYjjsDRDHGgVqUP:localhost
@matrix_a:localhost	!dKcbdDATuwwphjRPQP:localhost
@matrix_b:localhost	!kmbTYjjsDRDHGgVqUP:localhost
@matrix_b:localhost	!dKcbdDATuwwphjRPQP:localhost
@ignored_user:localhost	!kmbTYjjsDRDHGgVqUP:localhost
@ignored_user:localhost	!dKcbdDATuwwphjRPQP:localhost
@user1.matrix:localhost	!kmbTYjjsDRDHGgVqUP:localhost
@user1.matrix:localhost	!dKcbdDATuwwphjRPQP:localhost
\.


--
-- Data for Name: users_pending_deactivation; Type: TABLE DATA; Schema: public; Owner: synapse
--

COPY public.users_pending_deactivation (user_id) FROM stdin;
\.


--
-- Data for Name: users_to_send_full_presence_to; Type: TABLE DATA; Schema: public; Owner: synapse
--

COPY public.users_to_send_full_presence_to (user_id, presence_stream_id) FROM stdin;
\.


--
-- Data for Name: users_who_share_private_rooms; Type: TABLE DATA; Schema: public; Owner: synapse
--

COPY public.users_who_share_private_rooms (user_id, other_user_id, room_id) FROM stdin;
\.


--
-- Data for Name: worker_locks; Type: TABLE DATA; Schema: public; Owner: synapse
--

COPY public.worker_locks (lock_name, lock_key, instance_name, token, last_renewed_ts) FROM stdin;
\.


--
-- Name: account_data_sequence; Type: SEQUENCE SET; Schema: public; Owner: synapse
--

SELECT pg_catalog.setval('public.account_data_sequence', 12, true);


--
-- Name: cache_invalidation_stream_seq; Type: SEQUENCE SET; Schema: public; Owner: synapse
--

SELECT pg_catalog.setval('public.cache_invalidation_stream_seq', 62, true);


--
-- Name: device_inbox_sequence; Type: SEQUENCE SET; Schema: public; Owner: synapse
--

SELECT pg_catalog.setval('public.device_inbox_sequence', 1, true);


--
-- Name: event_auth_chain_id; Type: SEQUENCE SET; Schema: public; Owner: synapse
--

SELECT pg_catalog.setval('public.event_auth_chain_id', 26, true);


--
-- Name: events_backfill_stream_seq; Type: SEQUENCE SET; Schema: public; Owner: synapse
--

SELECT pg_catalog.setval('public.events_backfill_stream_seq', 1, true);


--
-- Name: events_stream_seq; Type: SEQUENCE SET; Schema: public; Owner: synapse
--

SELECT pg_catalog.setval('public.events_stream_seq', 31, true);


--
-- Name: instance_map_instance_id_seq; Type: SEQUENCE SET; Schema: public; Owner: synapse
--

SELECT pg_catalog.setval('public.instance_map_instance_id_seq', 1, false);


--
-- Name: presence_stream_sequence; Type: SEQUENCE SET; Schema: public; Owner: synapse
--

SELECT pg_catalog.setval('public.presence_stream_sequence', 7, true);


--
-- Name: receipts_sequence; Type: SEQUENCE SET; Schema: public; Owner: synapse
--

SELECT pg_catalog.setval('public.receipts_sequence', 1, true);


--
-- Name: state_group_id_seq; Type: SEQUENCE SET; Schema: public; Owner: synapse
--

SELECT pg_catalog.setval('public.state_group_id_seq', 38, true);


--
-- Name: user_id_seq; Type: SEQUENCE SET; Schema: public; Owner: synapse
--

SELECT pg_catalog.setval('public.user_id_seq', 1, false);


--
-- Name: access_tokens access_tokens_pkey; Type: CONSTRAINT; Schema: public; Owner: synapse
--

ALTER TABLE ONLY public.access_tokens
    ADD CONSTRAINT access_tokens_pkey PRIMARY KEY (id);


--
-- Name: access_tokens access_tokens_token_key; Type: CONSTRAINT; Schema: public; Owner: synapse
--

ALTER TABLE ONLY public.access_tokens
    ADD CONSTRAINT access_tokens_token_key UNIQUE (token);


--
-- Name: account_data account_data_uniqueness; Type: CONSTRAINT; Schema: public; Owner: synapse
--

ALTER TABLE ONLY public.account_data
    ADD CONSTRAINT account_data_uniqueness UNIQUE (user_id, account_data_type);


--
-- Name: account_validity account_validity_pkey; Type: CONSTRAINT; Schema: public; Owner: synapse
--

ALTER TABLE ONLY public.account_validity
    ADD CONSTRAINT account_validity_pkey PRIMARY KEY (user_id);


--
-- Name: application_services_state application_services_state_pkey; Type: CONSTRAINT; Schema: public; Owner: synapse
--

ALTER TABLE ONLY public.application_services_state
    ADD CONSTRAINT application_services_state_pkey PRIMARY KEY (as_id);


--
-- Name: application_services_txns application_services_txns_as_id_txn_id_key; Type: CONSTRAINT; Schema: public; Owner: synapse
--

ALTER TABLE ONLY public.application_services_txns
    ADD CONSTRAINT application_services_txns_as_id_txn_id_key UNIQUE (as_id, txn_id);


--
-- Name: applied_module_schemas applied_module_schemas_module_name_file_key; Type: CONSTRAINT; Schema: public; Owner: synapse
--

ALTER TABLE ONLY public.applied_module_schemas
    ADD CONSTRAINT applied_module_schemas_module_name_file_key UNIQUE (module_name, file);


--
-- Name: applied_schema_deltas applied_schema_deltas_version_file_key; Type: CONSTRAINT; Schema: public; Owner: synapse
--

ALTER TABLE ONLY public.applied_schema_deltas
    ADD CONSTRAINT applied_schema_deltas_version_file_key UNIQUE (version, file);


--
-- Name: appservice_stream_position appservice_stream_position_lock_key; Type: CONSTRAINT; Schema: public; Owner: synapse
--

ALTER TABLE ONLY public.appservice_stream_position
    ADD CONSTRAINT appservice_stream_position_lock_key UNIQUE (lock);


--
-- Name: background_updates background_updates_uniqueness; Type: CONSTRAINT; Schema: public; Owner: synapse
--

ALTER TABLE ONLY public.background_updates
    ADD CONSTRAINT background_updates_uniqueness UNIQUE (update_name);


--
-- Name: current_state_events current_state_events_event_id_key; Type: CONSTRAINT; Schema: public; Owner: synapse
--

ALTER TABLE ONLY public.current_state_events
    ADD CONSTRAINT current_state_events_event_id_key UNIQUE (event_id);


--
-- Name: current_state_events current_state_events_room_id_type_state_key_key; Type: CONSTRAINT; Schema: public; Owner: synapse
--

ALTER TABLE ONLY public.current_state_events
    ADD CONSTRAINT current_state_events_room_id_type_state_key_key UNIQUE (room_id, type, state_key);


--
-- Name: dehydrated_devices dehydrated_devices_pkey; Type: CONSTRAINT; Schema: public; Owner: synapse
--

ALTER TABLE ONLY public.dehydrated_devices
    ADD CONSTRAINT dehydrated_devices_pkey PRIMARY KEY (user_id);


--
-- Name: destination_rooms destination_rooms_pkey; Type: CONSTRAINT; Schema: public; Owner: synapse
--

ALTER TABLE ONLY public.destination_rooms
    ADD CONSTRAINT destination_rooms_pkey PRIMARY KEY (destination, room_id);


--
-- Name: destinations destinations_pkey; Type: CONSTRAINT; Schema: public; Owner: synapse
--

ALTER TABLE ONLY public.destinations
    ADD CONSTRAINT destinations_pkey PRIMARY KEY (destination);


--
-- Name: devices device_uniqueness; Type: CONSTRAINT; Schema: public; Owner: synapse
--

ALTER TABLE ONLY public.devices
    ADD CONSTRAINT device_uniqueness UNIQUE (user_id, device_id);


--
-- Name: e2e_device_keys_json e2e_device_keys_json_uniqueness; Type: CONSTRAINT; Schema: public; Owner: synapse
--

ALTER TABLE ONLY public.e2e_device_keys_json
    ADD CONSTRAINT e2e_device_keys_json_uniqueness UNIQUE (user_id, device_id);


--
-- Name: e2e_fallback_keys_json e2e_fallback_keys_json_uniqueness; Type: CONSTRAINT; Schema: public; Owner: synapse
--

ALTER TABLE ONLY public.e2e_fallback_keys_json
    ADD CONSTRAINT e2e_fallback_keys_json_uniqueness UNIQUE (user_id, device_id, algorithm);


--
-- Name: e2e_one_time_keys_json e2e_one_time_keys_json_uniqueness; Type: CONSTRAINT; Schema: public; Owner: synapse
--

ALTER TABLE ONLY public.e2e_one_time_keys_json
    ADD CONSTRAINT e2e_one_time_keys_json_uniqueness UNIQUE (user_id, device_id, algorithm, key_id);


--
-- Name: event_auth_chain_to_calculate event_auth_chain_to_calculate_pkey; Type: CONSTRAINT; Schema: public; Owner: synapse
--

ALTER TABLE ONLY public.event_auth_chain_to_calculate
    ADD CONSTRAINT event_auth_chain_to_calculate_pkey PRIMARY KEY (event_id);


--
-- Name: event_auth_chains event_auth_chains_pkey; Type: CONSTRAINT; Schema: public; Owner: synapse
--

ALTER TABLE ONLY public.event_auth_chains
    ADD CONSTRAINT event_auth_chains_pkey PRIMARY KEY (event_id);


--
-- Name: event_backward_extremities event_backward_extremities_event_id_room_id_key; Type: CONSTRAINT; Schema: public; Owner: synapse
--

ALTER TABLE ONLY public.event_backward_extremities
    ADD CONSTRAINT event_backward_extremities_event_id_room_id_key UNIQUE (event_id, room_id);


--
-- Name: event_edges event_edges_event_id_prev_event_id_room_id_is_state_key; Type: CONSTRAINT; Schema: public; Owner: synapse
--

ALTER TABLE ONLY public.event_edges
    ADD CONSTRAINT event_edges_event_id_prev_event_id_room_id_is_state_key UNIQUE (event_id, prev_event_id, room_id, is_state);


--
-- Name: event_expiry event_expiry_pkey; Type: CONSTRAINT; Schema: public; Owner: synapse
--

ALTER TABLE ONLY public.event_expiry
    ADD CONSTRAINT event_expiry_pkey PRIMARY KEY (event_id);


--
-- Name: event_forward_extremities event_forward_extremities_event_id_room_id_key; Type: CONSTRAINT; Schema: public; Owner: synapse
--

ALTER TABLE ONLY public.event_forward_extremities
    ADD CONSTRAINT event_forward_extremities_event_id_room_id_key UNIQUE (event_id, room_id);


--
-- Name: event_push_actions event_id_user_id_profile_tag_uniqueness; Type: CONSTRAINT; Schema: public; Owner: synapse
--

ALTER TABLE ONLY public.event_push_actions
    ADD CONSTRAINT event_id_user_id_profile_tag_uniqueness UNIQUE (room_id, event_id, user_id, profile_tag);


--
-- Name: event_json event_json_event_id_key; Type: CONSTRAINT; Schema: public; Owner: synapse
--

ALTER TABLE ONLY public.event_json
    ADD CONSTRAINT event_json_event_id_key UNIQUE (event_id);


--
-- Name: event_labels event_labels_pkey; Type: CONSTRAINT; Schema: public; Owner: synapse
--

ALTER TABLE ONLY public.event_labels
    ADD CONSTRAINT event_labels_pkey PRIMARY KEY (event_id, label);


--
-- Name: event_push_summary_stream_ordering event_push_summary_stream_ordering_lock_key; Type: CONSTRAINT; Schema: public; Owner: synapse
--

ALTER TABLE ONLY public.event_push_summary_stream_ordering
    ADD CONSTRAINT event_push_summary_stream_ordering_lock_key UNIQUE (lock);


--
-- Name: event_reference_hashes event_reference_hashes_event_id_algorithm_key; Type: CONSTRAINT; Schema: public; Owner: synapse
--

ALTER TABLE ONLY public.event_reference_hashes
    ADD CONSTRAINT event_reference_hashes_event_id_algorithm_key UNIQUE (event_id, algorithm);


--
-- Name: event_reports event_reports_pkey; Type: CONSTRAINT; Schema: public; Owner: synapse
--

ALTER TABLE ONLY public.event_reports
    ADD CONSTRAINT event_reports_pkey PRIMARY KEY (id);


--
-- Name: event_to_state_groups event_to_state_groups_event_id_key; Type: CONSTRAINT; Schema: public; Owner: synapse
--

ALTER TABLE ONLY public.event_to_state_groups
    ADD CONSTRAINT event_to_state_groups_event_id_key UNIQUE (event_id);


--
-- Name: events events_event_id_key; Type: CONSTRAINT; Schema: public; Owner: synapse
--

ALTER TABLE ONLY public.events
    ADD CONSTRAINT events_event_id_key UNIQUE (event_id);


--
-- Name: ex_outlier_stream ex_outlier_stream_pkey; Type: CONSTRAINT; Schema: public; Owner: synapse
--

ALTER TABLE ONLY public.ex_outlier_stream
    ADD CONSTRAINT ex_outlier_stream_pkey PRIMARY KEY (event_stream_ordering);


--
-- Name: group_roles group_roles_group_id_role_id_key; Type: CONSTRAINT; Schema: public; Owner: synapse
--

ALTER TABLE ONLY public.group_roles
    ADD CONSTRAINT group_roles_group_id_role_id_key UNIQUE (group_id, role_id);


--
-- Name: group_room_categories group_room_categories_group_id_category_id_key; Type: CONSTRAINT; Schema: public; Owner: synapse
--

ALTER TABLE ONLY public.group_room_categories
    ADD CONSTRAINT group_room_categories_group_id_category_id_key UNIQUE (group_id, category_id);


--
-- Name: group_summary_roles group_summary_roles_group_id_role_id_role_order_key; Type: CONSTRAINT; Schema: public; Owner: synapse
--

ALTER TABLE ONLY public.group_summary_roles
    ADD CONSTRAINT group_summary_roles_group_id_role_id_role_order_key UNIQUE (group_id, role_id, role_order);


--
-- Name: group_summary_room_categories group_summary_room_categories_group_id_category_id_cat_orde_key; Type: CONSTRAINT; Schema: public; Owner: synapse
--

ALTER TABLE ONLY public.group_summary_room_categories
    ADD CONSTRAINT group_summary_room_categories_group_id_category_id_cat_orde_key UNIQUE (group_id, category_id, cat_order);


--
-- Name: group_summary_rooms group_summary_rooms_group_id_category_id_room_id_room_order_key; Type: CONSTRAINT; Schema: public; Owner: synapse
--

ALTER TABLE ONLY public.group_summary_rooms
    ADD CONSTRAINT group_summary_rooms_group_id_category_id_room_id_room_order_key UNIQUE (group_id, category_id, room_id, room_order);


--
-- Name: instance_map instance_map_pkey; Type: CONSTRAINT; Schema: public; Owner: synapse
--

ALTER TABLE ONLY public.instance_map
    ADD CONSTRAINT instance_map_pkey PRIMARY KEY (instance_id);


--
-- Name: local_media_repository local_media_repository_media_id_key; Type: CONSTRAINT; Schema: public; Owner: synapse
--

ALTER TABLE ONLY public.local_media_repository
    ADD CONSTRAINT local_media_repository_media_id_key UNIQUE (media_id);


--
-- Name: user_threepids medium_address; Type: CONSTRAINT; Schema: public; Owner: synapse
--

ALTER TABLE ONLY public.user_threepids
    ADD CONSTRAINT medium_address UNIQUE (medium, address);


--
-- Name: open_id_tokens open_id_tokens_pkey; Type: CONSTRAINT; Schema: public; Owner: synapse
--

ALTER TABLE ONLY public.open_id_tokens
    ADD CONSTRAINT open_id_tokens_pkey PRIMARY KEY (token);


--
-- Name: presence presence_user_id_key; Type: CONSTRAINT; Schema: public; Owner: synapse
--

ALTER TABLE ONLY public.presence
    ADD CONSTRAINT presence_user_id_key UNIQUE (user_id);


--
-- Name: profiles profiles_user_id_key; Type: CONSTRAINT; Schema: public; Owner: synapse
--

ALTER TABLE ONLY public.profiles
    ADD CONSTRAINT profiles_user_id_key UNIQUE (user_id);


--
-- Name: push_rules_enable push_rules_enable_pkey; Type: CONSTRAINT; Schema: public; Owner: synapse
--

ALTER TABLE ONLY public.push_rules_enable
    ADD CONSTRAINT push_rules_enable_pkey PRIMARY KEY (id);


--
-- Name: push_rules_enable push_rules_enable_user_name_rule_id_key; Type: CONSTRAINT; Schema: public; Owner: synapse
--

ALTER TABLE ONLY public.push_rules_enable
    ADD CONSTRAINT push_rules_enable_user_name_rule_id_key UNIQUE (user_name, rule_id);


--
-- Name: push_rules push_rules_pkey; Type: CONSTRAINT; Schema: public; Owner: synapse
--

ALTER TABLE ONLY public.push_rules
    ADD CONSTRAINT push_rules_pkey PRIMARY KEY (id);


--
-- Name: push_rules push_rules_user_name_rule_id_key; Type: CONSTRAINT; Schema: public; Owner: synapse
--

ALTER TABLE ONLY public.push_rules
    ADD CONSTRAINT push_rules_user_name_rule_id_key UNIQUE (user_name, rule_id);


--
-- Name: pusher_throttle pusher_throttle_pkey; Type: CONSTRAINT; Schema: public; Owner: synapse
--

ALTER TABLE ONLY public.pusher_throttle
    ADD CONSTRAINT pusher_throttle_pkey PRIMARY KEY (pusher, room_id);


--
-- Name: pushers pushers2_app_id_pushkey_user_name_key; Type: CONSTRAINT; Schema: public; Owner: synapse
--

ALTER TABLE ONLY public.pushers
    ADD CONSTRAINT pushers2_app_id_pushkey_user_name_key UNIQUE (app_id, pushkey, user_name);


--
-- Name: pushers pushers2_pkey; Type: CONSTRAINT; Schema: public; Owner: synapse
--

ALTER TABLE ONLY public.pushers
    ADD CONSTRAINT pushers2_pkey PRIMARY KEY (id);


--
-- Name: receipts_graph receipts_graph_uniqueness; Type: CONSTRAINT; Schema: public; Owner: synapse
--

ALTER TABLE ONLY public.receipts_graph
    ADD CONSTRAINT receipts_graph_uniqueness UNIQUE (room_id, receipt_type, user_id);


--
-- Name: receipts_linearized receipts_linearized_uniqueness; Type: CONSTRAINT; Schema: public; Owner: synapse
--

ALTER TABLE ONLY public.receipts_linearized
    ADD CONSTRAINT receipts_linearized_uniqueness UNIQUE (room_id, receipt_type, user_id);


--
-- Name: received_transactions received_transactions_transaction_id_origin_key; Type: CONSTRAINT; Schema: public; Owner: synapse
--

ALTER TABLE ONLY public.received_transactions
    ADD CONSTRAINT received_transactions_transaction_id_origin_key UNIQUE (transaction_id, origin);


--
-- Name: redactions redactions_event_id_key; Type: CONSTRAINT; Schema: public; Owner: synapse
--

ALTER TABLE ONLY public.redactions
    ADD CONSTRAINT redactions_event_id_key UNIQUE (event_id);


--
-- Name: refresh_tokens refresh_tokens_pkey; Type: CONSTRAINT; Schema: public; Owner: synapse
--

ALTER TABLE ONLY public.refresh_tokens
    ADD CONSTRAINT refresh_tokens_pkey PRIMARY KEY (id);


--
-- Name: refresh_tokens refresh_tokens_token_key; Type: CONSTRAINT; Schema: public; Owner: synapse
--

ALTER TABLE ONLY public.refresh_tokens
    ADD CONSTRAINT refresh_tokens_token_key UNIQUE (token);


--
-- Name: registration_tokens registration_tokens_token_key; Type: CONSTRAINT; Schema: public; Owner: synapse
--

ALTER TABLE ONLY public.registration_tokens
    ADD CONSTRAINT registration_tokens_token_key UNIQUE (token);


--
-- Name: rejections rejections_event_id_key; Type: CONSTRAINT; Schema: public; Owner: synapse
--

ALTER TABLE ONLY public.rejections
    ADD CONSTRAINT rejections_event_id_key UNIQUE (event_id);


--
-- Name: remote_media_cache remote_media_cache_media_origin_media_id_key; Type: CONSTRAINT; Schema: public; Owner: synapse
--

ALTER TABLE ONLY public.remote_media_cache
    ADD CONSTRAINT remote_media_cache_media_origin_media_id_key UNIQUE (media_origin, media_id);


--
-- Name: room_account_data room_account_data_uniqueness; Type: CONSTRAINT; Schema: public; Owner: synapse
--

ALTER TABLE ONLY public.room_account_data
    ADD CONSTRAINT room_account_data_uniqueness UNIQUE (user_id, room_id, account_data_type);


--
-- Name: room_aliases room_aliases_room_alias_key; Type: CONSTRAINT; Schema: public; Owner: synapse
--

ALTER TABLE ONLY public.room_aliases
    ADD CONSTRAINT room_aliases_room_alias_key UNIQUE (room_alias);


--
-- Name: room_depth room_depth_room_id_key; Type: CONSTRAINT; Schema: public; Owner: synapse
--

ALTER TABLE ONLY public.room_depth
    ADD CONSTRAINT room_depth_room_id_key UNIQUE (room_id);


--
-- Name: room_memberships room_memberships_event_id_key; Type: CONSTRAINT; Schema: public; Owner: synapse
--

ALTER TABLE ONLY public.room_memberships
    ADD CONSTRAINT room_memberships_event_id_key UNIQUE (event_id);


--
-- Name: room_retention room_retention_pkey; Type: CONSTRAINT; Schema: public; Owner: synapse
--

ALTER TABLE ONLY public.room_retention
    ADD CONSTRAINT room_retention_pkey PRIMARY KEY (room_id, event_id);


--
-- Name: room_stats_current room_stats_current_pkey; Type: CONSTRAINT; Schema: public; Owner: synapse
--

ALTER TABLE ONLY public.room_stats_current
    ADD CONSTRAINT room_stats_current_pkey PRIMARY KEY (room_id);


--
-- Name: room_stats_historical room_stats_historical_pkey; Type: CONSTRAINT; Schema: public; Owner: synapse
--

ALTER TABLE ONLY public.room_stats_historical
    ADD CONSTRAINT room_stats_historical_pkey PRIMARY KEY (room_id, end_ts);


--
-- Name: room_tags_revisions room_tag_revisions_uniqueness; Type: CONSTRAINT; Schema: public; Owner: synapse
--

ALTER TABLE ONLY public.room_tags_revisions
    ADD CONSTRAINT room_tag_revisions_uniqueness UNIQUE (user_id, room_id);


--
-- Name: room_tags room_tag_uniqueness; Type: CONSTRAINT; Schema: public; Owner: synapse
--

ALTER TABLE ONLY public.room_tags
    ADD CONSTRAINT room_tag_uniqueness UNIQUE (user_id, room_id, tag);


--
-- Name: rooms rooms_pkey; Type: CONSTRAINT; Schema: public; Owner: synapse
--

ALTER TABLE ONLY public.rooms
    ADD CONSTRAINT rooms_pkey PRIMARY KEY (room_id);


--
-- Name: schema_compat_version schema_compat_version_lock_key; Type: CONSTRAINT; Schema: public; Owner: synapse
--

ALTER TABLE ONLY public.schema_compat_version
    ADD CONSTRAINT schema_compat_version_lock_key UNIQUE (lock);


--
-- Name: schema_version schema_version_lock_key; Type: CONSTRAINT; Schema: public; Owner: synapse
--

ALTER TABLE ONLY public.schema_version
    ADD CONSTRAINT schema_version_lock_key UNIQUE (lock);


--
-- Name: server_keys_json server_keys_json_uniqueness; Type: CONSTRAINT; Schema: public; Owner: synapse
--

ALTER TABLE ONLY public.server_keys_json
    ADD CONSTRAINT server_keys_json_uniqueness UNIQUE (server_name, key_id, from_server);


--
-- Name: server_signature_keys server_signature_keys_server_name_key_id_key; Type: CONSTRAINT; Schema: public; Owner: synapse
--

ALTER TABLE ONLY public.server_signature_keys
    ADD CONSTRAINT server_signature_keys_server_name_key_id_key UNIQUE (server_name, key_id);


--
-- Name: sessions sessions_session_type_session_id_key; Type: CONSTRAINT; Schema: public; Owner: synapse
--

ALTER TABLE ONLY public.sessions
    ADD CONSTRAINT sessions_session_type_session_id_key UNIQUE (session_type, session_id);


--
-- Name: state_events state_events_event_id_key; Type: CONSTRAINT; Schema: public; Owner: synapse
--

ALTER TABLE ONLY public.state_events
    ADD CONSTRAINT state_events_event_id_key UNIQUE (event_id);


--
-- Name: state_groups state_groups_pkey; Type: CONSTRAINT; Schema: public; Owner: synapse
--

ALTER TABLE ONLY public.state_groups
    ADD CONSTRAINT state_groups_pkey PRIMARY KEY (id);


--
-- Name: stats_incremental_position stats_incremental_position_lock_key; Type: CONSTRAINT; Schema: public; Owner: synapse
--

ALTER TABLE ONLY public.stats_incremental_position
    ADD CONSTRAINT stats_incremental_position_lock_key UNIQUE (lock);


--
-- Name: threepid_validation_session threepid_validation_session_pkey; Type: CONSTRAINT; Schema: public; Owner: synapse
--

ALTER TABLE ONLY public.threepid_validation_session
    ADD CONSTRAINT threepid_validation_session_pkey PRIMARY KEY (session_id);


--
-- Name: threepid_validation_token threepid_validation_token_pkey; Type: CONSTRAINT; Schema: public; Owner: synapse
--

ALTER TABLE ONLY public.threepid_validation_token
    ADD CONSTRAINT threepid_validation_token_pkey PRIMARY KEY (token);


--
-- Name: ui_auth_sessions_credentials ui_auth_sessions_credentials_session_id_stage_type_key; Type: CONSTRAINT; Schema: public; Owner: synapse
--

ALTER TABLE ONLY public.ui_auth_sessions_credentials
    ADD CONSTRAINT ui_auth_sessions_credentials_session_id_stage_type_key UNIQUE (session_id, stage_type);


--
-- Name: ui_auth_sessions_ips ui_auth_sessions_ips_session_id_ip_user_agent_key; Type: CONSTRAINT; Schema: public; Owner: synapse
--

ALTER TABLE ONLY public.ui_auth_sessions_ips
    ADD CONSTRAINT ui_auth_sessions_ips_session_id_ip_user_agent_key UNIQUE (session_id, ip, user_agent);


--
-- Name: ui_auth_sessions ui_auth_sessions_session_id_key; Type: CONSTRAINT; Schema: public; Owner: synapse
--

ALTER TABLE ONLY public.ui_auth_sessions
    ADD CONSTRAINT ui_auth_sessions_session_id_key UNIQUE (session_id);


--
-- Name: user_directory_stream_pos user_directory_stream_pos_lock_key; Type: CONSTRAINT; Schema: public; Owner: synapse
--

ALTER TABLE ONLY public.user_directory_stream_pos
    ADD CONSTRAINT user_directory_stream_pos_lock_key UNIQUE (lock);


--
-- Name: user_external_ids user_external_ids_auth_provider_external_id_key; Type: CONSTRAINT; Schema: public; Owner: synapse
--

ALTER TABLE ONLY public.user_external_ids
    ADD CONSTRAINT user_external_ids_auth_provider_external_id_key UNIQUE (auth_provider, external_id);


--
-- Name: user_stats_current user_stats_current_pkey; Type: CONSTRAINT; Schema: public; Owner: synapse
--

ALTER TABLE ONLY public.user_stats_current
    ADD CONSTRAINT user_stats_current_pkey PRIMARY KEY (user_id);


--
-- Name: user_stats_historical user_stats_historical_pkey; Type: CONSTRAINT; Schema: public; Owner: synapse
--

ALTER TABLE ONLY public.user_stats_historical
    ADD CONSTRAINT user_stats_historical_pkey PRIMARY KEY (user_id, end_ts);


--
-- Name: users users_name_key; Type: CONSTRAINT; Schema: public; Owner: synapse
--

ALTER TABLE ONLY public.users
    ADD CONSTRAINT users_name_key UNIQUE (name);


--
-- Name: users_to_send_full_presence_to users_to_send_full_presence_to_pkey; Type: CONSTRAINT; Schema: public; Owner: synapse
--

ALTER TABLE ONLY public.users_to_send_full_presence_to
    ADD CONSTRAINT users_to_send_full_presence_to_pkey PRIMARY KEY (user_id);


--
-- Name: access_tokens_device_id; Type: INDEX; Schema: public; Owner: synapse
--

CREATE INDEX access_tokens_device_id ON public.access_tokens USING btree (user_id, device_id);


--
-- Name: account_data_stream_id; Type: INDEX; Schema: public; Owner: synapse
--

CREATE INDEX account_data_stream_id ON public.account_data USING btree (user_id, stream_id);


--
-- Name: application_services_txns_id; Type: INDEX; Schema: public; Owner: synapse
--

CREATE INDEX application_services_txns_id ON public.application_services_txns USING btree (as_id);


--
-- Name: appservice_room_list_idx; Type: INDEX; Schema: public; Owner: synapse
--

CREATE UNIQUE INDEX appservice_room_list_idx ON public.appservice_room_list USING btree (appservice_id, network_id, room_id);


--
-- Name: batch_events_batch_id; Type: INDEX; Schema: public; Owner: synapse
--

CREATE INDEX batch_events_batch_id ON public.batch_events USING btree (batch_id);


--
-- Name: blocked_rooms_idx; Type: INDEX; Schema: public; Owner: synapse
--

CREATE UNIQUE INDEX blocked_rooms_idx ON public.blocked_rooms USING btree (room_id);


--
-- Name: cache_invalidation_stream_by_instance_id; Type: INDEX; Schema: public; Owner: synapse
--

CREATE UNIQUE INDEX cache_invalidation_stream_by_instance_id ON public.cache_invalidation_stream_by_instance USING btree (stream_id);


--
-- Name: chunk_events_event_id; Type: INDEX; Schema: public; Owner: synapse
--

CREATE UNIQUE INDEX chunk_events_event_id ON public.batch_events USING btree (event_id);


--
-- Name: current_state_delta_stream_idx; Type: INDEX; Schema: public; Owner: synapse
--

CREATE INDEX current_state_delta_stream_idx ON public.current_state_delta_stream USING btree (stream_id);


--
-- Name: current_state_events_member_index; Type: INDEX; Schema: public; Owner: synapse
--

CREATE INDEX current_state_events_member_index ON public.current_state_events USING btree (state_key) WHERE (type = 'm.room.member'::text);


--
-- Name: deleted_pushers_stream_id; Type: INDEX; Schema: public; Owner: synapse
--

CREATE INDEX deleted_pushers_stream_id ON public.deleted_pushers USING btree (stream_id);


--
-- Name: destination_rooms_room_id; Type: INDEX; Schema: public; Owner: synapse
--

CREATE INDEX destination_rooms_room_id ON public.destination_rooms USING btree (room_id);


--
-- Name: device_federation_inbox_sender_id; Type: INDEX; Schema: public; Owner: synapse
--

CREATE INDEX device_federation_inbox_sender_id ON public.device_federation_inbox USING btree (origin, message_id);


--
-- Name: device_federation_outbox_destination_id; Type: INDEX; Schema: public; Owner: synapse
--

CREATE INDEX device_federation_outbox_destination_id ON public.device_federation_outbox USING btree (destination, stream_id);


--
-- Name: device_federation_outbox_id; Type: INDEX; Schema: public; Owner: synapse
--

CREATE INDEX device_federation_outbox_id ON public.device_federation_outbox USING btree (stream_id);


--
-- Name: device_inbox_stream_id_user_id; Type: INDEX; Schema: public; Owner: synapse
--

CREATE INDEX device_inbox_stream_id_user_id ON public.device_inbox USING btree (stream_id, user_id);


--
-- Name: device_inbox_user_stream_id; Type: INDEX; Schema: public; Owner: synapse
--

CREATE INDEX device_inbox_user_stream_id ON public.device_inbox USING btree (user_id, device_id, stream_id);


--
-- Name: device_lists_outbound_last_success_unique_idx; Type: INDEX; Schema: public; Owner: synapse
--

CREATE UNIQUE INDEX device_lists_outbound_last_success_unique_idx ON public.device_lists_outbound_last_success USING btree (destination, user_id);


--
-- Name: device_lists_outbound_pokes_id; Type: INDEX; Schema: public; Owner: synapse
--

CREATE INDEX device_lists_outbound_pokes_id ON public.device_lists_outbound_pokes USING btree (destination, stream_id);


--
-- Name: device_lists_outbound_pokes_stream; Type: INDEX; Schema: public; Owner: synapse
--

CREATE INDEX device_lists_outbound_pokes_stream ON public.device_lists_outbound_pokes USING btree (stream_id);


--
-- Name: device_lists_outbound_pokes_user; Type: INDEX; Schema: public; Owner: synapse
--

CREATE INDEX device_lists_outbound_pokes_user ON public.device_lists_outbound_pokes USING btree (destination, user_id);


--
-- Name: device_lists_remote_cache_unique_id; Type: INDEX; Schema: public; Owner: synapse
--

CREATE UNIQUE INDEX device_lists_remote_cache_unique_id ON public.device_lists_remote_cache USING btree (user_id, device_id);


--
-- Name: device_lists_remote_extremeties_unique_idx; Type: INDEX; Schema: public; Owner: synapse
--

CREATE UNIQUE INDEX device_lists_remote_extremeties_unique_idx ON public.device_lists_remote_extremeties USING btree (user_id);


--
-- Name: device_lists_remote_resync_idx; Type: INDEX; Schema: public; Owner: synapse
--

CREATE UNIQUE INDEX device_lists_remote_resync_idx ON public.device_lists_remote_resync USING btree (user_id);


--
-- Name: device_lists_remote_resync_ts_idx; Type: INDEX; Schema: public; Owner: synapse
--

CREATE INDEX device_lists_remote_resync_ts_idx ON public.device_lists_remote_resync USING btree (added_ts);


--
-- Name: device_lists_stream_id; Type: INDEX; Schema: public; Owner: synapse
--

CREATE INDEX device_lists_stream_id ON public.device_lists_stream USING btree (stream_id, user_id);


--
-- Name: device_lists_stream_user_id; Type: INDEX; Schema: public; Owner: synapse
--

CREATE INDEX device_lists_stream_user_id ON public.device_lists_stream USING btree (user_id, device_id);


--
-- Name: e2e_cross_signing_keys_idx; Type: INDEX; Schema: public; Owner: synapse
--

CREATE UNIQUE INDEX e2e_cross_signing_keys_idx ON public.e2e_cross_signing_keys USING btree (user_id, keytype, stream_id);


--
-- Name: e2e_cross_signing_keys_stream_idx; Type: INDEX; Schema: public; Owner: synapse
--

CREATE UNIQUE INDEX e2e_cross_signing_keys_stream_idx ON public.e2e_cross_signing_keys USING btree (stream_id);


--
-- Name: e2e_cross_signing_signatures2_idx; Type: INDEX; Schema: public; Owner: synapse
--

CREATE INDEX e2e_cross_signing_signatures2_idx ON public.e2e_cross_signing_signatures USING btree (user_id, target_user_id, target_device_id);


--
-- Name: e2e_room_keys_versions_idx; Type: INDEX; Schema: public; Owner: synapse
--

CREATE UNIQUE INDEX e2e_room_keys_versions_idx ON public.e2e_room_keys_versions USING btree (user_id, version);


--
-- Name: e2e_room_keys_with_version_idx; Type: INDEX; Schema: public; Owner: synapse
--

CREATE UNIQUE INDEX e2e_room_keys_with_version_idx ON public.e2e_room_keys USING btree (user_id, version, room_id, session_id);


--
-- Name: erased_users_user; Type: INDEX; Schema: public; Owner: synapse
--

CREATE UNIQUE INDEX erased_users_user ON public.erased_users USING btree (user_id);


--
-- Name: ev_b_extrem_id; Type: INDEX; Schema: public; Owner: synapse
--

CREATE INDEX ev_b_extrem_id ON public.event_backward_extremities USING btree (event_id);


--
-- Name: ev_b_extrem_room; Type: INDEX; Schema: public; Owner: synapse
--

CREATE INDEX ev_b_extrem_room ON public.event_backward_extremities USING btree (room_id);


--
-- Name: ev_edges_id; Type: INDEX; Schema: public; Owner: synapse
--

CREATE INDEX ev_edges_id ON public.event_edges USING btree (event_id);


--
-- Name: ev_edges_prev_id; Type: INDEX; Schema: public; Owner: synapse
--

CREATE INDEX ev_edges_prev_id ON public.event_edges USING btree (prev_event_id);


--
-- Name: ev_extrem_id; Type: INDEX; Schema: public; Owner: synapse
--

CREATE INDEX ev_extrem_id ON public.event_forward_extremities USING btree (event_id);


--
-- Name: ev_extrem_room; Type: INDEX; Schema: public; Owner: synapse
--

CREATE INDEX ev_extrem_room ON public.event_forward_extremities USING btree (room_id);


--
-- Name: evauth_edges_id; Type: INDEX; Schema: public; Owner: synapse
--

CREATE INDEX evauth_edges_id ON public.event_auth USING btree (event_id);


--
-- Name: event_auth_chain_links_idx; Type: INDEX; Schema: public; Owner: synapse
--

CREATE INDEX event_auth_chain_links_idx ON public.event_auth_chain_links USING btree (origin_chain_id, target_chain_id);


--
-- Name: event_auth_chain_to_calculate_rm_id; Type: INDEX; Schema: public; Owner: synapse
--

CREATE INDEX event_auth_chain_to_calculate_rm_id ON public.event_auth_chain_to_calculate USING btree (room_id);


--
-- Name: event_auth_chains_c_seq_index; Type: INDEX; Schema: public; Owner: synapse
--

CREATE UNIQUE INDEX event_auth_chains_c_seq_index ON public.event_auth_chains USING btree (chain_id, sequence_number);


--
-- Name: event_contains_url_index; Type: INDEX; Schema: public; Owner: synapse
--

CREATE INDEX event_contains_url_index ON public.events USING btree (room_id, topological_ordering, stream_ordering) WHERE ((contains_url = true) AND (outlier = false));


--
-- Name: event_expiry_expiry_ts_idx; Type: INDEX; Schema: public; Owner: synapse
--

CREATE INDEX event_expiry_expiry_ts_idx ON public.event_expiry USING btree (expiry_ts);


--
-- Name: event_labels_room_id_label_idx; Type: INDEX; Schema: public; Owner: synapse
--

CREATE INDEX event_labels_room_id_label_idx ON public.event_labels USING btree (room_id, label, topological_ordering);


--
-- Name: event_push_actions_highlights_index; Type: INDEX; Schema: public; Owner: synapse
--

CREATE INDEX event_push_actions_highlights_index ON public.event_push_actions USING btree (user_id, room_id, topological_ordering, stream_ordering) WHERE (highlight = 1);


--
-- Name: event_push_actions_rm_tokens; Type: INDEX; Schema: public; Owner: synapse
--

CREATE INDEX event_push_actions_rm_tokens ON public.event_push_actions USING btree (user_id, room_id, topological_ordering, stream_ordering);


--
-- Name: event_push_actions_room_id_user_id; Type: INDEX; Schema: public; Owner: synapse
--

CREATE INDEX event_push_actions_room_id_user_id ON public.event_push_actions USING btree (room_id, user_id);


--
-- Name: event_push_actions_staging_id; Type: INDEX; Schema: public; Owner: synapse
--

CREATE INDEX event_push_actions_staging_id ON public.event_push_actions_staging USING btree (event_id);


--
-- Name: event_push_actions_stream_ordering; Type: INDEX; Schema: public; Owner: synapse
--

CREATE INDEX event_push_actions_stream_ordering ON public.event_push_actions USING btree (stream_ordering, user_id);


--
-- Name: event_push_actions_u_highlight; Type: INDEX; Schema: public; Owner: synapse
--

CREATE INDEX event_push_actions_u_highlight ON public.event_push_actions USING btree (user_id, stream_ordering);


--
-- Name: event_push_summary_user_rm; Type: INDEX; Schema: public; Owner: synapse
--

CREATE INDEX event_push_summary_user_rm ON public.event_push_summary USING btree (user_id, room_id);


--
-- Name: event_reference_hashes_id; Type: INDEX; Schema: public; Owner: synapse
--

CREATE INDEX event_reference_hashes_id ON public.event_reference_hashes USING btree (event_id);


--
-- Name: event_relations_id; Type: INDEX; Schema: public; Owner: synapse
--

CREATE UNIQUE INDEX event_relations_id ON public.event_relations USING btree (event_id);


--
-- Name: event_relations_relates; Type: INDEX; Schema: public; Owner: synapse
--

CREATE INDEX event_relations_relates ON public.event_relations USING btree (relates_to_id, relation_type, aggregation_key);


--
-- Name: event_search_ev_ridx; Type: INDEX; Schema: public; Owner: synapse
--

CREATE INDEX event_search_ev_ridx ON public.event_search USING btree (room_id);


--
-- Name: event_search_event_id_idx; Type: INDEX; Schema: public; Owner: synapse
--

CREATE UNIQUE INDEX event_search_event_id_idx ON public.event_search USING btree (event_id);


--
-- Name: event_search_fts_idx; Type: INDEX; Schema: public; Owner: synapse
--

CREATE INDEX event_search_fts_idx ON public.event_search USING gin (vector);


--
-- Name: event_to_state_groups_sg_index; Type: INDEX; Schema: public; Owner: synapse
--

CREATE INDEX event_to_state_groups_sg_index ON public.event_to_state_groups USING btree (state_group);


--
-- Name: event_txn_id_event_id; Type: INDEX; Schema: public; Owner: synapse
--

CREATE UNIQUE INDEX event_txn_id_event_id ON public.event_txn_id USING btree (event_id);


--
-- Name: event_txn_id_ts; Type: INDEX; Schema: public; Owner: synapse
--

CREATE INDEX event_txn_id_ts ON public.event_txn_id USING btree (inserted_ts);


--
-- Name: event_txn_id_txn_id; Type: INDEX; Schema: public; Owner: synapse
--

CREATE UNIQUE INDEX event_txn_id_txn_id ON public.event_txn_id USING btree (room_id, user_id, token_id, txn_id);


--
-- Name: events_order_room; Type: INDEX; Schema: public; Owner: synapse
--

CREATE INDEX events_order_room ON public.events USING btree (room_id, topological_ordering, stream_ordering);


--
-- Name: events_room_stream; Type: INDEX; Schema: public; Owner: synapse
--

CREATE INDEX events_room_stream ON public.events USING btree (room_id, stream_ordering);


--
-- Name: events_stream_ordering; Type: INDEX; Schema: public; Owner: synapse
--

CREATE UNIQUE INDEX events_stream_ordering ON public.events USING btree (stream_ordering);


--
-- Name: events_ts; Type: INDEX; Schema: public; Owner: synapse
--

CREATE INDEX events_ts ON public.events USING btree (origin_server_ts, stream_ordering);


--
-- Name: federation_inbound_events_staging_instance_event; Type: INDEX; Schema: public; Owner: synapse
--

CREATE UNIQUE INDEX federation_inbound_events_staging_instance_event ON public.federation_inbound_events_staging USING btree (origin, event_id);


--
-- Name: federation_inbound_events_staging_room; Type: INDEX; Schema: public; Owner: synapse
--

CREATE INDEX federation_inbound_events_staging_room ON public.federation_inbound_events_staging USING btree (room_id, received_ts);


--
-- Name: federation_stream_position_instance; Type: INDEX; Schema: public; Owner: synapse
--

CREATE UNIQUE INDEX federation_stream_position_instance ON public.federation_stream_position USING btree (type, instance_name);


--
-- Name: group_attestations_remote_g_idx; Type: INDEX; Schema: public; Owner: synapse
--

CREATE INDEX group_attestations_remote_g_idx ON public.group_attestations_remote USING btree (group_id, user_id);


--
-- Name: group_attestations_remote_u_idx; Type: INDEX; Schema: public; Owner: synapse
--

CREATE INDEX group_attestations_remote_u_idx ON public.group_attestations_remote USING btree (user_id);


--
-- Name: group_attestations_remote_v_idx; Type: INDEX; Schema: public; Owner: synapse
--

CREATE INDEX group_attestations_remote_v_idx ON public.group_attestations_remote USING btree (valid_until_ms);


--
-- Name: group_attestations_renewals_g_idx; Type: INDEX; Schema: public; Owner: synapse
--

CREATE INDEX group_attestations_renewals_g_idx ON public.group_attestations_renewals USING btree (group_id, user_id);


--
-- Name: group_attestations_renewals_u_idx; Type: INDEX; Schema: public; Owner: synapse
--

CREATE INDEX group_attestations_renewals_u_idx ON public.group_attestations_renewals USING btree (user_id);


--
-- Name: group_attestations_renewals_v_idx; Type: INDEX; Schema: public; Owner: synapse
--

CREATE INDEX group_attestations_renewals_v_idx ON public.group_attestations_renewals USING btree (valid_until_ms);


--
-- Name: group_invites_g_idx; Type: INDEX; Schema: public; Owner: synapse
--

CREATE UNIQUE INDEX group_invites_g_idx ON public.group_invites USING btree (group_id, user_id);


--
-- Name: group_invites_u_idx; Type: INDEX; Schema: public; Owner: synapse
--

CREATE INDEX group_invites_u_idx ON public.group_invites USING btree (user_id);


--
-- Name: group_rooms_g_idx; Type: INDEX; Schema: public; Owner: synapse
--

CREATE UNIQUE INDEX group_rooms_g_idx ON public.group_rooms USING btree (group_id, room_id);


--
-- Name: group_rooms_r_idx; Type: INDEX; Schema: public; Owner: synapse
--

CREATE INDEX group_rooms_r_idx ON public.group_rooms USING btree (room_id);


--
-- Name: group_summary_rooms_g_idx; Type: INDEX; Schema: public; Owner: synapse
--

CREATE UNIQUE INDEX group_summary_rooms_g_idx ON public.group_summary_rooms USING btree (group_id, room_id, category_id);


--
-- Name: group_summary_users_g_idx; Type: INDEX; Schema: public; Owner: synapse
--

CREATE INDEX group_summary_users_g_idx ON public.group_summary_users USING btree (group_id);


--
-- Name: group_users_g_idx; Type: INDEX; Schema: public; Owner: synapse
--

CREATE UNIQUE INDEX group_users_g_idx ON public.group_users USING btree (group_id, user_id);


--
-- Name: group_users_u_idx; Type: INDEX; Schema: public; Owner: synapse
--

CREATE INDEX group_users_u_idx ON public.group_users USING btree (user_id);


--
-- Name: groups_idx; Type: INDEX; Schema: public; Owner: synapse
--

CREATE UNIQUE INDEX groups_idx ON public.groups USING btree (group_id);


--
-- Name: ignored_users_ignored_user_id; Type: INDEX; Schema: public; Owner: synapse
--

CREATE INDEX ignored_users_ignored_user_id ON public.ignored_users USING btree (ignored_user_id);


--
-- Name: ignored_users_uniqueness; Type: INDEX; Schema: public; Owner: synapse
--

CREATE UNIQUE INDEX ignored_users_uniqueness ON public.ignored_users USING btree (ignorer_user_id, ignored_user_id);


--
-- Name: insertion_event_edges_event_id; Type: INDEX; Schema: public; Owner: synapse
--

CREATE INDEX insertion_event_edges_event_id ON public.insertion_event_edges USING btree (event_id);


--
-- Name: insertion_event_edges_insertion_prev_event_id; Type: INDEX; Schema: public; Owner: synapse
--

CREATE INDEX insertion_event_edges_insertion_prev_event_id ON public.insertion_event_edges USING btree (insertion_prev_event_id);


--
-- Name: insertion_event_edges_insertion_room_id; Type: INDEX; Schema: public; Owner: synapse
--

CREATE INDEX insertion_event_edges_insertion_room_id ON public.insertion_event_edges USING btree (room_id);


--
-- Name: insertion_event_extremities_event_id; Type: INDEX; Schema: public; Owner: synapse
--

CREATE UNIQUE INDEX insertion_event_extremities_event_id ON public.insertion_event_extremities USING btree (event_id);


--
-- Name: insertion_event_extremities_room_id; Type: INDEX; Schema: public; Owner: synapse
--

CREATE INDEX insertion_event_extremities_room_id ON public.insertion_event_extremities USING btree (room_id);


--
-- Name: insertion_events_event_id; Type: INDEX; Schema: public; Owner: synapse
--

CREATE UNIQUE INDEX insertion_events_event_id ON public.insertion_events USING btree (event_id);


--
-- Name: insertion_events_next_batch_id; Type: INDEX; Schema: public; Owner: synapse
--

CREATE INDEX insertion_events_next_batch_id ON public.insertion_events USING btree (next_batch_id);


--
-- Name: instance_map_idx; Type: INDEX; Schema: public; Owner: synapse
--

CREATE UNIQUE INDEX instance_map_idx ON public.instance_map USING btree (instance_name);


--
-- Name: local_current_membership_idx; Type: INDEX; Schema: public; Owner: synapse
--

CREATE UNIQUE INDEX local_current_membership_idx ON public.local_current_membership USING btree (user_id, room_id);


--
-- Name: local_current_membership_room_idx; Type: INDEX; Schema: public; Owner: synapse
--

CREATE INDEX local_current_membership_room_idx ON public.local_current_membership USING btree (room_id);


--
-- Name: local_group_membership_g_idx; Type: INDEX; Schema: public; Owner: synapse
--

CREATE INDEX local_group_membership_g_idx ON public.local_group_membership USING btree (group_id);


--
-- Name: local_group_membership_u_idx; Type: INDEX; Schema: public; Owner: synapse
--

CREATE INDEX local_group_membership_u_idx ON public.local_group_membership USING btree (user_id, group_id);


--
-- Name: local_group_updates_stream_id_index; Type: INDEX; Schema: public; Owner: synapse
--

CREATE UNIQUE INDEX local_group_updates_stream_id_index ON public.local_group_updates USING btree (stream_id);


--
-- Name: local_media_repository_thumbn_media_id_width_height_method_key; Type: INDEX; Schema: public; Owner: synapse
--

CREATE UNIQUE INDEX local_media_repository_thumbn_media_id_width_height_method_key ON public.local_media_repository_thumbnails USING btree (media_id, thumbnail_width, thumbnail_height, thumbnail_type, thumbnail_method);


--
-- Name: local_media_repository_thumbnails_media_id; Type: INDEX; Schema: public; Owner: synapse
--

CREATE INDEX local_media_repository_thumbnails_media_id ON public.local_media_repository_thumbnails USING btree (media_id);


--
-- Name: local_media_repository_url_cache_by_url_download_ts; Type: INDEX; Schema: public; Owner: synapse
--

CREATE INDEX local_media_repository_url_cache_by_url_download_ts ON public.local_media_repository_url_cache USING btree (url, download_ts);


--
-- Name: local_media_repository_url_cache_expires_idx; Type: INDEX; Schema: public; Owner: synapse
--

CREATE INDEX local_media_repository_url_cache_expires_idx ON public.local_media_repository_url_cache USING btree (expires_ts);


--
-- Name: local_media_repository_url_cache_media_idx; Type: INDEX; Schema: public; Owner: synapse
--

CREATE INDEX local_media_repository_url_cache_media_idx ON public.local_media_repository_url_cache USING btree (media_id);


--
-- Name: local_media_repository_url_idx; Type: INDEX; Schema: public; Owner: synapse
--

CREATE INDEX local_media_repository_url_idx ON public.local_media_repository USING btree (created_ts) WHERE (url_cache IS NOT NULL);


--
-- Name: monthly_active_users_time_stamp; Type: INDEX; Schema: public; Owner: synapse
--

CREATE INDEX monthly_active_users_time_stamp ON public.monthly_active_users USING btree ("timestamp");


--
-- Name: monthly_active_users_users; Type: INDEX; Schema: public; Owner: synapse
--

CREATE UNIQUE INDEX monthly_active_users_users ON public.monthly_active_users USING btree (user_id);


--
-- Name: open_id_tokens_ts_valid_until_ms; Type: INDEX; Schema: public; Owner: synapse
--

CREATE INDEX open_id_tokens_ts_valid_until_ms ON public.open_id_tokens USING btree (ts_valid_until_ms);


--
-- Name: presence_stream_id; Type: INDEX; Schema: public; Owner: synapse
--

CREATE INDEX presence_stream_id ON public.presence_stream USING btree (stream_id, user_id);


--
-- Name: presence_stream_state_not_offline_idx; Type: INDEX; Schema: public; Owner: synapse
--

CREATE INDEX presence_stream_state_not_offline_idx ON public.presence_stream USING btree (state) WHERE (state <> 'offline'::text);


--
-- Name: presence_stream_user_id; Type: INDEX; Schema: public; Owner: synapse
--

CREATE INDEX presence_stream_user_id ON public.presence_stream USING btree (user_id);


--
-- Name: public_room_index; Type: INDEX; Schema: public; Owner: synapse
--

CREATE INDEX public_room_index ON public.rooms USING btree (is_public);


--
-- Name: public_room_list_stream_idx; Type: INDEX; Schema: public; Owner: synapse
--

CREATE INDEX public_room_list_stream_idx ON public.public_room_list_stream USING btree (stream_id);


--
-- Name: public_room_list_stream_network; Type: INDEX; Schema: public; Owner: synapse
--

CREATE INDEX public_room_list_stream_network ON public.public_room_list_stream USING btree (appservice_id, network_id, room_id);


--
-- Name: public_room_list_stream_rm_idx; Type: INDEX; Schema: public; Owner: synapse
--

CREATE INDEX public_room_list_stream_rm_idx ON public.public_room_list_stream USING btree (room_id, stream_id);


--
-- Name: push_rules_enable_user_name; Type: INDEX; Schema: public; Owner: synapse
--

CREATE INDEX push_rules_enable_user_name ON public.push_rules_enable USING btree (user_name);


--
-- Name: push_rules_stream_id; Type: INDEX; Schema: public; Owner: synapse
--

CREATE INDEX push_rules_stream_id ON public.push_rules_stream USING btree (stream_id);


--
-- Name: push_rules_stream_user_stream_id; Type: INDEX; Schema: public; Owner: synapse
--

CREATE INDEX push_rules_stream_user_stream_id ON public.push_rules_stream USING btree (user_id, stream_id);


--
-- Name: push_rules_user_name; Type: INDEX; Schema: public; Owner: synapse
--

CREATE INDEX push_rules_user_name ON public.push_rules USING btree (user_name);


--
-- Name: ratelimit_override_idx; Type: INDEX; Schema: public; Owner: synapse
--

CREATE UNIQUE INDEX ratelimit_override_idx ON public.ratelimit_override USING btree (user_id);


--
-- Name: receipts_linearized_id; Type: INDEX; Schema: public; Owner: synapse
--

CREATE INDEX receipts_linearized_id ON public.receipts_linearized USING btree (stream_id);


--
-- Name: receipts_linearized_room_stream; Type: INDEX; Schema: public; Owner: synapse
--

CREATE INDEX receipts_linearized_room_stream ON public.receipts_linearized USING btree (room_id, stream_id);


--
-- Name: receipts_linearized_user; Type: INDEX; Schema: public; Owner: synapse
--

CREATE INDEX receipts_linearized_user ON public.receipts_linearized USING btree (user_id);


--
-- Name: received_transactions_ts; Type: INDEX; Schema: public; Owner: synapse
--

CREATE INDEX received_transactions_ts ON public.received_transactions USING btree (ts);


--
-- Name: redactions_have_censored_ts; Type: INDEX; Schema: public; Owner: synapse
--

CREATE INDEX redactions_have_censored_ts ON public.redactions USING btree (received_ts) WHERE (NOT have_censored);


--
-- Name: redactions_redacts; Type: INDEX; Schema: public; Owner: synapse
--

CREATE INDEX redactions_redacts ON public.redactions USING btree (redacts);


--
-- Name: remote_media_repository_thumbn_media_origin_id_width_height_met; Type: INDEX; Schema: public; Owner: synapse
--

CREATE UNIQUE INDEX remote_media_repository_thumbn_media_origin_id_width_height_met ON public.remote_media_cache_thumbnails USING btree (media_origin, media_id, thumbnail_width, thumbnail_height, thumbnail_type, thumbnail_method);


--
-- Name: remote_profile_cache_time; Type: INDEX; Schema: public; Owner: synapse
--

CREATE INDEX remote_profile_cache_time ON public.remote_profile_cache USING btree (last_check);


--
-- Name: remote_profile_cache_user_id; Type: INDEX; Schema: public; Owner: synapse
--

CREATE UNIQUE INDEX remote_profile_cache_user_id ON public.remote_profile_cache USING btree (user_id);


--
-- Name: room_account_data_stream_id; Type: INDEX; Schema: public; Owner: synapse
--

CREATE INDEX room_account_data_stream_id ON public.room_account_data USING btree (user_id, stream_id);


--
-- Name: room_alias_servers_alias; Type: INDEX; Schema: public; Owner: synapse
--

CREATE INDEX room_alias_servers_alias ON public.room_alias_servers USING btree (room_alias);


--
-- Name: room_aliases_id; Type: INDEX; Schema: public; Owner: synapse
--

CREATE INDEX room_aliases_id ON public.room_aliases USING btree (room_id);


--
-- Name: room_memberships_room_id; Type: INDEX; Schema: public; Owner: synapse
--

CREATE INDEX room_memberships_room_id ON public.room_memberships USING btree (room_id);


--
-- Name: room_memberships_user_id; Type: INDEX; Schema: public; Owner: synapse
--

CREATE INDEX room_memberships_user_id ON public.room_memberships USING btree (user_id);


--
-- Name: room_memberships_user_room_forgotten; Type: INDEX; Schema: public; Owner: synapse
--

CREATE INDEX room_memberships_user_room_forgotten ON public.room_memberships USING btree (user_id, room_id) WHERE (forgotten = 1);


--
-- Name: room_retention_max_lifetime_idx; Type: INDEX; Schema: public; Owner: synapse
--

CREATE INDEX room_retention_max_lifetime_idx ON public.room_retention USING btree (max_lifetime);


--
-- Name: room_stats_earliest_token_idx; Type: INDEX; Schema: public; Owner: synapse
--

CREATE UNIQUE INDEX room_stats_earliest_token_idx ON public.room_stats_earliest_token USING btree (room_id);


--
-- Name: room_stats_historical_end_ts; Type: INDEX; Schema: public; Owner: synapse
--

CREATE INDEX room_stats_historical_end_ts ON public.room_stats_historical USING btree (end_ts);


--
-- Name: room_stats_state_room; Type: INDEX; Schema: public; Owner: synapse
--

CREATE UNIQUE INDEX room_stats_state_room ON public.room_stats_state USING btree (room_id);


--
-- Name: state_group_edges_idx; Type: INDEX; Schema: public; Owner: synapse
--

CREATE INDEX state_group_edges_idx ON public.state_group_edges USING btree (state_group);


--
-- Name: state_group_edges_prev_idx; Type: INDEX; Schema: public; Owner: synapse
--

CREATE INDEX state_group_edges_prev_idx ON public.state_group_edges USING btree (prev_state_group);


--
-- Name: state_groups_room_id_idx; Type: INDEX; Schema: public; Owner: synapse
--

CREATE INDEX state_groups_room_id_idx ON public.state_groups USING btree (room_id);


--
-- Name: state_groups_state_type_idx; Type: INDEX; Schema: public; Owner: synapse
--

CREATE INDEX state_groups_state_type_idx ON public.state_groups_state USING btree (state_group, type, state_key);


--
-- Name: stream_ordering_to_exterm_idx; Type: INDEX; Schema: public; Owner: synapse
--

CREATE INDEX stream_ordering_to_exterm_idx ON public.stream_ordering_to_exterm USING btree (stream_ordering);


--
-- Name: stream_ordering_to_exterm_rm_idx; Type: INDEX; Schema: public; Owner: synapse
--

CREATE INDEX stream_ordering_to_exterm_rm_idx ON public.stream_ordering_to_exterm USING btree (room_id, stream_ordering);


--
-- Name: stream_positions_idx; Type: INDEX; Schema: public; Owner: synapse
--

CREATE UNIQUE INDEX stream_positions_idx ON public.stream_positions USING btree (stream_name, instance_name);


--
-- Name: threepid_guest_access_tokens_index; Type: INDEX; Schema: public; Owner: synapse
--

CREATE UNIQUE INDEX threepid_guest_access_tokens_index ON public.threepid_guest_access_tokens USING btree (medium, address);


--
-- Name: threepid_validation_token_session_id; Type: INDEX; Schema: public; Owner: synapse
--

CREATE INDEX threepid_validation_token_session_id ON public.threepid_validation_token USING btree (session_id);


--
-- Name: user_daily_visits_ts_idx; Type: INDEX; Schema: public; Owner: synapse
--

CREATE INDEX user_daily_visits_ts_idx ON public.user_daily_visits USING btree ("timestamp");


--
-- Name: user_daily_visits_uts_idx; Type: INDEX; Schema: public; Owner: synapse
--

CREATE INDEX user_daily_visits_uts_idx ON public.user_daily_visits USING btree (user_id, "timestamp");


--
-- Name: user_directory_room_idx; Type: INDEX; Schema: public; Owner: synapse
--

CREATE INDEX user_directory_room_idx ON public.user_directory USING btree (room_id);


--
-- Name: user_directory_search_fts_idx; Type: INDEX; Schema: public; Owner: synapse
--

CREATE INDEX user_directory_search_fts_idx ON public.user_directory_search USING gin (vector);


--
-- Name: user_directory_search_user_idx; Type: INDEX; Schema: public; Owner: synapse
--

CREATE UNIQUE INDEX user_directory_search_user_idx ON public.user_directory_search USING btree (user_id);


--
-- Name: user_directory_user_idx; Type: INDEX; Schema: public; Owner: synapse
--

CREATE UNIQUE INDEX user_directory_user_idx ON public.user_directory USING btree (user_id);


--
-- Name: user_external_ids_user_id_idx; Type: INDEX; Schema: public; Owner: synapse
--

CREATE INDEX user_external_ids_user_id_idx ON public.user_external_ids USING btree (user_id);


--
-- Name: user_filters_unique; Type: INDEX; Schema: public; Owner: synapse
--

CREATE UNIQUE INDEX user_filters_unique ON public.user_filters USING btree (user_id, filter_id);


--
-- Name: user_ips_device_id; Type: INDEX; Schema: public; Owner: synapse
--

CREATE INDEX user_ips_device_id ON public.user_ips USING btree (user_id, device_id, last_seen);


--
-- Name: user_ips_last_seen; Type: INDEX; Schema: public; Owner: synapse
--

CREATE INDEX user_ips_last_seen ON public.user_ips USING btree (user_id, last_seen);


--
-- Name: user_ips_last_seen_only; Type: INDEX; Schema: public; Owner: synapse
--

CREATE INDEX user_ips_last_seen_only ON public.user_ips USING btree (last_seen);


--
-- Name: user_ips_user_token_ip_unique_index; Type: INDEX; Schema: public; Owner: synapse
--

CREATE UNIQUE INDEX user_ips_user_token_ip_unique_index ON public.user_ips USING btree (user_id, access_token, ip);


--
-- Name: user_signature_stream_idx; Type: INDEX; Schema: public; Owner: synapse
--

CREATE UNIQUE INDEX user_signature_stream_idx ON public.user_signature_stream USING btree (stream_id);


--
-- Name: user_stats_historical_end_ts; Type: INDEX; Schema: public; Owner: synapse
--

CREATE INDEX user_stats_historical_end_ts ON public.user_stats_historical USING btree (end_ts);


--
-- Name: user_threepid_id_server_idx; Type: INDEX; Schema: public; Owner: synapse
--

CREATE UNIQUE INDEX user_threepid_id_server_idx ON public.user_threepid_id_server USING btree (user_id, medium, address, id_server);


--
-- Name: user_threepids_medium_address; Type: INDEX; Schema: public; Owner: synapse
--

CREATE INDEX user_threepids_medium_address ON public.user_threepids USING btree (medium, address);


--
-- Name: user_threepids_user_id; Type: INDEX; Schema: public; Owner: synapse
--

CREATE INDEX user_threepids_user_id ON public.user_threepids USING btree (user_id);


--
-- Name: users_creation_ts; Type: INDEX; Schema: public; Owner: synapse
--

CREATE INDEX users_creation_ts ON public.users USING btree (creation_ts);


--
-- Name: users_have_local_media; Type: INDEX; Schema: public; Owner: synapse
--

CREATE INDEX users_have_local_media ON public.local_media_repository USING btree (user_id, created_ts);


--
-- Name: users_in_public_rooms_r_idx; Type: INDEX; Schema: public; Owner: synapse
--

CREATE INDEX users_in_public_rooms_r_idx ON public.users_in_public_rooms USING btree (room_id);


--
-- Name: users_in_public_rooms_u_idx; Type: INDEX; Schema: public; Owner: synapse
--

CREATE UNIQUE INDEX users_in_public_rooms_u_idx ON public.users_in_public_rooms USING btree (user_id, room_id);


--
-- Name: users_who_share_private_rooms_o_idx; Type: INDEX; Schema: public; Owner: synapse
--

CREATE INDEX users_who_share_private_rooms_o_idx ON public.users_who_share_private_rooms USING btree (other_user_id);


--
-- Name: users_who_share_private_rooms_r_idx; Type: INDEX; Schema: public; Owner: synapse
--

CREATE INDEX users_who_share_private_rooms_r_idx ON public.users_who_share_private_rooms USING btree (room_id);


--
-- Name: users_who_share_private_rooms_u_idx; Type: INDEX; Schema: public; Owner: synapse
--

CREATE UNIQUE INDEX users_who_share_private_rooms_u_idx ON public.users_who_share_private_rooms USING btree (user_id, other_user_id, room_id);


--
-- Name: worker_locks_key; Type: INDEX; Schema: public; Owner: synapse
--

CREATE UNIQUE INDEX worker_locks_key ON public.worker_locks USING btree (lock_name, lock_key);


--
-- Name: access_tokens access_tokens_refresh_token_id_fkey; Type: FK CONSTRAINT; Schema: public; Owner: synapse
--

ALTER TABLE ONLY public.access_tokens
    ADD CONSTRAINT access_tokens_refresh_token_id_fkey FOREIGN KEY (refresh_token_id) REFERENCES public.refresh_tokens(id) ON DELETE CASCADE;


--
-- Name: destination_rooms destination_rooms_destination_fkey; Type: FK CONSTRAINT; Schema: public; Owner: synapse
--

ALTER TABLE ONLY public.destination_rooms
    ADD CONSTRAINT destination_rooms_destination_fkey FOREIGN KEY (destination) REFERENCES public.destinations(destination);


--
-- Name: destination_rooms destination_rooms_room_id_fkey; Type: FK CONSTRAINT; Schema: public; Owner: synapse
--

ALTER TABLE ONLY public.destination_rooms
    ADD CONSTRAINT destination_rooms_room_id_fkey FOREIGN KEY (room_id) REFERENCES public.rooms(room_id);


--
-- Name: event_txn_id event_txn_id_event_id_fkey; Type: FK CONSTRAINT; Schema: public; Owner: synapse
--

ALTER TABLE ONLY public.event_txn_id
    ADD CONSTRAINT event_txn_id_event_id_fkey FOREIGN KEY (event_id) REFERENCES public.events(event_id) ON DELETE CASCADE;


--
-- Name: event_txn_id event_txn_id_token_id_fkey; Type: FK CONSTRAINT; Schema: public; Owner: synapse
--

ALTER TABLE ONLY public.event_txn_id
    ADD CONSTRAINT event_txn_id_token_id_fkey FOREIGN KEY (token_id) REFERENCES public.access_tokens(id) ON DELETE CASCADE;


--
-- Name: refresh_tokens refresh_tokens_next_token_id_fkey; Type: FK CONSTRAINT; Schema: public; Owner: synapse
--

ALTER TABLE ONLY public.refresh_tokens
    ADD CONSTRAINT refresh_tokens_next_token_id_fkey FOREIGN KEY (next_token_id) REFERENCES public.refresh_tokens(id) ON DELETE CASCADE;


--
-- Name: ui_auth_sessions_credentials ui_auth_sessions_credentials_session_id_fkey; Type: FK CONSTRAINT; Schema: public; Owner: synapse
--

ALTER TABLE ONLY public.ui_auth_sessions_credentials
    ADD CONSTRAINT ui_auth_sessions_credentials_session_id_fkey FOREIGN KEY (session_id) REFERENCES public.ui_auth_sessions(session_id);


--
-- Name: ui_auth_sessions_ips ui_auth_sessions_ips_session_id_fkey; Type: FK CONSTRAINT; Schema: public; Owner: synapse
--

ALTER TABLE ONLY public.ui_auth_sessions_ips
    ADD CONSTRAINT ui_auth_sessions_ips_session_id_fkey FOREIGN KEY (session_id) REFERENCES public.ui_auth_sessions(session_id);


--
-- Name: users_to_send_full_presence_to users_to_send_full_presence_to_user_id_fkey; Type: FK CONSTRAINT; Schema: public; Owner: synapse
--

ALTER TABLE ONLY public.users_to_send_full_presence_to
    ADD CONSTRAINT users_to_send_full_presence_to_user_id_fkey FOREIGN KEY (user_id) REFERENCES public.users(name);


--
-- PostgreSQL database dump complete
--

