\c synapse
--
-- PostgreSQL database dump
--

-- Dumped from database version 15.1
-- Dumped by pg_dump version 15.1

SET statement_timeout = 0;
SET lock_timeout = 0;
SET idle_in_transaction_session_timeout = 0;
SET client_encoding = 'UTF8';
SET standard_conforming_strings = on;
SELECT pg_catalog.set_config('search_path', '', false);
SET check_function_bodies = false;
SET xmloption = content;
SET client_min_messages = warning;
SET row_security = off;

SET default_tablespace = '';

SET default_table_access_method = heap;

--
-- Name: access_tokens; Type: TABLE; Schema: public; Owner: synapse
--

CREATE TABLE public.access_tokens (
    id bigint NOT NULL,
    user_id text NOT NULL,
    device_id text,
    token text NOT NULL,
    valid_until_ms bigint,
    puppets_user_id text,
    last_validated bigint,
    refresh_token_id bigint,
    used boolean
);


ALTER TABLE public.access_tokens OWNER TO synapse;

--
-- Name: account_data; Type: TABLE; Schema: public; Owner: synapse
--

CREATE TABLE public.account_data (
    user_id text NOT NULL,
    account_data_type text NOT NULL,
    stream_id bigint NOT NULL,
    content text NOT NULL,
    instance_name text
);


ALTER TABLE public.account_data OWNER TO synapse;

--
-- Name: account_data_sequence; Type: SEQUENCE; Schema: public; Owner: synapse
--

CREATE SEQUENCE public.account_data_sequence
    START WITH 1
    INCREMENT BY 1
    NO MINVALUE
    NO MAXVALUE
    CACHE 1;


ALTER TABLE public.account_data_sequence OWNER TO synapse;

--
-- Name: account_validity; Type: TABLE; Schema: public; Owner: synapse
--

CREATE TABLE public.account_validity (
    user_id text NOT NULL,
    expiration_ts_ms bigint NOT NULL,
    email_sent boolean NOT NULL,
    renewal_token text,
    token_used_ts_ms bigint
);


ALTER TABLE public.account_validity OWNER TO synapse;

--
-- Name: application_services_state; Type: TABLE; Schema: public; Owner: synapse
--

CREATE TABLE public.application_services_state (
    as_id text NOT NULL,
    state character varying(5),
    last_txn bigint,
    read_receipt_stream_id bigint,
    presence_stream_id bigint
);


ALTER TABLE public.application_services_state OWNER TO synapse;

--
-- Name: application_services_txns; Type: TABLE; Schema: public; Owner: synapse
--

CREATE TABLE public.application_services_txns (
    as_id text NOT NULL,
    txn_id bigint NOT NULL,
    event_ids text NOT NULL
);


ALTER TABLE public.application_services_txns OWNER TO synapse;

--
-- Name: applied_module_schemas; Type: TABLE; Schema: public; Owner: synapse
--

CREATE TABLE public.applied_module_schemas (
    module_name text NOT NULL,
    file text NOT NULL
);


ALTER TABLE public.applied_module_schemas OWNER TO synapse;

--
-- Name: applied_schema_deltas; Type: TABLE; Schema: public; Owner: synapse
--

CREATE TABLE public.applied_schema_deltas (
    version integer NOT NULL,
    file text NOT NULL
);


ALTER TABLE public.applied_schema_deltas OWNER TO synapse;

--
-- Name: appservice_room_list; Type: TABLE; Schema: public; Owner: synapse
--

CREATE TABLE public.appservice_room_list (
    appservice_id text NOT NULL,
    network_id text NOT NULL,
    room_id text NOT NULL
);


ALTER TABLE public.appservice_room_list OWNER TO synapse;

--
-- Name: appservice_stream_position; Type: TABLE; Schema: public; Owner: synapse
--

CREATE TABLE public.appservice_stream_position (
    lock character(1) DEFAULT 'X'::bpchar NOT NULL,
    stream_ordering bigint,
    CONSTRAINT appservice_stream_position_lock_check CHECK ((lock = 'X'::bpchar))
);


ALTER TABLE public.appservice_stream_position OWNER TO synapse;

--
-- Name: background_updates; Type: TABLE; Schema: public; Owner: synapse
--

CREATE TABLE public.background_updates (
    update_name text NOT NULL,
    progress_json text NOT NULL,
    depends_on text,
    ordering integer DEFAULT 0 NOT NULL
);


ALTER TABLE public.background_updates OWNER TO synapse;

--
-- Name: batch_events; Type: TABLE; Schema: public; Owner: synapse
--

CREATE TABLE public.batch_events (
    event_id text NOT NULL,
    room_id text NOT NULL,
    batch_id text NOT NULL
);


ALTER TABLE public.batch_events OWNER TO synapse;

--
-- Name: blocked_rooms; Type: TABLE; Schema: public; Owner: synapse
--

CREATE TABLE public.blocked_rooms (
    room_id text NOT NULL,
    user_id text NOT NULL
);


ALTER TABLE public.blocked_rooms OWNER TO synapse;

--
-- Name: cache_invalidation_stream_by_instance; Type: TABLE; Schema: public; Owner: synapse
--

CREATE TABLE public.cache_invalidation_stream_by_instance (
    stream_id bigint NOT NULL,
    instance_name text NOT NULL,
    cache_func text NOT NULL,
    keys text[],
    invalidation_ts bigint
);


ALTER TABLE public.cache_invalidation_stream_by_instance OWNER TO synapse;

--
-- Name: cache_invalidation_stream_seq; Type: SEQUENCE; Schema: public; Owner: synapse
--

CREATE SEQUENCE public.cache_invalidation_stream_seq
    START WITH 1
    INCREMENT BY 1
    NO MINVALUE
    NO MAXVALUE
    CACHE 1;


ALTER TABLE public.cache_invalidation_stream_seq OWNER TO synapse;

--
-- Name: current_state_delta_stream; Type: TABLE; Schema: public; Owner: synapse
--

CREATE TABLE public.current_state_delta_stream (
    stream_id bigint NOT NULL,
    room_id text NOT NULL,
    type text NOT NULL,
    state_key text NOT NULL,
    event_id text,
    prev_event_id text,
    instance_name text
);


ALTER TABLE public.current_state_delta_stream OWNER TO synapse;

--
-- Name: current_state_events; Type: TABLE; Schema: public; Owner: synapse
--

CREATE TABLE public.current_state_events (
    event_id text NOT NULL,
    room_id text NOT NULL,
    type text NOT NULL,
    state_key text NOT NULL,
    membership text
);


ALTER TABLE public.current_state_events OWNER TO synapse;

--
-- Name: dehydrated_devices; Type: TABLE; Schema: public; Owner: synapse
--

CREATE TABLE public.dehydrated_devices (
    user_id text NOT NULL,
    device_id text NOT NULL,
    device_data text NOT NULL
);


ALTER TABLE public.dehydrated_devices OWNER TO synapse;

--
-- Name: deleted_pushers; Type: TABLE; Schema: public; Owner: synapse
--

CREATE TABLE public.deleted_pushers (
    stream_id bigint NOT NULL,
    app_id text NOT NULL,
    pushkey text NOT NULL,
    user_id text NOT NULL
);


ALTER TABLE public.deleted_pushers OWNER TO synapse;

--
-- Name: destination_rooms; Type: TABLE; Schema: public; Owner: synapse
--

CREATE TABLE public.destination_rooms (
    destination text NOT NULL,
    room_id text NOT NULL,
    stream_ordering bigint NOT NULL
);


ALTER TABLE public.destination_rooms OWNER TO synapse;

--
-- Name: destinations; Type: TABLE; Schema: public; Owner: synapse
--

CREATE TABLE public.destinations (
    destination text NOT NULL,
    retry_last_ts bigint,
    retry_interval bigint,
    failure_ts bigint,
    last_successful_stream_ordering bigint
);


ALTER TABLE public.destinations OWNER TO synapse;

--
-- Name: device_federation_inbox; Type: TABLE; Schema: public; Owner: synapse
--

CREATE TABLE public.device_federation_inbox (
    origin text NOT NULL,
    message_id text NOT NULL,
    received_ts bigint NOT NULL,
    instance_name text
);


ALTER TABLE public.device_federation_inbox OWNER TO synapse;

--
-- Name: device_federation_outbox; Type: TABLE; Schema: public; Owner: synapse
--

CREATE TABLE public.device_federation_outbox (
    destination text NOT NULL,
    stream_id bigint NOT NULL,
    queued_ts bigint NOT NULL,
    messages_json text NOT NULL,
    instance_name text
);


ALTER TABLE public.device_federation_outbox OWNER TO synapse;

--
-- Name: device_inbox; Type: TABLE; Schema: public; Owner: synapse
--

CREATE TABLE public.device_inbox (
    user_id text NOT NULL,
    device_id text NOT NULL,
    stream_id bigint NOT NULL,
    message_json text NOT NULL,
    instance_name text
);


ALTER TABLE public.device_inbox OWNER TO synapse;

--
-- Name: device_inbox_sequence; Type: SEQUENCE; Schema: public; Owner: synapse
--

CREATE SEQUENCE public.device_inbox_sequence
    START WITH 1
    INCREMENT BY 1
    NO MINVALUE
    NO MAXVALUE
    CACHE 1;


ALTER TABLE public.device_inbox_sequence OWNER TO synapse;

--
-- Name: device_lists_outbound_last_success; Type: TABLE; Schema: public; Owner: synapse
--

CREATE TABLE public.device_lists_outbound_last_success (
    destination text NOT NULL,
    user_id text NOT NULL,
    stream_id bigint NOT NULL
);


ALTER TABLE public.device_lists_outbound_last_success OWNER TO synapse;

--
-- Name: device_lists_outbound_pokes; Type: TABLE; Schema: public; Owner: synapse
--

CREATE TABLE public.device_lists_outbound_pokes (
    destination text NOT NULL,
    stream_id bigint NOT NULL,
    user_id text NOT NULL,
    device_id text NOT NULL,
    sent boolean NOT NULL,
    ts bigint NOT NULL,
    opentracing_context text
);


ALTER TABLE public.device_lists_outbound_pokes OWNER TO synapse;

--
-- Name: device_lists_remote_cache; Type: TABLE; Schema: public; Owner: synapse
--

CREATE TABLE public.device_lists_remote_cache (
    user_id text NOT NULL,
    device_id text NOT NULL,
    content text NOT NULL
);


ALTER TABLE public.device_lists_remote_cache OWNER TO synapse;

--
-- Name: device_lists_remote_extremeties; Type: TABLE; Schema: public; Owner: synapse
--

CREATE TABLE public.device_lists_remote_extremeties (
    user_id text NOT NULL,
    stream_id text NOT NULL
);


ALTER TABLE public.device_lists_remote_extremeties OWNER TO synapse;

--
-- Name: device_lists_remote_resync; Type: TABLE; Schema: public; Owner: synapse
--

CREATE TABLE public.device_lists_remote_resync (
    user_id text NOT NULL,
    added_ts bigint NOT NULL
);


ALTER TABLE public.device_lists_remote_resync OWNER TO synapse;

--
-- Name: device_lists_stream; Type: TABLE; Schema: public; Owner: synapse
--

CREATE TABLE public.device_lists_stream (
    stream_id bigint NOT NULL,
    user_id text NOT NULL,
    device_id text NOT NULL
);


ALTER TABLE public.device_lists_stream OWNER TO synapse;

--
-- Name: devices; Type: TABLE; Schema: public; Owner: synapse
--

CREATE TABLE public.devices (
    user_id text NOT NULL,
    device_id text NOT NULL,
    display_name text,
    last_seen bigint,
    ip text,
    user_agent text,
    hidden boolean DEFAULT false
);


ALTER TABLE public.devices OWNER TO synapse;

--
-- Name: e2e_cross_signing_keys; Type: TABLE; Schema: public; Owner: synapse
--

CREATE TABLE public.e2e_cross_signing_keys (
    user_id text NOT NULL,
    keytype text NOT NULL,
    keydata text NOT NULL,
    stream_id bigint NOT NULL
);


ALTER TABLE public.e2e_cross_signing_keys OWNER TO synapse;

--
-- Name: e2e_cross_signing_signatures; Type: TABLE; Schema: public; Owner: synapse
--

CREATE TABLE public.e2e_cross_signing_signatures (
    user_id text NOT NULL,
    key_id text NOT NULL,
    target_user_id text NOT NULL,
    target_device_id text NOT NULL,
    signature text NOT NULL
);


ALTER TABLE public.e2e_cross_signing_signatures OWNER TO synapse;

--
-- Name: e2e_device_keys_json; Type: TABLE; Schema: public; Owner: synapse
--

CREATE TABLE public.e2e_device_keys_json (
    user_id text NOT NULL,
    device_id text NOT NULL,
    ts_added_ms bigint NOT NULL,
    key_json text NOT NULL
);


ALTER TABLE public.e2e_device_keys_json OWNER TO synapse;

--
-- Name: e2e_fallback_keys_json; Type: TABLE; Schema: public; Owner: synapse
--

CREATE TABLE public.e2e_fallback_keys_json (
    user_id text NOT NULL,
    device_id text NOT NULL,
    algorithm text NOT NULL,
    key_id text NOT NULL,
    key_json text NOT NULL,
    used boolean DEFAULT false NOT NULL
);


ALTER TABLE public.e2e_fallback_keys_json OWNER TO synapse;

--
-- Name: e2e_one_time_keys_json; Type: TABLE; Schema: public; Owner: synapse
--

CREATE TABLE public.e2e_one_time_keys_json (
    user_id text NOT NULL,
    device_id text NOT NULL,
    algorithm text NOT NULL,
    key_id text NOT NULL,
    ts_added_ms bigint NOT NULL,
    key_json text NOT NULL
);


ALTER TABLE public.e2e_one_time_keys_json OWNER TO synapse;

--
-- Name: e2e_room_keys; Type: TABLE; Schema: public; Owner: synapse
--

CREATE TABLE public.e2e_room_keys (
    user_id text NOT NULL,
    room_id text NOT NULL,
    session_id text NOT NULL,
    version bigint NOT NULL,
    first_message_index integer,
    forwarded_count integer,
    is_verified boolean,
    session_data text NOT NULL
);


ALTER TABLE public.e2e_room_keys OWNER TO synapse;

--
-- Name: e2e_room_keys_versions; Type: TABLE; Schema: public; Owner: synapse
--

CREATE TABLE public.e2e_room_keys_versions (
    user_id text NOT NULL,
    version bigint NOT NULL,
    algorithm text NOT NULL,
    auth_data text NOT NULL,
    deleted smallint DEFAULT 0 NOT NULL,
    etag bigint
);


ALTER TABLE public.e2e_room_keys_versions OWNER TO synapse;

--
-- Name: erased_users; Type: TABLE; Schema: public; Owner: synapse
--

CREATE TABLE public.erased_users (
    user_id text NOT NULL
);


ALTER TABLE public.erased_users OWNER TO synapse;

--
-- Name: event_auth; Type: TABLE; Schema: public; Owner: synapse
--

CREATE TABLE public.event_auth (
    event_id text NOT NULL,
    auth_id text NOT NULL,
    room_id text NOT NULL
);


ALTER TABLE public.event_auth OWNER TO synapse;

--
-- Name: event_auth_chain_id; Type: SEQUENCE; Schema: public; Owner: synapse
--

CREATE SEQUENCE public.event_auth_chain_id
    START WITH 1
    INCREMENT BY 1
    NO MINVALUE
    NO MAXVALUE
    CACHE 1;


ALTER TABLE public.event_auth_chain_id OWNER TO synapse;

--
-- Name: event_auth_chain_links; Type: TABLE; Schema: public; Owner: synapse
--

CREATE TABLE public.event_auth_chain_links (
    origin_chain_id bigint NOT NULL,
    origin_sequence_number bigint NOT NULL,
    target_chain_id bigint NOT NULL,
    target_sequence_number bigint NOT NULL
);


ALTER TABLE public.event_auth_chain_links OWNER TO synapse;

--
-- Name: event_auth_chain_to_calculate; Type: TABLE; Schema: public; Owner: synapse
--

CREATE TABLE public.event_auth_chain_to_calculate (
    event_id text NOT NULL,
    room_id text NOT NULL,
    type text NOT NULL,
    state_key text NOT NULL
);


ALTER TABLE public.event_auth_chain_to_calculate OWNER TO synapse;

--
-- Name: event_auth_chains; Type: TABLE; Schema: public; Owner: synapse
--

CREATE TABLE public.event_auth_chains (
    event_id text NOT NULL,
    chain_id bigint NOT NULL,
    sequence_number bigint NOT NULL
);


ALTER TABLE public.event_auth_chains OWNER TO synapse;

--
-- Name: event_backward_extremities; Type: TABLE; Schema: public; Owner: synapse
--

CREATE TABLE public.event_backward_extremities (
    event_id text NOT NULL,
    room_id text NOT NULL
);


ALTER TABLE public.event_backward_extremities OWNER TO synapse;

--
-- Name: event_edges; Type: TABLE; Schema: public; Owner: synapse
--

CREATE TABLE public.event_edges (
    event_id text NOT NULL,
    prev_event_id text NOT NULL,
    room_id text NOT NULL,
    is_state boolean NOT NULL
);


ALTER TABLE public.event_edges OWNER TO synapse;

--
-- Name: event_expiry; Type: TABLE; Schema: public; Owner: synapse
--

CREATE TABLE public.event_expiry (
    event_id text NOT NULL,
    expiry_ts bigint NOT NULL
);


ALTER TABLE public.event_expiry OWNER TO synapse;

--
-- Name: event_forward_extremities; Type: TABLE; Schema: public; Owner: synapse
--

CREATE TABLE public.event_forward_extremities (
    event_id text NOT NULL,
    room_id text NOT NULL
);


ALTER TABLE public.event_forward_extremities OWNER TO synapse;

--
-- Name: event_json; Type: TABLE; Schema: public; Owner: synapse
--

CREATE TABLE public.event_json (
    event_id text NOT NULL,
    room_id text NOT NULL,
    internal_metadata text NOT NULL,
    json text NOT NULL,
    format_version integer
);


ALTER TABLE public.event_json OWNER TO synapse;

--
-- Name: event_labels; Type: TABLE; Schema: public; Owner: synapse
--

CREATE TABLE public.event_labels (
    event_id text NOT NULL,
    label text NOT NULL,
    room_id text NOT NULL,
    topological_ordering bigint NOT NULL
);


ALTER TABLE public.event_labels OWNER TO synapse;

--
-- Name: event_push_actions; Type: TABLE; Schema: public; Owner: synapse
--

CREATE TABLE public.event_push_actions (
    room_id text NOT NULL,
    event_id text NOT NULL,
    user_id text NOT NULL,
    profile_tag character varying(32),
    actions text NOT NULL,
    topological_ordering bigint,
    stream_ordering bigint,
    notif smallint,
    highlight smallint,
    unread smallint
);


ALTER TABLE public.event_push_actions OWNER TO synapse;

--
-- Name: event_push_actions_staging; Type: TABLE; Schema: public; Owner: synapse
--

CREATE TABLE public.event_push_actions_staging (
    event_id text NOT NULL,
    user_id text NOT NULL,
    actions text NOT NULL,
    notif smallint NOT NULL,
    highlight smallint NOT NULL,
    unread smallint
);


ALTER TABLE public.event_push_actions_staging OWNER TO synapse;

--
-- Name: event_push_summary; Type: TABLE; Schema: public; Owner: synapse
--

CREATE TABLE public.event_push_summary (
    user_id text NOT NULL,
    room_id text NOT NULL,
    notif_count bigint NOT NULL,
    stream_ordering bigint NOT NULL,
    unread_count bigint
);


ALTER TABLE public.event_push_summary OWNER TO synapse;

--
-- Name: event_push_summary_stream_ordering; Type: TABLE; Schema: public; Owner: synapse
--

CREATE TABLE public.event_push_summary_stream_ordering (
    lock character(1) DEFAULT 'X'::bpchar NOT NULL,
    stream_ordering bigint NOT NULL,
    CONSTRAINT event_push_summary_stream_ordering_lock_check CHECK ((lock = 'X'::bpchar))
);


ALTER TABLE public.event_push_summary_stream_ordering OWNER TO synapse;

--
-- Name: event_reference_hashes; Type: TABLE; Schema: public; Owner: synapse
--

CREATE TABLE public.event_reference_hashes (
    event_id text,
    algorithm text,
    hash bytea
);


ALTER TABLE public.event_reference_hashes OWNER TO synapse;

--
-- Name: event_relations; Type: TABLE; Schema: public; Owner: synapse
--

CREATE TABLE public.event_relations (
    event_id text NOT NULL,
    relates_to_id text NOT NULL,
    relation_type text NOT NULL,
    aggregation_key text
);


ALTER TABLE public.event_relations OWNER TO synapse;

--
-- Name: event_reports; Type: TABLE; Schema: public; Owner: synapse
--

CREATE TABLE public.event_reports (
    id bigint NOT NULL,
    received_ts bigint NOT NULL,
    room_id text NOT NULL,
    event_id text NOT NULL,
    user_id text NOT NULL,
    reason text,
    content text
);


ALTER TABLE public.event_reports OWNER TO synapse;

--
-- Name: event_search; Type: TABLE; Schema: public; Owner: synapse
--

CREATE TABLE public.event_search (
    event_id text,
    room_id text,
    sender text,
    key text,
    vector tsvector,
    origin_server_ts bigint,
    stream_ordering bigint
);


ALTER TABLE public.event_search OWNER TO synapse;

--
-- Name: event_to_state_groups; Type: TABLE; Schema: public; Owner: synapse
--

CREATE TABLE public.event_to_state_groups (
    event_id text NOT NULL,
    state_group bigint NOT NULL
);


ALTER TABLE public.event_to_state_groups OWNER TO synapse;

--
-- Name: event_txn_id; Type: TABLE; Schema: public; Owner: synapse
--

CREATE TABLE public.event_txn_id (
    event_id text NOT NULL,
    room_id text NOT NULL,
    user_id text NOT NULL,
    token_id bigint NOT NULL,
    txn_id text NOT NULL,
    inserted_ts bigint NOT NULL
);


ALTER TABLE public.event_txn_id OWNER TO synapse;

--
-- Name: events; Type: TABLE; Schema: public; Owner: synapse
--

CREATE TABLE public.events (
    topological_ordering bigint NOT NULL,
    event_id text NOT NULL,
    type text NOT NULL,
    room_id text NOT NULL,
    content text,
    unrecognized_keys text,
    processed boolean NOT NULL,
    outlier boolean NOT NULL,
    depth bigint DEFAULT 0 NOT NULL,
    origin_server_ts bigint,
    received_ts bigint,
    sender text,
    contains_url boolean,
    instance_name text,
    stream_ordering bigint
);


ALTER TABLE public.events OWNER TO synapse;

--
-- Name: events_backfill_stream_seq; Type: SEQUENCE; Schema: public; Owner: synapse
--

CREATE SEQUENCE public.events_backfill_stream_seq
    START WITH 1
    INCREMENT BY 1
    NO MINVALUE
    NO MAXVALUE
    CACHE 1;


ALTER TABLE public.events_backfill_stream_seq OWNER TO synapse;

--
-- Name: events_stream_seq; Type: SEQUENCE; Schema: public; Owner: synapse
--

CREATE SEQUENCE public.events_stream_seq
    START WITH 1
    INCREMENT BY 1
    NO MINVALUE
    NO MAXVALUE
    CACHE 1;


ALTER TABLE public.events_stream_seq OWNER TO synapse;

--
-- Name: ex_outlier_stream; Type: TABLE; Schema: public; Owner: synapse
--

CREATE TABLE public.ex_outlier_stream (
    event_stream_ordering bigint NOT NULL,
    event_id text NOT NULL,
    state_group bigint NOT NULL,
    instance_name text
);


ALTER TABLE public.ex_outlier_stream OWNER TO synapse;

--
-- Name: federation_inbound_events_staging; Type: TABLE; Schema: public; Owner: synapse
--

CREATE TABLE public.federation_inbound_events_staging (
    origin text NOT NULL,
    room_id text NOT NULL,
    event_id text NOT NULL,
    received_ts bigint NOT NULL,
    event_json text NOT NULL,
    internal_metadata text NOT NULL
);


ALTER TABLE public.federation_inbound_events_staging OWNER TO synapse;

--
-- Name: federation_stream_position; Type: TABLE; Schema: public; Owner: synapse
--

CREATE TABLE public.federation_stream_position (
    type text NOT NULL,
    stream_id bigint NOT NULL,
    instance_name text DEFAULT 'master'::text NOT NULL
);


ALTER TABLE public.federation_stream_position OWNER TO synapse;

--
-- Name: group_attestations_remote; Type: TABLE; Schema: public; Owner: synapse
--

CREATE TABLE public.group_attestations_remote (
    group_id text NOT NULL,
    user_id text NOT NULL,
    valid_until_ms bigint NOT NULL,
    attestation_json text NOT NULL
);


ALTER TABLE public.group_attestations_remote OWNER TO synapse;

--
-- Name: group_attestations_renewals; Type: TABLE; Schema: public; Owner: synapse
--

CREATE TABLE public.group_attestations_renewals (
    group_id text NOT NULL,
    user_id text NOT NULL,
    valid_until_ms bigint NOT NULL
);


ALTER TABLE public.group_attestations_renewals OWNER TO synapse;

--
-- Name: group_invites; Type: TABLE; Schema: public; Owner: synapse
--

CREATE TABLE public.group_invites (
    group_id text NOT NULL,
    user_id text NOT NULL
);


ALTER TABLE public.group_invites OWNER TO synapse;

--
-- Name: group_roles; Type: TABLE; Schema: public; Owner: synapse
--

CREATE TABLE public.group_roles (
    group_id text NOT NULL,
    role_id text NOT NULL,
    profile text NOT NULL,
    is_public boolean NOT NULL
);


ALTER TABLE public.group_roles OWNER TO synapse;

--
-- Name: group_room_categories; Type: TABLE; Schema: public; Owner: synapse
--

CREATE TABLE public.group_room_categories (
    group_id text NOT NULL,
    category_id text NOT NULL,
    profile text NOT NULL,
    is_public boolean NOT NULL
);


ALTER TABLE public.group_room_categories OWNER TO synapse;

--
-- Name: group_rooms; Type: TABLE; Schema: public; Owner: synapse
--

CREATE TABLE public.group_rooms (
    group_id text NOT NULL,
    room_id text NOT NULL,
    is_public boolean NOT NULL
);


ALTER TABLE public.group_rooms OWNER TO synapse;

--
-- Name: group_summary_roles; Type: TABLE; Schema: public; Owner: synapse
--

CREATE TABLE public.group_summary_roles (
    group_id text NOT NULL,
    role_id text NOT NULL,
    role_order bigint NOT NULL,
    CONSTRAINT group_summary_roles_role_order_check CHECK ((role_order > 0))
);


ALTER TABLE public.group_summary_roles OWNER TO synapse;

--
-- Name: group_summary_room_categories; Type: TABLE; Schema: public; Owner: synapse
--

CREATE TABLE public.group_summary_room_categories (
    group_id text NOT NULL,
    category_id text NOT NULL,
    cat_order bigint NOT NULL,
    CONSTRAINT group_summary_room_categories_cat_order_check CHECK ((cat_order > 0))
);


ALTER TABLE public.group_summary_room_categories OWNER TO synapse;

--
-- Name: group_summary_rooms; Type: TABLE; Schema: public; Owner: synapse
--

CREATE TABLE public.group_summary_rooms (
    group_id text NOT NULL,
    room_id text NOT NULL,
    category_id text NOT NULL,
    room_order bigint NOT NULL,
    is_public boolean NOT NULL,
    CONSTRAINT group_summary_rooms_room_order_check CHECK ((room_order > 0))
);


ALTER TABLE public.group_summary_rooms OWNER TO synapse;

--
-- Name: group_summary_users; Type: TABLE; Schema: public; Owner: synapse
--

CREATE TABLE public.group_summary_users (
    group_id text NOT NULL,
    user_id text NOT NULL,
    role_id text NOT NULL,
    user_order bigint NOT NULL,
    is_public boolean NOT NULL
);


ALTER TABLE public.group_summary_users OWNER TO synapse;

--
-- Name: group_users; Type: TABLE; Schema: public; Owner: synapse
--

CREATE TABLE public.group_users (
    group_id text NOT NULL,
    user_id text NOT NULL,
    is_admin boolean NOT NULL,
    is_public boolean NOT NULL
);


ALTER TABLE public.group_users OWNER TO synapse;

--
-- Name: groups; Type: TABLE; Schema: public; Owner: synapse
--

CREATE TABLE public.groups (
    group_id text NOT NULL,
    name text,
    avatar_url text,
    short_description text,
    long_description text,
    is_public boolean NOT NULL,
    join_policy text DEFAULT 'invite'::text NOT NULL
);


ALTER TABLE public.groups OWNER TO synapse;

--
-- Name: ignored_users; Type: TABLE; Schema: public; Owner: synapse
--

CREATE TABLE public.ignored_users (
    ignorer_user_id text NOT NULL,
    ignored_user_id text NOT NULL
);


ALTER TABLE public.ignored_users OWNER TO synapse;

--
-- Name: insertion_event_edges; Type: TABLE; Schema: public; Owner: synapse
--

CREATE TABLE public.insertion_event_edges (
    event_id text NOT NULL,
    room_id text NOT NULL,
    insertion_prev_event_id text NOT NULL
);


ALTER TABLE public.insertion_event_edges OWNER TO synapse;

--
-- Name: insertion_event_extremities; Type: TABLE; Schema: public; Owner: synapse
--

CREATE TABLE public.insertion_event_extremities (
    event_id text NOT NULL,
    room_id text NOT NULL
);


ALTER TABLE public.insertion_event_extremities OWNER TO synapse;

--
-- Name: insertion_events; Type: TABLE; Schema: public; Owner: synapse
--

CREATE TABLE public.insertion_events (
    event_id text NOT NULL,
    room_id text NOT NULL,
    next_batch_id text NOT NULL
);


ALTER TABLE public.insertion_events OWNER TO synapse;

--
-- Name: instance_map; Type: TABLE; Schema: public; Owner: synapse
--

CREATE TABLE public.instance_map (
    instance_id integer NOT NULL,
    instance_name text NOT NULL
);


ALTER TABLE public.instance_map OWNER TO synapse;

--
-- Name: instance_map_instance_id_seq; Type: SEQUENCE; Schema: public; Owner: synapse
--

CREATE SEQUENCE public.instance_map_instance_id_seq
    AS integer
    START WITH 1
    INCREMENT BY 1
    NO MINVALUE
    NO MAXVALUE
    CACHE 1;


ALTER TABLE public.instance_map_instance_id_seq OWNER TO synapse;

--
-- Name: instance_map_instance_id_seq; Type: SEQUENCE OWNED BY; Schema: public; Owner: synapse
--

ALTER SEQUENCE public.instance_map_instance_id_seq OWNED BY public.instance_map.instance_id;


--
-- Name: local_current_membership; Type: TABLE; Schema: public; Owner: synapse
--

CREATE TABLE public.local_current_membership (
    room_id text NOT NULL,
    user_id text NOT NULL,
    event_id text NOT NULL,
    membership text NOT NULL
);


ALTER TABLE public.local_current_membership OWNER TO synapse;

--
-- Name: local_group_membership; Type: TABLE; Schema: public; Owner: synapse
--

CREATE TABLE public.local_group_membership (
    group_id text NOT NULL,
    user_id text NOT NULL,
    is_admin boolean NOT NULL,
    membership text NOT NULL,
    is_publicised boolean NOT NULL,
    content text NOT NULL
);


ALTER TABLE public.local_group_membership OWNER TO synapse;

--
-- Name: local_group_updates; Type: TABLE; Schema: public; Owner: synapse
--

CREATE TABLE public.local_group_updates (
    stream_id bigint NOT NULL,
    group_id text NOT NULL,
    user_id text NOT NULL,
    type text NOT NULL,
    content text NOT NULL
);


ALTER TABLE public.local_group_updates OWNER TO synapse;

--
-- Name: local_media_repository; Type: TABLE; Schema: public; Owner: synapse
--

CREATE TABLE public.local_media_repository (
    media_id text,
    media_type text,
    media_length integer,
    created_ts bigint,
    upload_name text,
    user_id text,
    quarantined_by text,
    url_cache text,
    last_access_ts bigint,
    safe_from_quarantine boolean DEFAULT false NOT NULL
);


ALTER TABLE public.local_media_repository OWNER TO synapse;

--
-- Name: local_media_repository_thumbnails; Type: TABLE; Schema: public; Owner: synapse
--

CREATE TABLE public.local_media_repository_thumbnails (
    media_id text,
    thumbnail_width integer,
    thumbnail_height integer,
    thumbnail_type text,
    thumbnail_method text,
    thumbnail_length integer
);


ALTER TABLE public.local_media_repository_thumbnails OWNER TO synapse;

--
-- Name: local_media_repository_url_cache; Type: TABLE; Schema: public; Owner: synapse
--

CREATE TABLE public.local_media_repository_url_cache (
    url text,
    response_code integer,
    etag text,
    expires_ts bigint,
    og text,
    media_id text,
    download_ts bigint
);


ALTER TABLE public.local_media_repository_url_cache OWNER TO synapse;

--
-- Name: monthly_active_users; Type: TABLE; Schema: public; Owner: synapse
--

CREATE TABLE public.monthly_active_users (
    user_id text NOT NULL,
    "timestamp" bigint NOT NULL
);


ALTER TABLE public.monthly_active_users OWNER TO synapse;

--
-- Name: open_id_tokens; Type: TABLE; Schema: public; Owner: synapse
--

CREATE TABLE public.open_id_tokens (
    token text NOT NULL,
    ts_valid_until_ms bigint NOT NULL,
    user_id text NOT NULL
);


ALTER TABLE public.open_id_tokens OWNER TO synapse;

--
-- Name: presence; Type: TABLE; Schema: public; Owner: synapse
--

CREATE TABLE public.presence (
    user_id text NOT NULL,
    state character varying(20),
    status_msg text,
    mtime bigint
);


ALTER TABLE public.presence OWNER TO synapse;

--
-- Name: presence_stream; Type: TABLE; Schema: public; Owner: synapse
--

CREATE TABLE public.presence_stream (
    stream_id bigint,
    user_id text,
    state text,
    last_active_ts bigint,
    last_federation_update_ts bigint,
    last_user_sync_ts bigint,
    status_msg text,
    currently_active boolean,
    instance_name text
);


ALTER TABLE public.presence_stream OWNER TO synapse;

--
-- Name: presence_stream_sequence; Type: SEQUENCE; Schema: public; Owner: synapse
--

CREATE SEQUENCE public.presence_stream_sequence
    START WITH 1
    INCREMENT BY 1
    NO MINVALUE
    NO MAXVALUE
    CACHE 1;


ALTER TABLE public.presence_stream_sequence OWNER TO synapse;

--
-- Name: profiles; Type: TABLE; Schema: public; Owner: synapse
--

CREATE TABLE public.profiles (
    user_id text NOT NULL,
    displayname text,
    avatar_url text
);


ALTER TABLE public.profiles OWNER TO synapse;

--
-- Name: public_room_list_stream; Type: TABLE; Schema: public; Owner: synapse
--

CREATE TABLE public.public_room_list_stream (
    stream_id bigint NOT NULL,
    room_id text NOT NULL,
    visibility boolean NOT NULL,
    appservice_id text,
    network_id text
);


ALTER TABLE public.public_room_list_stream OWNER TO synapse;

--
-- Name: push_rules; Type: TABLE; Schema: public; Owner: synapse
--

CREATE TABLE public.push_rules (
    id bigint NOT NULL,
    user_name text NOT NULL,
    rule_id text NOT NULL,
    priority_class smallint NOT NULL,
    priority integer DEFAULT 0 NOT NULL,
    conditions text NOT NULL,
    actions text NOT NULL
);


ALTER TABLE public.push_rules OWNER TO synapse;

--
-- Name: push_rules_enable; Type: TABLE; Schema: public; Owner: synapse
--

CREATE TABLE public.push_rules_enable (
    id bigint NOT NULL,
    user_name text NOT NULL,
    rule_id text NOT NULL,
    enabled smallint
);


ALTER TABLE public.push_rules_enable OWNER TO synapse;

--
-- Name: push_rules_stream; Type: TABLE; Schema: public; Owner: synapse
--

CREATE TABLE public.push_rules_stream (
    stream_id bigint NOT NULL,
    event_stream_ordering bigint NOT NULL,
    user_id text NOT NULL,
    rule_id text NOT NULL,
    op text NOT NULL,
    priority_class smallint,
    priority integer,
    conditions text,
    actions text
);


ALTER TABLE public.push_rules_stream OWNER TO synapse;

--
-- Name: pusher_throttle; Type: TABLE; Schema: public; Owner: synapse
--

CREATE TABLE public.pusher_throttle (
    pusher bigint NOT NULL,
    room_id text NOT NULL,
    last_sent_ts bigint,
    throttle_ms bigint
);


ALTER TABLE public.pusher_throttle OWNER TO synapse;

--
-- Name: pushers; Type: TABLE; Schema: public; Owner: synapse
--

CREATE TABLE public.pushers (
    id bigint NOT NULL,
    user_name text NOT NULL,
    access_token bigint,
    profile_tag text NOT NULL,
    kind text NOT NULL,
    app_id text NOT NULL,
    app_display_name text NOT NULL,
    device_display_name text NOT NULL,
    pushkey text NOT NULL,
    ts bigint NOT NULL,
    lang text,
    data text,
    last_stream_ordering bigint,
    last_success bigint,
    failing_since bigint
);


ALTER TABLE public.pushers OWNER TO synapse;

--
-- Name: ratelimit_override; Type: TABLE; Schema: public; Owner: synapse
--

CREATE TABLE public.ratelimit_override (
    user_id text NOT NULL,
    messages_per_second bigint,
    burst_count bigint
);


ALTER TABLE public.ratelimit_override OWNER TO synapse;

--
-- Name: receipts_graph; Type: TABLE; Schema: public; Owner: synapse
--

CREATE TABLE public.receipts_graph (
    room_id text NOT NULL,
    receipt_type text NOT NULL,
    user_id text NOT NULL,
    event_ids text NOT NULL,
    data text NOT NULL
);


ALTER TABLE public.receipts_graph OWNER TO synapse;

--
-- Name: receipts_linearized; Type: TABLE; Schema: public; Owner: synapse
--

CREATE TABLE public.receipts_linearized (
    stream_id bigint NOT NULL,
    room_id text NOT NULL,
    receipt_type text NOT NULL,
    user_id text NOT NULL,
    event_id text NOT NULL,
    data text NOT NULL,
    instance_name text
);


ALTER TABLE public.receipts_linearized OWNER TO synapse;

--
-- Name: receipts_sequence; Type: SEQUENCE; Schema: public; Owner: synapse
--

CREATE SEQUENCE public.receipts_sequence
    START WITH 1
    INCREMENT BY 1
    NO MINVALUE
    NO MAXVALUE
    CACHE 1;


ALTER TABLE public.receipts_sequence OWNER TO synapse;

--
-- Name: received_transactions; Type: TABLE; Schema: public; Owner: synapse
--

CREATE TABLE public.received_transactions (
    transaction_id text,
    origin text,
    ts bigint,
    response_code integer,
    response_json bytea,
    has_been_referenced smallint DEFAULT 0
);


ALTER TABLE public.received_transactions OWNER TO synapse;

--
-- Name: redactions; Type: TABLE; Schema: public; Owner: synapse
--

CREATE TABLE public.redactions (
    event_id text NOT NULL,
    redacts text NOT NULL,
    have_censored boolean DEFAULT false NOT NULL,
    received_ts bigint
);


ALTER TABLE public.redactions OWNER TO synapse;

--
-- Name: refresh_tokens; Type: TABLE; Schema: public; Owner: synapse
--

CREATE TABLE public.refresh_tokens (
    id bigint NOT NULL,
    user_id text NOT NULL,
    device_id text NOT NULL,
    token text NOT NULL,
    next_token_id bigint
);


ALTER TABLE public.refresh_tokens OWNER TO synapse;

--
-- Name: registration_tokens; Type: TABLE; Schema: public; Owner: synapse
--

CREATE TABLE public.registration_tokens (
    token text NOT NULL,
    uses_allowed integer,
    pending integer NOT NULL,
    completed integer NOT NULL,
    expiry_time bigint
);


ALTER TABLE public.registration_tokens OWNER TO synapse;

--
-- Name: rejections; Type: TABLE; Schema: public; Owner: synapse
--

CREATE TABLE public.rejections (
    event_id text NOT NULL,
    reason text NOT NULL,
    last_check text NOT NULL
);


ALTER TABLE public.rejections OWNER TO synapse;

--
-- Name: remote_media_cache; Type: TABLE; Schema: public; Owner: synapse
--

CREATE TABLE public.remote_media_cache (
    media_origin text,
    media_id text,
    media_type text,
    created_ts bigint,
    upload_name text,
    media_length integer,
    filesystem_id text,
    last_access_ts bigint,
    quarantined_by text
);


ALTER TABLE public.remote_media_cache OWNER TO synapse;

--
-- Name: remote_media_cache_thumbnails; Type: TABLE; Schema: public; Owner: synapse
--

CREATE TABLE public.remote_media_cache_thumbnails (
    media_origin text,
    media_id text,
    thumbnail_width integer,
    thumbnail_height integer,
    thumbnail_method text,
    thumbnail_type text,
    thumbnail_length integer,
    filesystem_id text
);


ALTER TABLE public.remote_media_cache_thumbnails OWNER TO synapse;

--
-- Name: remote_profile_cache; Type: TABLE; Schema: public; Owner: synapse
--

CREATE TABLE public.remote_profile_cache (
    user_id text NOT NULL,
    displayname text,
    avatar_url text,
    last_check bigint NOT NULL
);


ALTER TABLE public.remote_profile_cache OWNER TO synapse;

--
-- Name: room_account_data; Type: TABLE; Schema: public; Owner: synapse
--

CREATE TABLE public.room_account_data (
    user_id text NOT NULL,
    room_id text NOT NULL,
    account_data_type text NOT NULL,
    stream_id bigint NOT NULL,
    content text NOT NULL,
    instance_name text
);


ALTER TABLE public.room_account_data OWNER TO synapse;

--
-- Name: room_alias_servers; Type: TABLE; Schema: public; Owner: synapse
--

CREATE TABLE public.room_alias_servers (
    room_alias text NOT NULL,
    server text NOT NULL
);


ALTER TABLE public.room_alias_servers OWNER TO synapse;

--
-- Name: room_aliases; Type: TABLE; Schema: public; Owner: synapse
--

CREATE TABLE public.room_aliases (
    room_alias text NOT NULL,
    room_id text NOT NULL,
    creator text
);


ALTER TABLE public.room_aliases OWNER TO synapse;

--
-- Name: room_depth; Type: TABLE; Schema: public; Owner: synapse
--

CREATE TABLE public.room_depth (
    room_id text NOT NULL,
    min_depth bigint
);


ALTER TABLE public.room_depth OWNER TO synapse;

--
-- Name: room_memberships; Type: TABLE; Schema: public; Owner: synapse
--

CREATE TABLE public.room_memberships (
    event_id text NOT NULL,
    user_id text NOT NULL,
    sender text NOT NULL,
    room_id text NOT NULL,
    membership text NOT NULL,
    forgotten integer DEFAULT 0,
    display_name text,
    avatar_url text
);


ALTER TABLE public.room_memberships OWNER TO synapse;

--
-- Name: room_retention; Type: TABLE; Schema: public; Owner: synapse
--

CREATE TABLE public.room_retention (
    room_id text NOT NULL,
    event_id text NOT NULL,
    min_lifetime bigint,
    max_lifetime bigint
);


ALTER TABLE public.room_retention OWNER TO synapse;

--
-- Name: room_stats_current; Type: TABLE; Schema: public; Owner: synapse
--

CREATE TABLE public.room_stats_current (
    room_id text NOT NULL,
    current_state_events integer NOT NULL,
    joined_members integer NOT NULL,
    invited_members integer NOT NULL,
    left_members integer NOT NULL,
    banned_members integer NOT NULL,
    local_users_in_room integer NOT NULL,
    completed_delta_stream_id bigint NOT NULL,
    knocked_members integer
);


ALTER TABLE public.room_stats_current OWNER TO synapse;

--
-- Name: room_stats_earliest_token; Type: TABLE; Schema: public; Owner: synapse
--

CREATE TABLE public.room_stats_earliest_token (
    room_id text NOT NULL,
    token bigint NOT NULL
);


ALTER TABLE public.room_stats_earliest_token OWNER TO synapse;

--
-- Name: room_stats_historical; Type: TABLE; Schema: public; Owner: synapse
--

CREATE TABLE public.room_stats_historical (
    room_id text NOT NULL,
    end_ts bigint NOT NULL,
    bucket_size bigint NOT NULL,
    current_state_events bigint NOT NULL,
    joined_members bigint NOT NULL,
    invited_members bigint NOT NULL,
    left_members bigint NOT NULL,
    banned_members bigint NOT NULL,
    local_users_in_room bigint NOT NULL,
    total_events bigint NOT NULL,
    total_event_bytes bigint NOT NULL,
    knocked_members bigint
);


ALTER TABLE public.room_stats_historical OWNER TO synapse;

--
-- Name: room_stats_state; Type: TABLE; Schema: public; Owner: synapse
--

CREATE TABLE public.room_stats_state (
    room_id text NOT NULL,
    name text,
    canonical_alias text,
    join_rules text,
    history_visibility text,
    encryption text,
    avatar text,
    guest_access text,
    is_federatable boolean,
    topic text
);


ALTER TABLE public.room_stats_state OWNER TO synapse;

--
-- Name: room_tags; Type: TABLE; Schema: public; Owner: synapse
--

CREATE TABLE public.room_tags (
    user_id text NOT NULL,
    room_id text NOT NULL,
    tag text NOT NULL,
    content text NOT NULL
);


ALTER TABLE public.room_tags OWNER TO synapse;

--
-- Name: room_tags_revisions; Type: TABLE; Schema: public; Owner: synapse
--

CREATE TABLE public.room_tags_revisions (
    user_id text NOT NULL,
    room_id text NOT NULL,
    stream_id bigint NOT NULL,
    instance_name text
);


ALTER TABLE public.room_tags_revisions OWNER TO synapse;

--
-- Name: rooms; Type: TABLE; Schema: public; Owner: synapse
--

CREATE TABLE public.rooms (
    room_id text NOT NULL,
    is_public boolean,
    creator text,
    room_version text,
    has_auth_chain_index boolean
);


ALTER TABLE public.rooms OWNER TO synapse;

--
-- Name: schema_compat_version; Type: TABLE; Schema: public; Owner: synapse
--

CREATE TABLE public.schema_compat_version (
    lock character(1) DEFAULT 'X'::bpchar NOT NULL,
    compat_version integer NOT NULL,
    CONSTRAINT schema_compat_version_lock_check CHECK ((lock = 'X'::bpchar))
);


ALTER TABLE public.schema_compat_version OWNER TO synapse;

--
-- Name: schema_version; Type: TABLE; Schema: public; Owner: synapse
--

CREATE TABLE public.schema_version (
    lock character(1) DEFAULT 'X'::bpchar NOT NULL,
    version integer NOT NULL,
    upgraded boolean NOT NULL,
    CONSTRAINT schema_version_lock_check CHECK ((lock = 'X'::bpchar))
);


ALTER TABLE public.schema_version OWNER TO synapse;

--
-- Name: server_keys_json; Type: TABLE; Schema: public; Owner: synapse
--

CREATE TABLE public.server_keys_json (
    server_name text NOT NULL,
    key_id text NOT NULL,
    from_server text NOT NULL,
    ts_added_ms bigint NOT NULL,
    ts_valid_until_ms bigint NOT NULL,
    key_json bytea NOT NULL
);


ALTER TABLE public.server_keys_json OWNER TO synapse;

--
-- Name: server_signature_keys; Type: TABLE; Schema: public; Owner: synapse
--

CREATE TABLE public.server_signature_keys (
    server_name text,
    key_id text,
    from_server text,
    ts_added_ms bigint,
    verify_key bytea,
    ts_valid_until_ms bigint
);


ALTER TABLE public.server_signature_keys OWNER TO synapse;

--
-- Name: sessions; Type: TABLE; Schema: public; Owner: synapse
--

CREATE TABLE public.sessions (
    session_type text NOT NULL,
    session_id text NOT NULL,
    value text NOT NULL,
    expiry_time_ms bigint NOT NULL
);


ALTER TABLE public.sessions OWNER TO synapse;

--
-- Name: state_events; Type: TABLE; Schema: public; Owner: synapse
--

CREATE TABLE public.state_events (
    event_id text NOT NULL,
    room_id text NOT NULL,
    type text NOT NULL,
    state_key text NOT NULL,
    prev_state text
);


ALTER TABLE public.state_events OWNER TO synapse;

--
-- Name: state_group_edges; Type: TABLE; Schema: public; Owner: synapse
--

CREATE TABLE public.state_group_edges (
    state_group bigint NOT NULL,
    prev_state_group bigint NOT NULL
);


ALTER TABLE public.state_group_edges OWNER TO synapse;

--
-- Name: state_group_id_seq; Type: SEQUENCE; Schema: public; Owner: synapse
--

CREATE SEQUENCE public.state_group_id_seq
    START WITH 1
    INCREMENT BY 1
    NO MINVALUE
    NO MAXVALUE
    CACHE 1;


ALTER TABLE public.state_group_id_seq OWNER TO synapse;

--
-- Name: state_groups; Type: TABLE; Schema: public; Owner: synapse
--

CREATE TABLE public.state_groups (
    id bigint NOT NULL,
    room_id text NOT NULL,
    event_id text NOT NULL
);


ALTER TABLE public.state_groups OWNER TO synapse;

--
-- Name: state_groups_state; Type: TABLE; Schema: public; Owner: synapse
--

CREATE TABLE public.state_groups_state (
    state_group bigint NOT NULL,
    room_id text NOT NULL,
    type text NOT NULL,
    state_key text NOT NULL,
    event_id text NOT NULL
);
ALTER TABLE ONLY public.state_groups_state ALTER COLUMN state_group SET (n_distinct=-0.02);


ALTER TABLE public.state_groups_state OWNER TO synapse;

--
-- Name: stats_incremental_position; Type: TABLE; Schema: public; Owner: synapse
--

CREATE TABLE public.stats_incremental_position (
    lock character(1) DEFAULT 'X'::bpchar NOT NULL,
    stream_id bigint NOT NULL,
    CONSTRAINT stats_incremental_position_lock_check CHECK ((lock = 'X'::bpchar))
);


ALTER TABLE public.stats_incremental_position OWNER TO synapse;

--
-- Name: stream_ordering_to_exterm; Type: TABLE; Schema: public; Owner: synapse
--

CREATE TABLE public.stream_ordering_to_exterm (
    stream_ordering bigint NOT NULL,
    room_id text NOT NULL,
    event_id text NOT NULL
);


ALTER TABLE public.stream_ordering_to_exterm OWNER TO synapse;

--
-- Name: stream_positions; Type: TABLE; Schema: public; Owner: synapse
--

CREATE TABLE public.stream_positions (
    stream_name text NOT NULL,
    instance_name text NOT NULL,
    stream_id bigint NOT NULL
);


ALTER TABLE public.stream_positions OWNER TO synapse;

--
-- Name: threepid_guest_access_tokens; Type: TABLE; Schema: public; Owner: synapse
--

CREATE TABLE public.threepid_guest_access_tokens (
    medium text,
    address text,
    guest_access_token text,
    first_inviter text
);


ALTER TABLE public.threepid_guest_access_tokens OWNER TO synapse;

--
-- Name: threepid_validation_session; Type: TABLE; Schema: public; Owner: synapse
--

CREATE TABLE public.threepid_validation_session (
    session_id text NOT NULL,
    medium text NOT NULL,
    address text NOT NULL,
    client_secret text NOT NULL,
    last_send_attempt bigint NOT NULL,
    validated_at bigint
);


ALTER TABLE public.threepid_validation_session OWNER TO synapse;

--
-- Name: threepid_validation_token; Type: TABLE; Schema: public; Owner: synapse
--

CREATE TABLE public.threepid_validation_token (
    token text NOT NULL,
    session_id text NOT NULL,
    next_link text,
    expires bigint NOT NULL
);


ALTER TABLE public.threepid_validation_token OWNER TO synapse;

--
-- Name: ui_auth_sessions; Type: TABLE; Schema: public; Owner: synapse
--

CREATE TABLE public.ui_auth_sessions (
    session_id text NOT NULL,
    creation_time bigint NOT NULL,
    serverdict text NOT NULL,
    clientdict text NOT NULL,
    uri text NOT NULL,
    method text NOT NULL,
    description text NOT NULL
);


ALTER TABLE public.ui_auth_sessions OWNER TO synapse;

--
-- Name: ui_auth_sessions_credentials; Type: TABLE; Schema: public; Owner: synapse
--

CREATE TABLE public.ui_auth_sessions_credentials (
    session_id text NOT NULL,
    stage_type text NOT NULL,
    result text NOT NULL
);


ALTER TABLE public.ui_auth_sessions_credentials OWNER TO synapse;

--
-- Name: ui_auth_sessions_ips; Type: TABLE; Schema: public; Owner: synapse
--

CREATE TABLE public.ui_auth_sessions_ips (
    session_id text NOT NULL,
    ip text NOT NULL,
    user_agent text NOT NULL
);


ALTER TABLE public.ui_auth_sessions_ips OWNER TO synapse;

--
-- Name: user_daily_visits; Type: TABLE; Schema: public; Owner: synapse
--

CREATE TABLE public.user_daily_visits (
    user_id text NOT NULL,
    device_id text,
    "timestamp" bigint NOT NULL,
    user_agent text
);


ALTER TABLE public.user_daily_visits OWNER TO synapse;

--
-- Name: user_directory; Type: TABLE; Schema: public; Owner: synapse
--

CREATE TABLE public.user_directory (
    user_id text NOT NULL,
    room_id text,
    display_name text,
    avatar_url text
);


ALTER TABLE public.user_directory OWNER TO synapse;

--
-- Name: user_directory_search; Type: TABLE; Schema: public; Owner: synapse
--

CREATE TABLE public.user_directory_search (
    user_id text NOT NULL,
    vector tsvector
);


ALTER TABLE public.user_directory_search OWNER TO synapse;

--
-- Name: user_directory_stream_pos; Type: TABLE; Schema: public; Owner: synapse
--

CREATE TABLE public.user_directory_stream_pos (
    lock character(1) DEFAULT 'X'::bpchar NOT NULL,
    stream_id bigint,
    CONSTRAINT user_directory_stream_pos_lock_check CHECK ((lock = 'X'::bpchar))
);


ALTER TABLE public.user_directory_stream_pos OWNER TO synapse;

--
-- Name: user_external_ids; Type: TABLE; Schema: public; Owner: synapse
--

CREATE TABLE public.user_external_ids (
    auth_provider text NOT NULL,
    external_id text NOT NULL,
    user_id text NOT NULL
);


ALTER TABLE public.user_external_ids OWNER TO synapse;

--
-- Name: user_filters; Type: TABLE; Schema: public; Owner: synapse
--

CREATE TABLE public.user_filters (
    user_id text NOT NULL,
    filter_id bigint NOT NULL,
    filter_json bytea NOT NULL
);


ALTER TABLE public.user_filters OWNER TO synapse;

--
-- Name: user_id_seq; Type: SEQUENCE; Schema: public; Owner: synapse
--

CREATE SEQUENCE public.user_id_seq
    START WITH 1
    INCREMENT BY 1
    NO MINVALUE
    NO MAXVALUE
    CACHE 1;


ALTER TABLE public.user_id_seq OWNER TO synapse;

--
-- Name: user_ips; Type: TABLE; Schema: public; Owner: synapse
--

CREATE TABLE public.user_ips (
    user_id text NOT NULL,
    access_token text NOT NULL,
    device_id text,
    ip text NOT NULL,
    user_agent text NOT NULL,
    last_seen bigint NOT NULL
);


ALTER TABLE public.user_ips OWNER TO synapse;

--
-- Name: user_signature_stream; Type: TABLE; Schema: public; Owner: synapse
--

CREATE TABLE public.user_signature_stream (
    stream_id bigint NOT NULL,
    from_user_id text NOT NULL,
    user_ids text NOT NULL
);


ALTER TABLE public.user_signature_stream OWNER TO synapse;

--
-- Name: user_stats_current; Type: TABLE; Schema: public; Owner: synapse
--

CREATE TABLE public.user_stats_current (
    user_id text NOT NULL,
    joined_rooms bigint NOT NULL,
    completed_delta_stream_id bigint NOT NULL
);


ALTER TABLE public.user_stats_current OWNER TO synapse;

--
-- Name: user_stats_historical; Type: TABLE; Schema: public; Owner: synapse
--

CREATE TABLE public.user_stats_historical (
    user_id text NOT NULL,
    end_ts bigint NOT NULL,
    bucket_size bigint NOT NULL,
    joined_rooms bigint NOT NULL,
    invites_sent bigint NOT NULL,
    rooms_created bigint NOT NULL,
    total_events bigint NOT NULL,
    total_event_bytes bigint NOT NULL
);


ALTER TABLE public.user_stats_historical OWNER TO synapse;

--
-- Name: user_threepid_id_server; Type: TABLE; Schema: public; Owner: synapse
--

CREATE TABLE public.user_threepid_id_server (
    user_id text NOT NULL,
    medium text NOT NULL,
    address text NOT NULL,
    id_server text NOT NULL
);


ALTER TABLE public.user_threepid_id_server OWNER TO synapse;

--
-- Name: user_threepids; Type: TABLE; Schema: public; Owner: synapse
--

CREATE TABLE public.user_threepids (
    user_id text NOT NULL,
    medium text NOT NULL,
    address text NOT NULL,
    validated_at bigint NOT NULL,
    added_at bigint NOT NULL
);


ALTER TABLE public.user_threepids OWNER TO synapse;

--
-- Name: users; Type: TABLE; Schema: public; Owner: synapse
--

CREATE TABLE public.users (
    name text,
    password_hash text,
    creation_ts bigint,
    admin smallint DEFAULT 0 NOT NULL,
    upgrade_ts bigint,
    is_guest smallint DEFAULT 0 NOT NULL,
    appservice_id text,
    consent_version text,
    consent_server_notice_sent text,
    user_type text,
    deactivated smallint DEFAULT 0 NOT NULL,
    shadow_banned boolean
);


ALTER TABLE public.users OWNER TO synapse;

--
-- Name: users_in_public_rooms; Type: TABLE; Schema: public; Owner: synapse
--

CREATE TABLE public.users_in_public_rooms (
    user_id text NOT NULL,
    room_id text NOT NULL
);


ALTER TABLE public.users_in_public_rooms OWNER TO synapse;

--
-- Name: users_pending_deactivation; Type: TABLE; Schema: public; Owner: synapse
--

CREATE TABLE public.users_pending_deactivation (
    user_id text NOT NULL
);


ALTER TABLE public.users_pending_deactivation OWNER TO synapse;

--
-- Name: users_to_send_full_presence_to; Type: TABLE; Schema: public; Owner: synapse
--

CREATE TABLE public.users_to_send_full_presence_to (
    user_id text NOT NULL,
    presence_stream_id bigint
);


ALTER TABLE public.users_to_send_full_presence_to OWNER TO synapse;

--
-- Name: users_who_share_private_rooms; Type: TABLE; Schema: public; Owner: synapse
--

CREATE TABLE public.users_who_share_private_rooms (
    user_id text NOT NULL,
    other_user_id text NOT NULL,
    room_id text NOT NULL
);


ALTER TABLE public.users_who_share_private_rooms OWNER TO synapse;

--
-- Name: worker_locks; Type: TABLE; Schema: public; Owner: synapse
--

CREATE TABLE public.worker_locks (
    lock_name text NOT NULL,
    lock_key text NOT NULL,
    instance_name text NOT NULL,
    token text NOT NULL,
    last_renewed_ts bigint NOT NULL
);


ALTER TABLE public.worker_locks OWNER TO synapse;

--
-- Name: instance_map instance_id; Type: DEFAULT; Schema: public; Owner: synapse
--

ALTER TABLE ONLY public.instance_map ALTER COLUMN instance_id SET DEFAULT nextval('public.instance_map_instance_id_seq'::regclass);


--
-- Data for Name: access_tokens; Type: TABLE DATA; Schema: public; Owner: synapse
--

COPY public.access_tokens (id, user_id, device_id, token, valid_until_ms, puppets_user_id, last_validated, refresh_token_id, used) FROM stdin;
5	@ignored_user:localhost	IYEBBQEXHS	MDAxN2xvY2F0aW9uIGxvY2FsaG9zdAowMDEzaWRlbnRpZmllciBrZXkKMDAxMGNpZCBnZW4gPSAxCjAwMmFjaWQgdXNlcl9pZCA9IEBpZ25vcmVkX3VzZXI6bG9jYWxob3N0CjAwMTZjaWQgdHlwZSA9IGFjY2VzcwowMDIxY2lkIG5vbmNlID0gZU5ta1BBMj1FNnVPRGtwdgowMDJmc2lnbmF0dXJlIHSt8jrFU836Ne3it2HY88EhPD1Aoustsm211bbFjcLcCg	\N	\N	\N	\N	\N
6	@matterbot:localhost	OKGPMGNNEY	syt_bWF0dGVyYm90_qiqMxqPGHFeDOFWgiQhU_0QULKO	\N	\N	1672856700722	\N	f
7	@mm_mattermost_b:localhost	ZESISTJYYM	syt_bW1fbWF0dGVybW9zdF9i_czLJmuThnxfwFQBjzEND_3OxY56	\N	\N	1672856704430	\N	f
8	@mm_mattermost_a:localhost	CWUORKDCEH	syt_bW1fbWF0dGVybW9zdF9h_PgyUmDUUlYkAzyjBteIY_4RLdZ0	\N	\N	1672856704548	\N	f
2	@admin:localhost	WCSUBIGVWG	MDAxN2xvY2F0aW9uIGxvY2FsaG9zdAowMDEzaWRlbnRpZmllciBrZXkKMDAxMGNpZCBnZW4gPSAxCjAwMjNjaWQgdXNlcl9pZCA9IEBhZG1pbjpsb2NhbGhvc3QKMDAxNmNpZCB0eXBlID0gYWNjZXNzCjAwMjFjaWQgbm9uY2UgPSBXVU9yUTVRMFRnUkNjME1ACjAwMmZzaWduYXR1cmUgdYKA-yuTQ5JV5O0HWRak-48xavOYgA1MMc6A1V_Uw5kK	\N	\N	\N	\N	t
3	@matrix_a:localhost	TKAVEOGKHH	MDAxN2xvY2F0aW9uIGxvY2FsaG9zdAowMDEzaWRlbnRpZmllciBrZXkKMDAxMGNpZCBnZW4gPSAxCjAwMjZjaWQgdXNlcl9pZCA9IEBtYXRyaXhfYTpsb2NhbGhvc3QKMDAxNmNpZCB0eXBlID0gYWNjZXNzCjAwMjFjaWQgbm9uY2UgPSAwb3Y6eTZVdHojUk4jbFprCjAwMmZzaWduYXR1cmUgNNZKnOVRzj5svh9pEM0UUEqtXYnHjnj9XyNLJ1_uKoAK	\N	\N	\N	\N	t
4	@matrix_b:localhost	DJFHSWMXLW	MDAxN2xvY2F0aW9uIGxvY2FsaG9zdAowMDEzaWRlbnRpZmllciBrZXkKMDAxMGNpZCBnZW4gPSAxCjAwMjZjaWQgdXNlcl9pZCA9IEBtYXRyaXhfYjpsb2NhbGhvc3QKMDAxNmNpZCB0eXBlID0gYWNjZXNzCjAwMjFjaWQgbm9uY2UgPSBBYl9hbWthI0daSzgtfjdICjAwMmZzaWduYXR1cmUgOReBLkPURCMNtzORS9fpogQqVa3IWN9ZEu5gXW91QTMK	\N	\N	\N	\N	t
9	@admin:localhost	\N	syt_dXNlcjE_zEkKYrbLQyATgolYFkza_3ANvNh	\N	@user1:localhost	1672918171780	\N	f
12	@mm_user1:localhost	SHXZHAGORF	syt_bW1fdXNlcjE_qazPfKDrjsKkOsrLqPrg_3EIMRj	\N	\N	1672922249217	\N	f
13	@user1:localhost	MPUPZCTVVU	syt_dXNlcjE_BEmigoJNqBjQZGIGdMlE_1eiirr	\N	\N	1672925427426	\N	t
\.


--
-- Data for Name: account_data; Type: TABLE DATA; Schema: public; Owner: synapse
--

COPY public.account_data (user_id, account_data_type, stream_id, content, instance_name) FROM stdin;
@user1:localhost	org.matrix.msc3890.local_notification_settings.ZLJUJWPSRR	2	{"is_silenced":false}	\N
@user1:localhost	im.vector.analytics	4	{"pseudonymousAnalyticsOptIn":false}	\N
@user1:localhost	org.matrix.msc3890.local_notification_settings.NXIGVVVFXK	6	{"is_silenced":false}	\N
@user1:localhost	io.element.recent_emoji	24	{"recent_emoji":[["\\ud83e\\udd29",1]]}	\N
@user1:localhost	org.matrix.msc3890.local_notification_settings.MPUPZCTVVU	33	{"is_silenced":false}	\N
@user1:localhost	im.vector.web.settings	35	{"SpotlightSearch.recentSearches":["!dKcbdDATuwwphjRPQP:localhost","!kmbTYjjsDRDHGgVqUP:localhost"]}	\N
@user1:localhost	im.vector.setting.breadcrumbs	37	{"recent_rooms":["!dKcbdDATuwwphjRPQP:localhost","!kmbTYjjsDRDHGgVqUP:localhost"]}	\N
\.


--
-- Data for Name: account_validity; Type: TABLE DATA; Schema: public; Owner: synapse
--

COPY public.account_validity (user_id, expiration_ts_ms, email_sent, renewal_token, token_used_ts_ms) FROM stdin;
\.


--
-- Data for Name: application_services_state; Type: TABLE DATA; Schema: public; Owner: synapse
--

COPY public.application_services_state (as_id, state, last_txn, read_receipt_stream_id, presence_stream_id) FROM stdin;
xfbONb3M-hYO861rkzW7N0xUKm-6MII2M6sj-z8sdc0DaiXV1S25SXdr5ElIvatt	down	20	\N	\N
\.


--
-- Data for Name: application_services_txns; Type: TABLE DATA; Schema: public; Owner: synapse
--

COPY public.application_services_txns (as_id, txn_id, event_ids) FROM stdin;
xfbONb3M-hYO861rkzW7N0xUKm-6MII2M6sj-z8sdc0DaiXV1S25SXdr5ElIvatt	21	["$kHkn3X5sgQZbnc7m1GNs3FoN729sUsLsqASYxvh3Jb8"]
xfbONb3M-hYO861rkzW7N0xUKm-6MII2M6sj-z8sdc0DaiXV1S25SXdr5ElIvatt	22	["$cl-cBWQqCEUtQdjEqlQcE0PD7MCeX1R25oC5CKqb7oE"]
xfbONb3M-hYO861rkzW7N0xUKm-6MII2M6sj-z8sdc0DaiXV1S25SXdr5ElIvatt	23	["$8a8OTFPqvfsx2aHJeu9IBu-xR3Gn7rdv9l_HZtPKkFg"]
xfbONb3M-hYO861rkzW7N0xUKm-6MII2M6sj-z8sdc0DaiXV1S25SXdr5ElIvatt	24	["$BWMrEpKFpKKbBz5Ox9zTP3TvT5zyh6w3zhpl-epXhkk"]
xfbONb3M-hYO861rkzW7N0xUKm-6MII2M6sj-z8sdc0DaiXV1S25SXdr5ElIvatt	25	["$r3Ho1IsdJmJB13pD9yX-Jkg_a5s28kBCqoNZ5EPWwqM"]
xfbONb3M-hYO861rkzW7N0xUKm-6MII2M6sj-z8sdc0DaiXV1S25SXdr5ElIvatt	26	["$fQ28BQv7GUBcg_Ok7MCh8uTcQLoT2Tkr2BegUMhst1M"]
xfbONb3M-hYO861rkzW7N0xUKm-6MII2M6sj-z8sdc0DaiXV1S25SXdr5ElIvatt	27	["$S7qfuHyVNKlnX8WQb78EyVSR_7_dnmagLA8asozsQtE"]
xfbONb3M-hYO861rkzW7N0xUKm-6MII2M6sj-z8sdc0DaiXV1S25SXdr5ElIvatt	28	["$TOzcyxIV2S5U6CP15QCldRMJRaDz1Yaik15PorvZYGc"]
xfbONb3M-hYO861rkzW7N0xUKm-6MII2M6sj-z8sdc0DaiXV1S25SXdr5ElIvatt	29	["$Sa-w9Co29Yd94wHfPbpfCOuSSlMlorQ7ssiGXYp8oh8"]
xfbONb3M-hYO861rkzW7N0xUKm-6MII2M6sj-z8sdc0DaiXV1S25SXdr5ElIvatt	30	["$n6TBNMF739-W93vnPpWYiJ_zTj-UGsx8mCtkFUsmkrY"]
xfbONb3M-hYO861rkzW7N0xUKm-6MII2M6sj-z8sdc0DaiXV1S25SXdr5ElIvatt	31	["$5auMphtCZ9zvRqrhyXpY0s-cZZl2AbvkyGNRbm2h2zc"]
xfbONb3M-hYO861rkzW7N0xUKm-6MII2M6sj-z8sdc0DaiXV1S25SXdr5ElIvatt	32	["$Yb59onmhkHIpIJ_VnrP0V02pkFQEF1GwuJqZCNRTQeQ"]
xfbONb3M-hYO861rkzW7N0xUKm-6MII2M6sj-z8sdc0DaiXV1S25SXdr5ElIvatt	33	["$j0CTOXXA4AtSOD0pk6kL2BNsa6j5w517GGfkTqmm9ZE"]
xfbONb3M-hYO861rkzW7N0xUKm-6MII2M6sj-z8sdc0DaiXV1S25SXdr5ElIvatt	34	["$YgrzVCWDDxVv-dvf3HhpLD0QlN4nD5-CXg0T-gEX6iI"]
xfbONb3M-hYO861rkzW7N0xUKm-6MII2M6sj-z8sdc0DaiXV1S25SXdr5ElIvatt	35	["$IaI_j1zJZ04lmJmCzJfvnr48U2umqKYG1xogY-r9UNY"]
xfbONb3M-hYO861rkzW7N0xUKm-6MII2M6sj-z8sdc0DaiXV1S25SXdr5ElIvatt	36	["$TbIhAYsmySe2O7IaMBarYDokr6-UmyH4IYI3SpbhI-Q"]
xfbONb3M-hYO861rkzW7N0xUKm-6MII2M6sj-z8sdc0DaiXV1S25SXdr5ElIvatt	37	["$YBt0yFQdKC_886W6aXe4LIv5A5BcBP7pXYeF8XLKhH0"]
xfbONb3M-hYO861rkzW7N0xUKm-6MII2M6sj-z8sdc0DaiXV1S25SXdr5ElIvatt	38	["$-wkWlUVunP818RkFXsoACrEQ85-ybLTc-vWqiil50Vo"]
xfbONb3M-hYO861rkzW7N0xUKm-6MII2M6sj-z8sdc0DaiXV1S25SXdr5ElIvatt	39	["$kQPpv66TuseXeTXJr41QlqLnJBWNpBA_zgzIaJMjpLc"]
xfbONb3M-hYO861rkzW7N0xUKm-6MII2M6sj-z8sdc0DaiXV1S25SXdr5ElIvatt	40	["$BG2gCT3tXMWdl5AO704CVjroaQJysHmLZMRN-QrTH8w"]
xfbONb3M-hYO861rkzW7N0xUKm-6MII2M6sj-z8sdc0DaiXV1S25SXdr5ElIvatt	41	["$AXNJvl1CFFkmeDr63y2IykCN_G-lJiDa4JHsOjaUj4Y"]
xfbONb3M-hYO861rkzW7N0xUKm-6MII2M6sj-z8sdc0DaiXV1S25SXdr5ElIvatt	42	["$9hK3JsOVrMiv0wKjw57rMkc6mne_XmZ0CRTz65g97ek"]
xfbONb3M-hYO861rkzW7N0xUKm-6MII2M6sj-z8sdc0DaiXV1S25SXdr5ElIvatt	43	["$uFBLsg4RZn3DtG5dqcZ8A11zEbkWHwPLjk_VQtaj0qM"]
xfbONb3M-hYO861rkzW7N0xUKm-6MII2M6sj-z8sdc0DaiXV1S25SXdr5ElIvatt	44	["$wFcIkswyANl3CQZdt_hX9g9e2TeFjIzp9bWhcEbBiCI"]
xfbONb3M-hYO861rkzW7N0xUKm-6MII2M6sj-z8sdc0DaiXV1S25SXdr5ElIvatt	45	["$Y_FmFbCe62ffJ-UyN7IA1IbcRgUsELxe9lGLmGbDg9o"]
xfbONb3M-hYO861rkzW7N0xUKm-6MII2M6sj-z8sdc0DaiXV1S25SXdr5ElIvatt	46	["$CPoznAc0caDQuTVk0FlfLDWH79HumOVggLi7MDSYT5M"]
xfbONb3M-hYO861rkzW7N0xUKm-6MII2M6sj-z8sdc0DaiXV1S25SXdr5ElIvatt	47	["$pWJdSD5NsfN2PI0YapF9GmJPDpHhbeH6m--Uc5qoX-A"]
\.


--
-- Data for Name: applied_module_schemas; Type: TABLE DATA; Schema: public; Owner: synapse
--

COPY public.applied_module_schemas (module_name, file) FROM stdin;
\.


--
-- Data for Name: applied_schema_deltas; Type: TABLE DATA; Schema: public; Owner: synapse
--

COPY public.applied_schema_deltas (version, file) FROM stdin;
55	55/access_token_expiry.sql
55	55/track_threepid_validations.sql
55	55/users_alter_deactivated.sql
56	56/add_spans_to_device_lists.sql
56	56/current_state_events_membership.sql
56	56/current_state_events_membership_mk2.sql
56	56/delete_keys_from_deleted_backups.sql
56	56/destinations_failure_ts.sql
56	56/destinations_retry_interval_type.sql.postgres
56	56/device_stream_id_insert.sql
56	56/devices_last_seen.sql
56	56/drop_unused_event_tables.sql
56	56/event_expiry.sql
56	56/event_labels.sql
56	56/event_labels_background_update.sql
56	56/fix_room_keys_index.sql
56	56/hidden_devices.sql
56	56/nuke_empty_communities_from_db.sql
56	56/public_room_list_idx.sql
56	56/redaction_censor.sql
56	56/redaction_censor2.sql
56	56/redaction_censor3_fix_update.sql.postgres
56	56/redaction_censor4.sql
56	56/remove_tombstoned_rooms_from_directory.sql
56	56/room_key_etag.sql
56	56/room_membership_idx.sql
56	56/room_retention.sql
56	56/signing_keys.sql
56	56/signing_keys_nonunique_signatures.sql
56	56/state_group_room_idx.sql
56	56/stats_separated.sql
56	56/unique_user_filter_index.py
56	56/user_external_ids.sql
56	56/users_in_public_rooms_idx.sql
57	57/delete_old_current_state_events.sql
57	57/device_list_remote_cache_stale.sql
57	57/local_current_membership.py
57	57/remove_sent_outbound_pokes.sql
57	57/rooms_version_column.sql
57	57/rooms_version_column_2.sql.postgres
57	57/rooms_version_column_3.sql.postgres
58	58/00background_update_ordering.sql
58	58/02remove_dup_outbound_pokes.sql
58	58/03persist_ui_auth.sql
58	58/05cache_instance.sql.postgres
58	58/06dlols_unique_idx.py
58	58/07add_method_to_thumbnail_constraint.sql.postgres
58	58/07persist_ui_auth_ips.sql
58	58/08_media_safe_from_quarantine.sql.postgres
58	58/09shadow_ban.sql
58	58/10_pushrules_enabled_delete_obsolete.sql
58	58/10drop_local_rejections_stream.sql
58	58/10federation_pos_instance_name.sql
58	58/11dehydration.sql
58	58/11fallback.sql
58	58/11user_id_seq.py
58	58/12room_stats.sql
58	58/13remove_presence_allow_inbound.sql
58	58/14events_instance_name.sql
58	58/14events_instance_name.sql.postgres
58	58/15_catchup_destination_rooms.sql
58	58/15unread_count.sql
58	58/16populate_stats_process_rooms_fix.sql
58	58/17_catchup_last_successful.sql
58	58/18stream_positions.sql
58	58/19instance_map.sql.postgres
58	58/19txn_id.sql
58	58/20instance_name_event_tables.sql
58	58/20user_daily_visits.sql
58	58/21as_device_stream.sql
58	58/21drop_device_max_stream_id.sql
58	58/22puppet_token.sql
58	58/22users_have_local_media.sql
58	58/23e2e_cross_signing_keys_idx.sql
58	58/24drop_event_json_index.sql
58	58/25user_external_ids_user_id_idx.sql
58	58/26access_token_last_validated.sql
58	58/27local_invites.sql
58	58/28drop_last_used_column.sql.postgres
59	59/01ignored_user.py
59	59/02shard_send_to_device.sql
59	59/03shard_send_to_device_sequence.sql.postgres
59	59/04_event_auth_chains.sql
59	59/04_event_auth_chains.sql.postgres
59	59/04drop_account_data.sql
59	59/05cache_invalidation.sql
59	59/06chain_cover_index.sql
59	59/06shard_account_data.sql
59	59/06shard_account_data.sql.postgres
59	59/07shard_account_data_fix.sql
59	59/08delete_pushers_for_deactivated_accounts.sql
59	59/08delete_stale_pushers.sql
59	59/09rejected_events_metadata.sql
59	59/10delete_purged_chain_cover.sql
59	59/11add_knock_members_to_stats.sql
59	59/11drop_thumbnail_constraint.sql.postgres
59	59/12account_validity_token_used_ts_ms.sql
59	59/12presence_stream_instance.sql
59	59/12presence_stream_instance_seq.sql.postgres
59	59/13users_to_send_full_presence_to.sql
59	59/14refresh_tokens.sql
59	59/15locks.sql
59	59/16federation_inbound_staging.sql
60	60/01recreate_stream_ordering.sql.postgres
60	60/02change_stream_ordering_columns.sql.postgres
61	61/01change_appservices_txns.sql.postgres
61	61/01insertion_event_lookups.sql
61	61/02drop_redundant_room_depth_index.sql
61	61/02state_groups_state_n_distinct.sql.postgres
61	61/03recreate_min_depth.py
62	62/01insertion_event_extremities.sql
63	63/01create_registration_tokens.sql
63	63/02delete_unlinked_email_pushers.sql
63	63/02populate-rooms-creator.sql
63	63/03session_store.sql
63	63/04add_presence_stream_not_offline_index.sql
64	64/01msc2716_chunk_to_batch_rename.sql.postgres
65	65/01msc2716_insertion_event_edges.sql
65	65/02_thread_relations.sql
65	65/03remove_hidden_devices_from_device_inbox.sql
65	65/04_local_group_updates.sql
65	65/06remove_deleted_devices_from_device_inbox.sql
\.


--
-- Data for Name: appservice_room_list; Type: TABLE DATA; Schema: public; Owner: synapse
--

COPY public.appservice_room_list (appservice_id, network_id, room_id) FROM stdin;
\.


--
-- Data for Name: appservice_stream_position; Type: TABLE DATA; Schema: public; Owner: synapse
--

COPY public.appservice_stream_position (lock, stream_ordering) FROM stdin;
X	66
\.


--
-- Data for Name: background_updates; Type: TABLE DATA; Schema: public; Owner: synapse
--

COPY public.background_updates (update_name, progress_json, depends_on, ordering) FROM stdin;
\.


--
-- Data for Name: batch_events; Type: TABLE DATA; Schema: public; Owner: synapse
--

COPY public.batch_events (event_id, room_id, batch_id) FROM stdin;
\.


--
-- Data for Name: blocked_rooms; Type: TABLE DATA; Schema: public; Owner: synapse
--

COPY public.blocked_rooms (room_id, user_id) FROM stdin;
\.


--
-- Data for Name: cache_invalidation_stream_by_instance; Type: TABLE DATA; Schema: public; Owner: synapse
--

COPY public.cache_invalidation_stream_by_instance (stream_id, instance_name, cache_func, keys, invalidation_ts) FROM stdin;
1	master	user_last_seen_monthly_active	\N	1598686299114
2	master	get_monthly_active_count	{}	1598686299118
3	master	get_user_by_id	{@admin:localhost}	1598686326905
4	master	get_user_by_id	{@matrix_a:localhost}	1598686327226
5	master	get_user_by_id	{@matrix_b:localhost}	1598686327473
6	master	get_user_by_id	{@ignored_user:localhost}	1598686327717
7	master	get_aliases_for_room	{!kmbTYjjsDRDHGgVqUP:localhost}	1598686327750
8	master	cs_cache_fake	{!kmbTYjjsDRDHGgVqUP:localhost}	1598686327775
9	master	cs_cache_fake	{!kmbTYjjsDRDHGgVqUP:localhost,@admin:localhost}	1598686327828
10	master	cs_cache_fake	{!kmbTYjjsDRDHGgVqUP:localhost}	1598686327865
11	master	cs_cache_fake	{!kmbTYjjsDRDHGgVqUP:localhost}	1598686328014
12	master	cs_cache_fake	{!kmbTYjjsDRDHGgVqUP:localhost}	1598686328094
13	master	cs_cache_fake	{!kmbTYjjsDRDHGgVqUP:localhost}	1598686328165
14	master	get_aliases_for_room	{!dKcbdDATuwwphjRPQP:localhost}	1598686328206
15	master	cs_cache_fake	{!dKcbdDATuwwphjRPQP:localhost}	1598686328225
16	master	cs_cache_fake	{!dKcbdDATuwwphjRPQP:localhost,@admin:localhost}	1598686328264
17	master	cs_cache_fake	{!dKcbdDATuwwphjRPQP:localhost}	1598686328293
18	master	cs_cache_fake	{!dKcbdDATuwwphjRPQP:localhost}	1598686328324
19	master	cs_cache_fake	{!dKcbdDATuwwphjRPQP:localhost}	1598686328352
20	master	cs_cache_fake	{!dKcbdDATuwwphjRPQP:localhost}	1598686328382
21	master	cs_cache_fake	{!kmbTYjjsDRDHGgVqUP:localhost,@matrix_a:localhost}	1598686328424
22	master	cs_cache_fake	{!dKcbdDATuwwphjRPQP:localhost,@matrix_a:localhost}	1598686328465
23	master	cs_cache_fake	{!kmbTYjjsDRDHGgVqUP:localhost,@matrix_b:localhost}	1598686328510
24	master	cs_cache_fake	{!dKcbdDATuwwphjRPQP:localhost,@matrix_b:localhost}	1598686328549
25	master	cs_cache_fake	{!kmbTYjjsDRDHGgVqUP:localhost,@ignored_user:localhost}	1598686328591
26	master	cs_cache_fake	{!dKcbdDATuwwphjRPQP:localhost,@ignored_user:localhost}	1598686328631
27	master	user_last_seen_monthly_active	\N	1672856664791
28	master	get_monthly_active_count	{}	1672856664794
29	master	get_user_by_id	{@matterbot:localhost}	1672856700682
30	master	cs_cache_fake	{!dKcbdDATuwwphjRPQP:localhost,@matterbot:localhost}	1672856701371
31	master	cs_cache_fake	{!kmbTYjjsDRDHGgVqUP:localhost,@matterbot:localhost}	1672856701400
32	master	get_user_by_id	{@mm_mattermost_b:localhost}	1672856704409
33	master	get_user_by_id	{@mm_mattermost_a:localhost}	1672856704523
34	master	cs_cache_fake	{!dKcbdDATuwwphjRPQP:localhost,@mm_mattermost_b:localhost}	1672856704709
35	master	cs_cache_fake	{!kmbTYjjsDRDHGgVqUP:localhost,@mm_mattermost_b:localhost}	1672856704866
36	master	cs_cache_fake	{!dKcbdDATuwwphjRPQP:localhost,@mm_mattermost_a:localhost}	1672856704960
37	master	cs_cache_fake	{!kmbTYjjsDRDHGgVqUP:localhost,@mm_mattermost_a:localhost}	1672856705110
38	master	cs_cache_fake	{!dKcbdDATuwwphjRPQP:localhost,@mm_mattermost_b:localhost}	1672856705160
39	master	cs_cache_fake	{!kmbTYjjsDRDHGgVqUP:localhost,@mm_mattermost_b:localhost}	1672856705403
40	master	cs_cache_fake	{!dKcbdDATuwwphjRPQP:localhost,@mm_mattermost_a:localhost}	1672856705498
41	master	cs_cache_fake	{!kmbTYjjsDRDHGgVqUP:localhost,@mm_mattermost_a:localhost}	1672856705618
42	master	user_last_seen_monthly_active	\N	1672871790969
43	master	get_monthly_active_count	{}	1672871790975
44	master	user_last_seen_monthly_active	\N	1672876490785
45	master	get_monthly_active_count	{}	1672876490795
46	master	user_last_seen_monthly_active	\N	1672879734358
47	master	get_monthly_active_count	{}	1672879734369
48	master	user_last_seen_monthly_active	\N	1672883390253
49	master	get_monthly_active_count	{}	1672883390256
50	master	user_last_seen_monthly_active	\N	1672887715288
51	master	get_monthly_active_count	{}	1672887715291
52	master	user_last_seen_monthly_active	\N	1672890172298
53	master	get_monthly_active_count	{}	1672890172304
54	master	user_last_seen_monthly_active	\N	1672893416286
55	master	get_monthly_active_count	{}	1672893416295
56	master	user_last_seen_monthly_active	\N	1672897967221
57	master	get_monthly_active_count	{}	1672897967224
58	master	user_last_seen_monthly_active	\N	1672901650324
59	master	get_monthly_active_count	{}	1672901650333
60	master	user_last_seen_monthly_active	\N	1672905017461
61	master	get_monthly_active_count	{}	1672905017476
62	master	user_last_seen_monthly_active	\N	1672908258295
63	master	get_monthly_active_count	{}	1672908258298
64	master	user_last_seen_monthly_active	\N	1672912478194
65	master	get_monthly_active_count	{}	1672912478203
66	master	user_last_seen_monthly_active	\N	1672916886701
67	master	get_monthly_active_count	{}	1672916886997
68	master	get_user_by_id	{@user1:localhost}	1672918078870
69	master	count_e2e_one_time_keys	{@user1:localhost,ZLJUJWPSRR}	1672918201747
70	master	get_e2e_unused_fallback_key_types	{@user1:localhost,ZLJUJWPSRR}	1672918201778
71	master	count_e2e_one_time_keys	{@user1:localhost,ZLJUJWPSRR}	1672918201864
72	master	get_e2e_unused_fallback_key_types	{@user1:localhost,ZLJUJWPSRR}	1672918201873
73	master	count_e2e_one_time_keys	{@user1:localhost,ZLJUJWPSRR}	1672918201935
74	master	count_e2e_one_time_keys	{@user1:localhost,ZLJUJWPSRR}	1672918201992
83	master	count_e2e_one_time_keys	{@user1:localhost,ZLJUJWPSRR}	1672918202476
93	master	count_e2e_one_time_keys	{@user1:localhost,NXIGVVVFXK}	1672918479094
98	master	cs_cache_fake	{!kmbTYjjsDRDHGgVqUP:localhost,@user1:localhost}	1672918494236
104	master	get_user_by_id	{@mm_user1:localhost}	1672922249191
75	master	count_e2e_one_time_keys	{@user1:localhost,ZLJUJWPSRR}	1672918202054
76	master	count_e2e_one_time_keys	{@user1:localhost,ZLJUJWPSRR}	1672918202117
77	master	count_e2e_one_time_keys	{@user1:localhost,ZLJUJWPSRR}	1672918202177
78	master	_get_bare_e2e_cross_signing_keys	{@user1:localhost}	1672918202194
79	master	_get_bare_e2e_cross_signing_keys	{@user1:localhost}	1672918202201
80	master	_get_bare_e2e_cross_signing_keys	{@user1:localhost}	1672918202211
89	master	count_e2e_one_time_keys	{@user1:localhost,NXIGVVVFXK}	1672918478877
90	master	count_e2e_one_time_keys	{@user1:localhost,NXIGVVVFXK}	1672918478929
91	master	count_e2e_one_time_keys	{@user1:localhost,NXIGVVVFXK}	1672918478984
94	master	count_e2e_one_time_keys	{@user1:localhost,NXIGVVVFXK}	1672918479151
95	master	count_e2e_one_time_keys	{@user1:localhost,NXIGVVVFXK}	1672918479203
96	master	count_e2e_one_time_keys	{@user1:localhost,NXIGVVVFXK}	1672918479265
106	master	cs_cache_fake	{!dKcbdDATuwwphjRPQP:localhost,@mm_user1:localhost}	1672922249700
81	master	count_e2e_one_time_keys	{@user1:localhost,ZLJUJWPSRR}	1672918202327
82	master	count_e2e_one_time_keys	{@user1:localhost,ZLJUJWPSRR}	1672918202405
84	master	get_user_by_access_token	{syt_dXNlcjE_vFGpLeZRPNVxPbNorgcL_2sVSJz}	1672918252762
87	master	count_e2e_one_time_keys	{@user1:localhost,NXIGVVVFXK}	1672918478805
92	master	count_e2e_one_time_keys	{@user1:localhost,NXIGVVVFXK}	1672918479038
108	master	cs_cache_fake	{!dKcbdDATuwwphjRPQP:localhost,@mm_user1:localhost}	1672922250047
85	master	count_e2e_one_time_keys	{@user1:localhost,ZLJUJWPSRR}	1672918252781
86	master	get_e2e_unused_fallback_key_types	{@user1:localhost,ZLJUJWPSRR}	1672918252785
88	master	get_e2e_unused_fallback_key_types	{@user1:localhost,NXIGVVVFXK}	1672918478825
97	master	count_e2e_one_time_keys	{@user1:localhost,NXIGVVVFXK}	1672918479380
99	master	cs_cache_fake	{!dKcbdDATuwwphjRPQP:localhost,@user1:localhost}	1672918508504
100	master	user_last_seen_monthly_active	\N	1672918590856
101	master	get_monthly_active_count	{}	1672918590858
102	master	user_last_seen_monthly_active	\N	1672922190858
103	master	get_monthly_active_count	{}	1672922190860
105	master	cs_cache_fake	{!kmbTYjjsDRDHGgVqUP:localhost,@mm_user1:localhost}	1672922249483
107	master	cs_cache_fake	{!kmbTYjjsDRDHGgVqUP:localhost,@mm_user1:localhost}	1672922249900
109	master	user_last_seen_monthly_active	\N	1672924683126
110	master	get_monthly_active_count	{}	1672924683137
111	master	get_user_by_access_token	{syt_dXNlcjE_dGiJSUmorpRoxHUDXRjR_0LCV3x}	1672925412123
112	master	count_e2e_one_time_keys	{@user1:localhost,NXIGVVVFXK}	1672925412142
113	master	get_e2e_unused_fallback_key_types	{@user1:localhost,NXIGVVVFXK}	1672925412148
114	master	count_e2e_one_time_keys	{@user1:localhost,MPUPZCTVVU}	1672925430599
115	master	get_e2e_unused_fallback_key_types	{@user1:localhost,MPUPZCTVVU}	1672925430620
116	master	count_e2e_one_time_keys	{@user1:localhost,MPUPZCTVVU}	1672925430693
117	master	count_e2e_one_time_keys	{@user1:localhost,MPUPZCTVVU}	1672925430769
118	master	count_e2e_one_time_keys	{@user1:localhost,MPUPZCTVVU}	1672925430827
119	master	count_e2e_one_time_keys	{@user1:localhost,MPUPZCTVVU}	1672925430884
120	master	count_e2e_one_time_keys	{@user1:localhost,MPUPZCTVVU}	1672925430948
121	master	count_e2e_one_time_keys	{@user1:localhost,MPUPZCTVVU}	1672925431001
122	master	count_e2e_one_time_keys	{@user1:localhost,MPUPZCTVVU}	1672925431059
123	master	count_e2e_one_time_keys	{@user1:localhost,MPUPZCTVVU}	1672925431115
124	master	count_e2e_one_time_keys	{@user1:localhost,MPUPZCTVVU}	1672925431172
125	master	user_last_seen_monthly_active	\N	1673367012166
126	master	get_monthly_active_count	{}	1673367012170
\.


--
-- Data for Name: current_state_delta_stream; Type: TABLE DATA; Schema: public; Owner: synapse
--

COPY public.current_state_delta_stream (stream_id, room_id, type, state_key, event_id, prev_event_id, instance_name) FROM stdin;
2	!kmbTYjjsDRDHGgVqUP:localhost	m.room.create		$mBmRyyvP_Jc-LDi7_hiGD9QTu5XGVXqNMxZM4yDMQPU	\N	\N
3	!kmbTYjjsDRDHGgVqUP:localhost	m.room.member	@admin:localhost	$_oKaaOfL7rFtPsAsxDmHrCY9sAzFjslRwkJ_QHxHDTw	\N	\N
4	!kmbTYjjsDRDHGgVqUP:localhost	m.room.power_levels		$BYyVCPyJh9PVJBsxDwm9NakGY19DlCJJ1GlCcYpTv8w	\N	\N
5	!kmbTYjjsDRDHGgVqUP:localhost	m.room.canonical_alias		$X8tdoEsXAgBC6gobCepAn3rwO8CJoQU6i9NN9Rzhukg	\N	\N
6	!kmbTYjjsDRDHGgVqUP:localhost	m.room.join_rules		$G_m59AjH2Y1FX4D11JDsmEETfHGAWoknTIdv-_XYW2o	\N	\N
7	!kmbTYjjsDRDHGgVqUP:localhost	m.room.history_visibility		$O5iO4EII22igkDq5cMKHFB-SGIYD0KqJQXZohS2Dzc0	\N	\N
8	!dKcbdDATuwwphjRPQP:localhost	m.room.create		$Rczn5GeJ1aYMBU_oXSIF8ppVk8WEruaYIBA3FE7Yq88	\N	\N
9	!dKcbdDATuwwphjRPQP:localhost	m.room.member	@admin:localhost	$PeAJ6BypXjJegHiUjcYe-I6Cf4NuCPICi_yUb-fyauA	\N	\N
10	!dKcbdDATuwwphjRPQP:localhost	m.room.power_levels		$P98vptI_jrNYKKnTTDYouThgohgHqJkD5Rcj0gDgxII	\N	\N
11	!dKcbdDATuwwphjRPQP:localhost	m.room.canonical_alias		$b__a7rX3L5YpX7nAZte73DAbjtXZK48JH8VKSnGOKKw	\N	\N
12	!dKcbdDATuwwphjRPQP:localhost	m.room.join_rules		$hEtlt0NU16h0ix9xBX0MDJR0g54ATEZ4S96udYzYBqs	\N	\N
13	!dKcbdDATuwwphjRPQP:localhost	m.room.history_visibility		$TVnvv0nGbLydCBtMmTTz-htMsoI4hmxCr3s9AHyFGHQ	\N	\N
14	!kmbTYjjsDRDHGgVqUP:localhost	m.room.member	@matrix_a:localhost	$N33GyONpuSa3zRNJk1CtLYdhqJbhXBwSpAlUUm-zmB8	\N	\N
15	!dKcbdDATuwwphjRPQP:localhost	m.room.member	@matrix_a:localhost	$wd-zBsOV9K_8HbhPARZ91kf5cfZwLKRi7yBBGGNUAb0	\N	\N
16	!kmbTYjjsDRDHGgVqUP:localhost	m.room.member	@matrix_b:localhost	$llCtN-sfVC1IOdDQXgskgx4jl97hQHfKnEH-IP-lyvk	\N	\N
17	!dKcbdDATuwwphjRPQP:localhost	m.room.member	@matrix_b:localhost	$4ZLf-3JRJMLLADbzome2n_5rZNEeHEFIo3w1xN4KKu0	\N	\N
18	!kmbTYjjsDRDHGgVqUP:localhost	m.room.member	@ignored_user:localhost	$hD2Z-BHkSscOTiftcJe1n-peOIsihQlQbtyjR2IkTmA	\N	\N
19	!dKcbdDATuwwphjRPQP:localhost	m.room.member	@ignored_user:localhost	$Svf91tyGyUuzelYH8bbzM6QXuI9Xcab-XMXjCrIgM5A	\N	\N
21	!dKcbdDATuwwphjRPQP:localhost	m.room.member	@matterbot:localhost	$mGK5pQEzegKFhAPXc0TX7drNl2qyJL8ajxnJRmA3kN8	\N	master
20	!kmbTYjjsDRDHGgVqUP:localhost	m.room.member	@matterbot:localhost	$666ybhBdzZc96KCxYMslNrmlLRi8w6uUusi8J4BUVNM	\N	master
22	!dKcbdDATuwwphjRPQP:localhost	m.room.member	@mm_mattermost_b:localhost	$wEzXoaJoNtWHISsmLEY6T-CdgUw21BFOyAw1HcKBBh0	\N	master
23	!kmbTYjjsDRDHGgVqUP:localhost	m.room.member	@mm_mattermost_b:localhost	$2KF1FxA50OygX8tA7bnhmld7ePb4eIDsQaPB5ssgUSc	\N	master
24	!dKcbdDATuwwphjRPQP:localhost	m.room.member	@mm_mattermost_a:localhost	$g-ojtwk6OBH0sIWVdUrIlKfcesmKRj0kfU5E9ZjKlug	\N	master
25	!kmbTYjjsDRDHGgVqUP:localhost	m.room.member	@mm_mattermost_a:localhost	$5zlbkFcwjX3ScF4jwQP_koQvnG_-hWrIYwwn4RhXMGs	\N	master
26	!dKcbdDATuwwphjRPQP:localhost	m.room.member	@mm_mattermost_b:localhost	$PSZPiF2_GHeawUZsuFzgg_JuCtoOyaf_11-uLulGF0c	$wEzXoaJoNtWHISsmLEY6T-CdgUw21BFOyAw1HcKBBh0	master
27	!kmbTYjjsDRDHGgVqUP:localhost	m.room.member	@mm_mattermost_b:localhost	$t5n7gGV4l0pVzkJq8YJdQm4IFq3hTrEHABs9QiejsEA	$2KF1FxA50OygX8tA7bnhmld7ePb4eIDsQaPB5ssgUSc	master
28	!dKcbdDATuwwphjRPQP:localhost	m.room.member	@mm_mattermost_a:localhost	$CPrx1EOiKU0xFQBY1-CbMIp4Nx64vw33awql9URc-is	$g-ojtwk6OBH0sIWVdUrIlKfcesmKRj0kfU5E9ZjKlug	master
29	!kmbTYjjsDRDHGgVqUP:localhost	m.room.member	@mm_mattermost_a:localhost	$FiPh76BhP5tT1Hors997MJgDvrehT02uvfmqsY25ilk	$5zlbkFcwjX3ScF4jwQP_koQvnG_-hWrIYwwn4RhXMGs	master
40	!kmbTYjjsDRDHGgVqUP:localhost	m.room.member	@user1:localhost	$kHkn3X5sgQZbnc7m1GNs3FoN729sUsLsqASYxvh3Jb8	\N	master
41	!dKcbdDATuwwphjRPQP:localhost	m.room.member	@user1:localhost	$cl-cBWQqCEUtQdjEqlQcE0PD7MCeX1R25oC5CKqb7oE	\N	master
46	!kmbTYjjsDRDHGgVqUP:localhost	m.room.member	@mm_user1:localhost	$S7qfuHyVNKlnX8WQb78EyVSR_7_dnmagLA8asozsQtE	\N	master
47	!dKcbdDATuwwphjRPQP:localhost	m.room.member	@mm_user1:localhost	$TOzcyxIV2S5U6CP15QCldRMJRaDz1Yaik15PorvZYGc	\N	master
48	!kmbTYjjsDRDHGgVqUP:localhost	m.room.member	@mm_user1:localhost	$Sa-w9Co29Yd94wHfPbpfCOuSSlMlorQ7ssiGXYp8oh8	$S7qfuHyVNKlnX8WQb78EyVSR_7_dnmagLA8asozsQtE	master
49	!dKcbdDATuwwphjRPQP:localhost	m.room.member	@mm_user1:localhost	$n6TBNMF739-W93vnPpWYiJ_zTj-UGsx8mCtkFUsmkrY	$TOzcyxIV2S5U6CP15QCldRMJRaDz1Yaik15PorvZYGc	master
\.


--
-- Data for Name: current_state_events; Type: TABLE DATA; Schema: public; Owner: synapse
--

COPY public.current_state_events (event_id, room_id, type, state_key, membership) FROM stdin;
$mBmRyyvP_Jc-LDi7_hiGD9QTu5XGVXqNMxZM4yDMQPU	!kmbTYjjsDRDHGgVqUP:localhost	m.room.create		\N
$_oKaaOfL7rFtPsAsxDmHrCY9sAzFjslRwkJ_QHxHDTw	!kmbTYjjsDRDHGgVqUP:localhost	m.room.member	@admin:localhost	join
$BYyVCPyJh9PVJBsxDwm9NakGY19DlCJJ1GlCcYpTv8w	!kmbTYjjsDRDHGgVqUP:localhost	m.room.power_levels		\N
$X8tdoEsXAgBC6gobCepAn3rwO8CJoQU6i9NN9Rzhukg	!kmbTYjjsDRDHGgVqUP:localhost	m.room.canonical_alias		\N
$G_m59AjH2Y1FX4D11JDsmEETfHGAWoknTIdv-_XYW2o	!kmbTYjjsDRDHGgVqUP:localhost	m.room.join_rules		\N
$O5iO4EII22igkDq5cMKHFB-SGIYD0KqJQXZohS2Dzc0	!kmbTYjjsDRDHGgVqUP:localhost	m.room.history_visibility		\N
$Rczn5GeJ1aYMBU_oXSIF8ppVk8WEruaYIBA3FE7Yq88	!dKcbdDATuwwphjRPQP:localhost	m.room.create		\N
$PeAJ6BypXjJegHiUjcYe-I6Cf4NuCPICi_yUb-fyauA	!dKcbdDATuwwphjRPQP:localhost	m.room.member	@admin:localhost	join
$P98vptI_jrNYKKnTTDYouThgohgHqJkD5Rcj0gDgxII	!dKcbdDATuwwphjRPQP:localhost	m.room.power_levels		\N
$b__a7rX3L5YpX7nAZte73DAbjtXZK48JH8VKSnGOKKw	!dKcbdDATuwwphjRPQP:localhost	m.room.canonical_alias		\N
$hEtlt0NU16h0ix9xBX0MDJR0g54ATEZ4S96udYzYBqs	!dKcbdDATuwwphjRPQP:localhost	m.room.join_rules		\N
$TVnvv0nGbLydCBtMmTTz-htMsoI4hmxCr3s9AHyFGHQ	!dKcbdDATuwwphjRPQP:localhost	m.room.history_visibility		\N
$N33GyONpuSa3zRNJk1CtLYdhqJbhXBwSpAlUUm-zmB8	!kmbTYjjsDRDHGgVqUP:localhost	m.room.member	@matrix_a:localhost	join
$wd-zBsOV9K_8HbhPARZ91kf5cfZwLKRi7yBBGGNUAb0	!dKcbdDATuwwphjRPQP:localhost	m.room.member	@matrix_a:localhost	join
$llCtN-sfVC1IOdDQXgskgx4jl97hQHfKnEH-IP-lyvk	!kmbTYjjsDRDHGgVqUP:localhost	m.room.member	@matrix_b:localhost	join
$4ZLf-3JRJMLLADbzome2n_5rZNEeHEFIo3w1xN4KKu0	!dKcbdDATuwwphjRPQP:localhost	m.room.member	@matrix_b:localhost	join
$hD2Z-BHkSscOTiftcJe1n-peOIsihQlQbtyjR2IkTmA	!kmbTYjjsDRDHGgVqUP:localhost	m.room.member	@ignored_user:localhost	join
$Svf91tyGyUuzelYH8bbzM6QXuI9Xcab-XMXjCrIgM5A	!dKcbdDATuwwphjRPQP:localhost	m.room.member	@ignored_user:localhost	join
$mGK5pQEzegKFhAPXc0TX7drNl2qyJL8ajxnJRmA3kN8	!dKcbdDATuwwphjRPQP:localhost	m.room.member	@matterbot:localhost	join
$666ybhBdzZc96KCxYMslNrmlLRi8w6uUusi8J4BUVNM	!kmbTYjjsDRDHGgVqUP:localhost	m.room.member	@matterbot:localhost	join
$PSZPiF2_GHeawUZsuFzgg_JuCtoOyaf_11-uLulGF0c	!dKcbdDATuwwphjRPQP:localhost	m.room.member	@mm_mattermost_b:localhost	join
$t5n7gGV4l0pVzkJq8YJdQm4IFq3hTrEHABs9QiejsEA	!kmbTYjjsDRDHGgVqUP:localhost	m.room.member	@mm_mattermost_b:localhost	join
$CPrx1EOiKU0xFQBY1-CbMIp4Nx64vw33awql9URc-is	!dKcbdDATuwwphjRPQP:localhost	m.room.member	@mm_mattermost_a:localhost	join
$FiPh76BhP5tT1Hors997MJgDvrehT02uvfmqsY25ilk	!kmbTYjjsDRDHGgVqUP:localhost	m.room.member	@mm_mattermost_a:localhost	join
$kHkn3X5sgQZbnc7m1GNs3FoN729sUsLsqASYxvh3Jb8	!kmbTYjjsDRDHGgVqUP:localhost	m.room.member	@user1:localhost	join
$cl-cBWQqCEUtQdjEqlQcE0PD7MCeX1R25oC5CKqb7oE	!dKcbdDATuwwphjRPQP:localhost	m.room.member	@user1:localhost	join
$Sa-w9Co29Yd94wHfPbpfCOuSSlMlorQ7ssiGXYp8oh8	!kmbTYjjsDRDHGgVqUP:localhost	m.room.member	@mm_user1:localhost	join
$n6TBNMF739-W93vnPpWYiJ_zTj-UGsx8mCtkFUsmkrY	!dKcbdDATuwwphjRPQP:localhost	m.room.member	@mm_user1:localhost	join
\.


--
-- Data for Name: dehydrated_devices; Type: TABLE DATA; Schema: public; Owner: synapse
--

COPY public.dehydrated_devices (user_id, device_id, device_data) FROM stdin;
\.


--
-- Data for Name: deleted_pushers; Type: TABLE DATA; Schema: public; Owner: synapse
--

COPY public.deleted_pushers (stream_id, app_id, pushkey, user_id) FROM stdin;
\.


--
-- Data for Name: destination_rooms; Type: TABLE DATA; Schema: public; Owner: synapse
--

COPY public.destination_rooms (destination, room_id, stream_ordering) FROM stdin;
\.


--
-- Data for Name: destinations; Type: TABLE DATA; Schema: public; Owner: synapse
--

COPY public.destinations (destination, retry_last_ts, retry_interval, failure_ts, last_successful_stream_ordering) FROM stdin;
\.


--
-- Data for Name: device_federation_inbox; Type: TABLE DATA; Schema: public; Owner: synapse
--

COPY public.device_federation_inbox (origin, message_id, received_ts, instance_name) FROM stdin;
\.


--
-- Data for Name: device_federation_outbox; Type: TABLE DATA; Schema: public; Owner: synapse
--

COPY public.device_federation_outbox (destination, stream_id, queued_ts, messages_json, instance_name) FROM stdin;
\.


--
-- Data for Name: device_inbox; Type: TABLE DATA; Schema: public; Owner: synapse
--

COPY public.device_inbox (user_id, device_id, stream_id, message_json, instance_name) FROM stdin;
\.


--
-- Data for Name: device_lists_outbound_last_success; Type: TABLE DATA; Schema: public; Owner: synapse
--

COPY public.device_lists_outbound_last_success (destination, user_id, stream_id) FROM stdin;
\.


--
-- Data for Name: device_lists_outbound_pokes; Type: TABLE DATA; Schema: public; Owner: synapse
--

COPY public.device_lists_outbound_pokes (destination, stream_id, user_id, device_id, sent, ts, opentracing_context) FROM stdin;
\.


--
-- Data for Name: device_lists_remote_cache; Type: TABLE DATA; Schema: public; Owner: synapse
--

COPY public.device_lists_remote_cache (user_id, device_id, content) FROM stdin;
\.


--
-- Data for Name: device_lists_remote_extremeties; Type: TABLE DATA; Schema: public; Owner: synapse
--

COPY public.device_lists_remote_extremeties (user_id, stream_id) FROM stdin;
\.


--
-- Data for Name: device_lists_remote_resync; Type: TABLE DATA; Schema: public; Owner: synapse
--

COPY public.device_lists_remote_resync (user_id, added_ts) FROM stdin;
\.


--
-- Data for Name: device_lists_stream; Type: TABLE DATA; Schema: public; Owner: synapse
--

COPY public.device_lists_stream (stream_id, user_id, device_id) FROM stdin;
2	@admin:localhost	WCSUBIGVWG
3	@matrix_a:localhost	TKAVEOGKHH
4	@matrix_b:localhost	DJFHSWMXLW
5	@ignored_user:localhost	IYEBBQEXHS
6	@matterbot:localhost	OKGPMGNNEY
7	@mm_mattermost_b:localhost	ZESISTJYYM
8	@mm_mattermost_a:localhost	CWUORKDCEH
12	@user1:localhost	58pTnmZrmfrb2oYvQzQ3gqD+pVVgFJzSKS5rGmhc64I
13	@user1:localhost	pdBCJJeCaBQUwJbb5/uPHNNL9DLS6KDonsWdP5TfCW0
14	@user1:localhost	ZLJUJWPSRR
17	@mm_user1:localhost	SHXZHAGORF
18	@user1:localhost	NXIGVVVFXK
20	@user1:localhost	MPUPZCTVVU
\.


--
-- Data for Name: devices; Type: TABLE DATA; Schema: public; Owner: synapse
--

COPY public.devices (user_id, device_id, display_name, last_seen, ip, user_agent, hidden) FROM stdin;
@ignored_user:localhost	IYEBBQEXHS	\N	1598686328565	172.21.0.1	curl/7.72.0	f
@matterbot:localhost	OKGPMGNNEY	\N	\N	\N	\N	f
@mm_mattermost_b:localhost	ZESISTJYYM	\N	\N	\N	\N	f
@mm_mattermost_a:localhost	CWUORKDCEH	\N	\N	\N	\N	f
@user1:localhost	58pTnmZrmfrb2oYvQzQ3gqD+pVVgFJzSKS5rGmhc64I	master signing key	\N	\N	\N	t
@user1:localhost	pdBCJJeCaBQUwJbb5/uPHNNL9DLS6KDonsWdP5TfCW0	self_signing signing key	\N	\N	\N	t
@user1:localhost	8VwxF1XcfucbvnEe3tmKLZBRBD5vxbOIg2RNVH0Ndyg	user_signing signing key	\N	\N	\N	t
@mm_user1:localhost	SHXZHAGORF	\N	\N	\N	\N	f
@admin:localhost	WCSUBIGVWG	\N	1672920816777	172.16.238.1	PostmanRuntime/7.30.0	f
@user1:localhost	MPUPZCTVVU	Element Skrivbord: macOS	1672925559909	172.16.238.1	Mozilla/5.0 (Macintosh; Intel Mac OS X 10_15_7) AppleWebKit/537.36 (KHTML, like Gecko) Element/1.11.17 Chrome/108.0.5359.62 Electron/22.0.0 Safari/537.36	f
@matrix_b:localhost	DJFHSWMXLW	\N	1673367937199	172.16.238.1		f
@matrix_a:localhost	TKAVEOGKHH	\N	1673367996959	172.16.238.1	undici	f
\.


--
-- Data for Name: e2e_cross_signing_keys; Type: TABLE DATA; Schema: public; Owner: synapse
--

COPY public.e2e_cross_signing_keys (user_id, keytype, keydata, stream_id) FROM stdin;
@user1:localhost	master	{"user_id":"@user1:localhost","usage":["master"],"keys":{"ed25519:58pTnmZrmfrb2oYvQzQ3gqD+pVVgFJzSKS5rGmhc64I":"58pTnmZrmfrb2oYvQzQ3gqD+pVVgFJzSKS5rGmhc64I"},"signatures":{"@user1:localhost":{"ed25519:ZLJUJWPSRR":"yBESboDwQNBEOXMduanqiGoLXTF4gKvF7N4LP5ovnEoMFi8kAbAQjbpnVX0YLH2MvpuzesgQ+bxC7p7VkQ6fBQ"}}}	2
@user1:localhost	self_signing	{"user_id":"@user1:localhost","usage":["self_signing"],"keys":{"ed25519:pdBCJJeCaBQUwJbb5/uPHNNL9DLS6KDonsWdP5TfCW0":"pdBCJJeCaBQUwJbb5/uPHNNL9DLS6KDonsWdP5TfCW0"},"signatures":{"@user1:localhost":{"ed25519:58pTnmZrmfrb2oYvQzQ3gqD+pVVgFJzSKS5rGmhc64I":"O1vPD1mJiCrfD4q0awkAK2iLx4aOmzEayu9GwW2zLZmZ44nzOsQQ4krEwKKtuXAHl1uaHgLPIknBSMgWsdkGBQ"}}}	3
@user1:localhost	user_signing	{"user_id":"@user1:localhost","usage":["user_signing"],"keys":{"ed25519:8VwxF1XcfucbvnEe3tmKLZBRBD5vxbOIg2RNVH0Ndyg":"8VwxF1XcfucbvnEe3tmKLZBRBD5vxbOIg2RNVH0Ndyg"},"signatures":{"@user1:localhost":{"ed25519:58pTnmZrmfrb2oYvQzQ3gqD+pVVgFJzSKS5rGmhc64I":"MnzzIPIWi1oUBte11VVm2XtrdKv32Zg3NXY+YMa9SZrMg6O7k9Kew1GvvfmN49wndN4Aq1V6JvCuHZSFDZjSAg"}}}	4
\.


--
-- Data for Name: e2e_cross_signing_signatures; Type: TABLE DATA; Schema: public; Owner: synapse
--

COPY public.e2e_cross_signing_signatures (user_id, key_id, target_user_id, target_device_id, signature) FROM stdin;
\.


--
-- Data for Name: e2e_device_keys_json; Type: TABLE DATA; Schema: public; Owner: synapse
--

COPY public.e2e_device_keys_json (user_id, device_id, ts_added_ms, key_json) FROM stdin;
@user1:localhost	MPUPZCTVVU	1672925430056	{"algorithms":["m.olm.v1.curve25519-aes-sha2","m.megolm.v1.aes-sha2"],"device_id":"MPUPZCTVVU","keys":{"curve25519:MPUPZCTVVU":"ytAvs38zyrlDhePnPGmnEPK2dImnER6zX4yqHZh2FDw","ed25519:MPUPZCTVVU":"o1YFbBCcY6jPO2cGeWx4IIOxka67s5A+mVQS3APzQFY"},"signatures":{"@user1:localhost":{"ed25519:MPUPZCTVVU":"6vPEypk0gkiUPRkZGj4FPPTKfuQDvbOCuxmwzE1jqIyKxNPcprw5dNqcnG/hEKobLU717wJFWgugUdyDQU8zBg"}},"user_id":"@user1:localhost"}
\.


--
-- Data for Name: e2e_fallback_keys_json; Type: TABLE DATA; Schema: public; Owner: synapse
--

COPY public.e2e_fallback_keys_json (user_id, device_id, algorithm, key_id, key_json, used) FROM stdin;
@user1:localhost	MPUPZCTVVU	signed_curve25519	AAAABg	{"key":"OXLrD92O29eAaCjEJe3QYqEvrnOWejIou39vzzSgCk8","fallback":true,"signatures":{"@user1:localhost":{"ed25519:MPUPZCTVVU":"rlBMpWdBdeKpKZWWdjwuobI1faWtIz4QltmCyiVXFMm76IT+hKnq5ZsMtKX69hBQ/wbS+L1o4aQ5Jiw1yqn0Dw"}}}	f
\.


--
-- Data for Name: e2e_one_time_keys_json; Type: TABLE DATA; Schema: public; Owner: synapse
--

COPY public.e2e_one_time_keys_json (user_id, device_id, algorithm, key_id, ts_added_ms, key_json) FROM stdin;
@user1:localhost	MPUPZCTVVU	signed_curve25519	AAAABQ	1672925430584	{"key":"DC+hbGyWj9uxHLK7Pc6iFRFp/o0NC0bHEKqP44fmjDA","signatures":{"@user1:localhost":{"ed25519:MPUPZCTVVU":"nVQcatZk1PObFFE5/CNTgL9ntra4g2a0bLjqSvFLwrElNQGA22HxszMJxvdpo6TLbsAvq3mwST8G8g8SPB0PDg"}}}
@user1:localhost	MPUPZCTVVU	signed_curve25519	AAAABA	1672925430584	{"key":"yZB/EV8xn8Wp/MWH1EoOpsDKOmW5iGKYkl7ejIlOb2k","signatures":{"@user1:localhost":{"ed25519:MPUPZCTVVU":"XjvXLz42RWHcruN8rOKx58aWKe54GZsaf08xNztQCix3yAXk7UKyb9U5vLZ/YofIDFcwiiQUHf7wcXtNtTY5Bw"}}}
@user1:localhost	MPUPZCTVVU	signed_curve25519	AAAAAw	1672925430584	{"key":"0NMQbnEDs4vsijAEODThzXVeuel2jSH9kVcJKQNsWDM","signatures":{"@user1:localhost":{"ed25519:MPUPZCTVVU":"8jj7TQeGCQvwnDJYi631UUK4kYthtl9rY6KwkxedmltzvfPFmroLu3J/QmXi7xyGJQJhYF62jnyAe8eJOCcyAg"}}}
@user1:localhost	MPUPZCTVVU	signed_curve25519	AAAAAg	1672925430584	{"key":"RHmvaZlRg/fo+IyZlBG3ghF89sXHSDgw8qqRmy29HDU","signatures":{"@user1:localhost":{"ed25519:MPUPZCTVVU":"THEng0Fd6CwMaF+FXHpIs8W9N4aBT/xQQ1XRgacYt+3CYdcZ6l1UQUoaG/lWYelPtasGWgUJLiIE/tw1OuChBA"}}}
@user1:localhost	MPUPZCTVVU	signed_curve25519	AAAAAQ	1672925430584	{"key":"coVV2NX5JDGI03+Jus+FCrs4KZ7z504IEztzbidFQHc","signatures":{"@user1:localhost":{"ed25519:MPUPZCTVVU":"+xJqcE5n5gyzF4j5MYSTb2SuyhOmh0JWK342CXdCGs4nTBqyS+C/LJ6rVT4+oUXyivtAglCLRPQxMxvNpTgmBg"}}}
@user1:localhost	MPUPZCTVVU	signed_curve25519	AAAACw	1672925430681	{"key":"XZiGVidmkfLamq6nVBtZI3EFA8vHByB6WHSMNrnoVD4","signatures":{"@user1:localhost":{"ed25519:MPUPZCTVVU":"1IKCy0Cbpb+HYnE4ToikiQiTv9/0Hn+/Fqsxm283/WroM/sHAagPFhszQHOZ83do0cfSsabwb/CHqzPICdr8AA"}}}
@user1:localhost	MPUPZCTVVU	signed_curve25519	AAAACg	1672925430681	{"key":"YRm9l+je8T9YRA9EA/DL26YptGM6wEhC7YX/HTM5kyg","signatures":{"@user1:localhost":{"ed25519:MPUPZCTVVU":"La2hO9UvMbg2mmOGDpuhW+2XPCd6xaJyyJZFiztCYfzXByKhaaUBw05MYMKNZLT+r2yY1XdrdzrIHCnqoNtOBw"}}}
@user1:localhost	MPUPZCTVVU	signed_curve25519	AAAACQ	1672925430681	{"key":"O4vKpYme2pA4FXHQGcr0yhUZ0neVYObYyCcSfD0zIgE","signatures":{"@user1:localhost":{"ed25519:MPUPZCTVVU":"H9lU/+vHNKFyYgxMZIST+Ylpn88hOdOGJTprRANRI7COazs+P4RNs8wCZCIRyCmcIw52mCKPAtGJjqmEYEACBA"}}}
@user1:localhost	MPUPZCTVVU	signed_curve25519	AAAACA	1672925430681	{"key":"ETp73Wckx+VWOLoAJbWevKLs7+4RkMWWYPvYP6fuBC0","signatures":{"@user1:localhost":{"ed25519:MPUPZCTVVU":"ZcrN0woTnN4ov1PBGxSZiTqbiNBhaLCdQL4msdRRQJfFb5UgYuHzzadnVN9c+ExYuxc0+shT6/UliOqxQMT0Cg"}}}
@user1:localhost	MPUPZCTVVU	signed_curve25519	AAAABw	1672925430681	{"key":"rvwQcoae/fR867x64Hb8dR/+VT28rq6AGLfdMEg07As","signatures":{"@user1:localhost":{"ed25519:MPUPZCTVVU":"jX73EdpBf3AarF6vLAamWMcETWqa8KPA9OQ+31fHxLZEQEIJFmK022mCFIxpplJD4opbBOM06pXBWrxkm25VCA"}}}
@user1:localhost	MPUPZCTVVU	signed_curve25519	AAAAEA	1672925430763	{"key":"nV+lqicS3KH8AVeHzFIjNyJw1tBd18jy79qjdP4DUxs","signatures":{"@user1:localhost":{"ed25519:MPUPZCTVVU":"wgfOTY7M4UkHVV7LTjn7QkKQuOaAZx3TJQgg3dOINzeErJO96K8+aurmtAKy+NlyyJELr7/RFZpAGSCQwFkrCQ"}}}
@user1:localhost	MPUPZCTVVU	signed_curve25519	AAAADw	1672925430763	{"key":"3BosztP1r+GUMajsEeppM4k0fB7FwIhwuMYYsqo7K0w","signatures":{"@user1:localhost":{"ed25519:MPUPZCTVVU":"tDu+X97/DK7kGRCt3T0PCQuMmchywzUVYVvJ39yTIgTg+oR1BJGECrU8UCYNPM7XwmpSb0/CnL5almlg7kqcDQ"}}}
@user1:localhost	MPUPZCTVVU	signed_curve25519	AAAADg	1672925430763	{"key":"GNZ3xxxZncUSf4RhGirVX57mG+RSd8io+/XdYR4WBXY","signatures":{"@user1:localhost":{"ed25519:MPUPZCTVVU":"OIA7U58rv+uQddnhRRoSF3mt9ZPCuAMtBfp1zDwD6pWa/sK84BUdP9coLYg7OPAsKRTBFlnV2V5TTOU0udg7Cg"}}}
@user1:localhost	MPUPZCTVVU	signed_curve25519	AAAADQ	1672925430763	{"key":"ZYXZV1y+8JiNLFnIQd1WwD8d1VzrR0o1+CNYIjkg0ms","signatures":{"@user1:localhost":{"ed25519:MPUPZCTVVU":"+dHOH0E0z0mLnfxvYLTjsjv9RKtcI7xTpgC6/gjOEFQqzU4s3gqOpdvNHuAYBySVStL550f7XPTbJtu9ScpGAQ"}}}
@user1:localhost	MPUPZCTVVU	signed_curve25519	AAAADA	1672925430763	{"key":"3VXhBcwhkHmsEzpUkL5RUFYwsQE1Amq2iSMJvDCrRhA","signatures":{"@user1:localhost":{"ed25519:MPUPZCTVVU":"0VFLyMmzSK829ZGUNjfyoHSodYQGsQUN5eFukGEyE6WugQxWW0ZC7Qf5zZvRFGKPtM2Fp82AdXwlVP/77qEaDQ"}}}
@user1:localhost	MPUPZCTVVU	signed_curve25519	AAAAFQ	1672925430820	{"key":"Zd0DoND2VPLn+FuI9ZhUG6RH2CrKcxTwgPkq7uqPAH8","signatures":{"@user1:localhost":{"ed25519:MPUPZCTVVU":"I4FAAg6FwdrHGUSw8tSXnZNUNW1V0iW7Rx+7VZ5z8H87D6IhrqdczZghb/AaNFzePD3VfEFbVpvdX/Xn3xjqBg"}}}
@user1:localhost	MPUPZCTVVU	signed_curve25519	AAAAFA	1672925430820	{"key":"JFtEkjDLR03QQr0Q2pZZoN12jQUp2gD2B1FvO4P7EiY","signatures":{"@user1:localhost":{"ed25519:MPUPZCTVVU":"P0jCc84qKWIE79cOH8NC+HA5AIHAoXkObr8lfttZfgbuTzOC9TyzRbllhspaZtPN9oKnbjOxyuoHQMt7xK1WCQ"}}}
@user1:localhost	MPUPZCTVVU	signed_curve25519	AAAAEw	1672925430820	{"key":"eVF4aU7mTV6ztFWjhcByaQ+xh9PUBLbmI5x1bikBdl4","signatures":{"@user1:localhost":{"ed25519:MPUPZCTVVU":"/TWAbA9sdRo5SmUPqw3DyJye6ONIYcGioMQMU+uOIBrllK0LdwzBhVpWlTfm8U9RfD/o0n8AV8Jwue9JeXIeAg"}}}
@user1:localhost	MPUPZCTVVU	signed_curve25519	AAAAEg	1672925430820	{"key":"VaVYHg1g8GBnV2v7E+gqpMVS8YpobNnVYyXthnARRkg","signatures":{"@user1:localhost":{"ed25519:MPUPZCTVVU":"oLvD3bpRUUpesG5kkWqjPrcJg3TWnUKDclNgQly7GuAftxubHFWFU3ayXX7yH+BQQo8X1tl5TVSAJTYS92U4BA"}}}
@user1:localhost	MPUPZCTVVU	signed_curve25519	AAAAEQ	1672925430820	{"key":"bWS2PHE6Jp2QvE7LF8OZJrQL16Dz2Vj44qmjG+B5zA8","signatures":{"@user1:localhost":{"ed25519:MPUPZCTVVU":"Vkdom9rvY9Xpat2025u+JeEQ8ALV9hZJ/elQQzhax5ZlGTD6DMN80mO4u1eWFKFm3YMykYhrT5vBe30KHwb9DA"}}}
@user1:localhost	MPUPZCTVVU	signed_curve25519	AAAAGg	1672925430879	{"key":"A0ZYoydKc47WUDtpyEKW660RCuT5YkmMC3Io+sbLYjg","signatures":{"@user1:localhost":{"ed25519:MPUPZCTVVU":"cPB9BlPN/Ivbjb0tE+05RZ8yUDkjasyFWwluB/dkH/TSuzIjzVFyvHotTjUgKExkNzM47yyBCtzaPWmXECUXAQ"}}}
@user1:localhost	MPUPZCTVVU	signed_curve25519	AAAAGQ	1672925430879	{"key":"2jJp/4On3DnfWdfkmilc9BMwOMJJ9fqSnsNd4XhFPgM","signatures":{"@user1:localhost":{"ed25519:MPUPZCTVVU":"Oo33MYvd8c+2X84yG17I84183J/u1BefYgRSZ9hyVOV05sET28cGZXIyUFgff74UjBhkQXTKdj8+HXOvHTgZAg"}}}
@user1:localhost	MPUPZCTVVU	signed_curve25519	AAAAGA	1672925430879	{"key":"7PDu8A+miM6JQO7U937j9jU1uAVewYeoWtEK1hmR310","signatures":{"@user1:localhost":{"ed25519:MPUPZCTVVU":"wR/3TMHMYyXEJROTn/Ex5txlU8/O0hsfts4CAO7mwyLfx4UqFlmu/LMdBhpCBiU/wasTkjDHEI9wPD7M3ROIAw"}}}
@user1:localhost	MPUPZCTVVU	signed_curve25519	AAAAFw	1672925430879	{"key":"cuN4FbCa1K2aefSSo3Al/0EtiaaMXmkseUZBNtQDaC8","signatures":{"@user1:localhost":{"ed25519:MPUPZCTVVU":"iO93z6R7lKtC5X+mxC9+lG1d1eKW3f/bwWLcTcQOt5HdIB62b612FxJmxPSEUrih4fxXLGg+MTVIpPZ0eL2UDA"}}}
@user1:localhost	MPUPZCTVVU	signed_curve25519	AAAAFg	1672925430879	{"key":"M37fXHkSMZNXGp9Xu2PJdH+txuVmZvn1GdIixedhHTE","signatures":{"@user1:localhost":{"ed25519:MPUPZCTVVU":"aZrOBlJIxpzof4T/BniGZohXcouh3/BCzYLpRHSKg2MJl67IRlQxcrgLhZf+W9xMdWEsB/Fl7no0WM15Lwz6Dw"}}}
@user1:localhost	MPUPZCTVVU	signed_curve25519	AAAAHw	1672925430942	{"key":"IG1ix/G3cxfRdRoImBqm4CbcIZnCIOQyhd3CSuI4wmk","signatures":{"@user1:localhost":{"ed25519:MPUPZCTVVU":"L3vyqm+0amuF8PGBlpIYS5ruVSsBVIv8Cc3agYGka4NSnsMOBs6flTI9zIhTnn0Dgthr47kAER/LWVuiQul7Dg"}}}
@user1:localhost	MPUPZCTVVU	signed_curve25519	AAAAHg	1672925430942	{"key":"xUfJDORM6TFpNWMtX+FhkcxvpCxrlDRRz2E+uNV3dk8","signatures":{"@user1:localhost":{"ed25519:MPUPZCTVVU":"WlePc9RGAGppPMkWxpHj53y93sSHplAcd93dM7rQjoOXFw4v/0WhKoq3NNvXEQ5Aj5dYtnZ4F0jSPawaNvk6Cw"}}}
@user1:localhost	MPUPZCTVVU	signed_curve25519	AAAAHQ	1672925430942	{"key":"IZaApkQrawnPsemNOWTUUGOwQ6U9OCfPfdvvJ9y722k","signatures":{"@user1:localhost":{"ed25519:MPUPZCTVVU":"kiFnHJx/Pvvdv78gdyKKMUTcoF3DBmNDScR/kqY3dKe1lO+2FBADTYqMbqbq5dbKcz3w4acnmVXIjKUWPbrMDw"}}}
@user1:localhost	MPUPZCTVVU	signed_curve25519	AAAAHA	1672925430942	{"key":"wvD1B7C1D3nY5tm2fKXCHB7C9i127Xf1zcsN8ObwxSY","signatures":{"@user1:localhost":{"ed25519:MPUPZCTVVU":"FfLBeBM+jh4pDkNcL1fybfe08hAJY7d6Hu5VMH+bKpeEyS23adn/VMZaPVjGPS60fxLYGL8pn7NViImkADJnDQ"}}}
@user1:localhost	MPUPZCTVVU	signed_curve25519	AAAAGw	1672925430942	{"key":"2HE0srvt1kOGiKIFx6WjHSttP8e8QW0kS1IVVEdqIWY","signatures":{"@user1:localhost":{"ed25519:MPUPZCTVVU":"58vZrkPdwm+5MXaMNfZcIXNov9BhMkQ7sfFsM4eytV7R7ZsHEn9jiKPbBbEvjRPSP+syP+HOkwZs5Qnr0zHSBw"}}}
@user1:localhost	MPUPZCTVVU	signed_curve25519	AAAAJA	1672925430996	{"key":"yV9o2OeacEw2v1hnn/qBDVhLKEFjfGQGurmYVJN9RFY","signatures":{"@user1:localhost":{"ed25519:MPUPZCTVVU":"g1E0wCFPieOuMPh9mkv4NUhtS+EnWOMFXIBgMpdT47IykxTjeI/tdUsjq7huVnK6iHrnPjI13/sbhEiEz26uAg"}}}
@user1:localhost	MPUPZCTVVU	signed_curve25519	AAAAIw	1672925430996	{"key":"8kcc7dx5he4ub2AU0DA0We4Haiy4BGNJ4qZT83Cx+HA","signatures":{"@user1:localhost":{"ed25519:MPUPZCTVVU":"1dCXKH+vsHsT46cW2lMlp9DRgTpNTfO3DqcVsCuHdjWw2jnCMq74r+NnZPHN731uJQGryXwE7/PgUdXt0e7aAg"}}}
@user1:localhost	MPUPZCTVVU	signed_curve25519	AAAAIg	1672925430996	{"key":"qZPbsL1cBuGQLKeu1Tznkh23nPJ7bGy0ZU3uhWt2iF4","signatures":{"@user1:localhost":{"ed25519:MPUPZCTVVU":"HWpJuds7f9ah5kQWV9QmVtOeUh1Z+AMb2HVuaFF0o2InEAjBAloPDNVuXPYH/QvFnmIjdzONV1thpeUuX0UFAw"}}}
@user1:localhost	MPUPZCTVVU	signed_curve25519	AAAAIQ	1672925430996	{"key":"qtH+eKoFRpxwdgAklvKCtBmt+PFCR1G2L5JFy3MIMgI","signatures":{"@user1:localhost":{"ed25519:MPUPZCTVVU":"NdAV4hTqSX2IupKQ0JmtrPP1fVrBTuNsAboGf4WvC5LXgzFBq4xbXkZ5sOzR2Om9ahG++n1SGp6i+RHOFVJfDA"}}}
@user1:localhost	MPUPZCTVVU	signed_curve25519	AAAAIA	1672925430996	{"key":"XjsKtnmvZo2wkkk9KBMiszymR7ywT6CaEBXUU0cM7xU","signatures":{"@user1:localhost":{"ed25519:MPUPZCTVVU":"REvDJYRkbj4kshHWfxZqffFDhm/Cr2Wz2nh5S5f9dY9m+H/6EWWyLZ0LvCHtODs/11XE9e9GQm1PIP4R7Oh3BQ"}}}
@user1:localhost	MPUPZCTVVU	signed_curve25519	AAAAKQ	1672925431054	{"key":"u6thAvZxKHDt+fWOIBXs84cPXS7d7gjVKYMtOwlfwSM","signatures":{"@user1:localhost":{"ed25519:MPUPZCTVVU":"S4pJV9RNMx7fDK8cSyXbN9NeMlGP4EmANUH2BsAwN8JuKG9H+BEN5mFgkGDc5YK1pl5LXzA0R1uAlapXWrYkDg"}}}
@user1:localhost	MPUPZCTVVU	signed_curve25519	AAAAKA	1672925431054	{"key":"IYztDxDhtg8U+ViV2MQILPvlczuevdtoKrucD0BWtFw","signatures":{"@user1:localhost":{"ed25519:MPUPZCTVVU":"Ed8HucJf4h7/gcMY+Q6Kh/+lCQFMiS1IJJCRF+p5HpKtG/J6jhpZVjTMqyo5J5Yg7oldaCn0ubK9tlVCgYi6BA"}}}
@user1:localhost	MPUPZCTVVU	signed_curve25519	AAAAJw	1672925431054	{"key":"cLYp6gmSltxNmGCnC3BszaovXHV6FPbtnia18+I8Igs","signatures":{"@user1:localhost":{"ed25519:MPUPZCTVVU":"DjEF1zsjy/sJ1da+CiuaDaKUygulE8Gej+hZWsx6yo1qIPxWgGJ9quVeHX6SG8mp9YRHDqKeP7PEEdNxyTdIAg"}}}
@user1:localhost	MPUPZCTVVU	signed_curve25519	AAAAJg	1672925431054	{"key":"HUGt5PABOCi9cQKtXQ38sx8goWrmQQKO2nSZy6IuJSM","signatures":{"@user1:localhost":{"ed25519:MPUPZCTVVU":"ng/8mJmOmQDx1aW1ONtnQZPiSrrVMqdKY+Y2QQxXBQQJIACTUn5FGMPTLh6r0FkZ5PRaCp8tDpyp0nkxOQj2Ag"}}}
@user1:localhost	MPUPZCTVVU	signed_curve25519	AAAAJQ	1672925431054	{"key":"Ku2H8/usb0ZceDVIYY3/dH+bXRMroS4QK55NejX5ihE","signatures":{"@user1:localhost":{"ed25519:MPUPZCTVVU":"NZZmgJ+pIvbrtGnIHK42ExJT9eWV/8Qym/Mcd6Xi0//TkOFAWYHae0wx5VRjs990lu8yaxz41dKxJgfoAI5NAA"}}}
@user1:localhost	MPUPZCTVVU	signed_curve25519	AAAALg	1672925431107	{"key":"KqlyKtf748Aup6oDjhG11EF0lkPf1v2Cyr2nmGANOUk","signatures":{"@user1:localhost":{"ed25519:MPUPZCTVVU":"lYP+rAuQgg0xzi7QxH6Ink18Lj6g7QSFZWgxLC/9o+G6ZKaAW/jhlIzuTkUThzbBO61dmgjpNGB2pUsJ4sDaBw"}}}
@user1:localhost	MPUPZCTVVU	signed_curve25519	AAAALQ	1672925431107	{"key":"dJ0tu8b/uCgAXcQMIolETAyLMAhjOV391HAumiEusw0","signatures":{"@user1:localhost":{"ed25519:MPUPZCTVVU":"sGhZq2u6kEVup0E3CkSfkelmweKHdOxTMAodUifJPCThy/FNt+QpvF9eieYwU9IgD3oEkVcAAJ8A5E1KtQllBg"}}}
@user1:localhost	MPUPZCTVVU	signed_curve25519	AAAALA	1672925431107	{"key":"79++lVmIhrQlYulJCxyXis8UggLHGtf9o/9KK76vPms","signatures":{"@user1:localhost":{"ed25519:MPUPZCTVVU":"a6VmGJ8j8wZjUmIPwe5u+T6Ywtl9XfI7swbZ6DitK4O6eZCn+j54ocJLeNFrLfGDex6xa/szzo1CFZrrT65cCw"}}}
@user1:localhost	MPUPZCTVVU	signed_curve25519	AAAAKw	1672925431107	{"key":"vr3X6GGVPW86nBJ4NrbM66Gd/20rnPNwU29K82ZY5V4","signatures":{"@user1:localhost":{"ed25519:MPUPZCTVVU":"3spYI/nNPwe9RF8WgAcHYVNThvll46l3yRq9MsaCmCfs8bkLeml/DCB04pzaSLwEL3sB6f/FoZT7afXcjDYmAg"}}}
@user1:localhost	MPUPZCTVVU	signed_curve25519	AAAAKg	1672925431107	{"key":"viYP8sjCTLjtT1822CBiMoF/uvMzpPcou0iA3bl3eTI","signatures":{"@user1:localhost":{"ed25519:MPUPZCTVVU":"7W88KhxrPdFUPoE9arGTDpDU/8kvN1jqO1OE7g7DmsTSdj1r8xrlsv92ijRcYn2a+lgtxKS7RHJscp0VexCOAA"}}}
@user1:localhost	MPUPZCTVVU	signed_curve25519	AAAAMw	1672925431166	{"key":"yKizRiFbyktnyPAvraQqwFkxQ8GIiu0jU9vCTBYwYDI","signatures":{"@user1:localhost":{"ed25519:MPUPZCTVVU":"kC30uKQiXRLdIsrsWEgLfHINiXL8V5A4n3ChScxFXjHplu78ZaF+8zHPptWK87Ns9YkzCSrGFQ1ccvzyxs6QAA"}}}
@user1:localhost	MPUPZCTVVU	signed_curve25519	AAAAMg	1672925431166	{"key":"pzTxzD5xHcmazPDh0VF7nrwtVTIQ1hb80Fg7jtV2nxM","signatures":{"@user1:localhost":{"ed25519:MPUPZCTVVU":"r2uft/snpIdBctgLIJpMjm82d/jgyPEbairudZEKGCHpMBddg/giJZmr+nQYqJe8sDC8TXUitWKC10FhPBzLDg"}}}
@user1:localhost	MPUPZCTVVU	signed_curve25519	AAAAMQ	1672925431166	{"key":"kPURHyNVlO2EgTP6lngfD8rMQzz+AZNdp383bcxgD3I","signatures":{"@user1:localhost":{"ed25519:MPUPZCTVVU":"/lDSl+H5jpQMDtEOlOXcNoiuxIGbz7jLgxHr3pB5SpdzCbfz/+xvQfhRWEhH9Qn2MCeTWImpjcHMh8Az50eyBg"}}}
@user1:localhost	MPUPZCTVVU	signed_curve25519	AAAAMA	1672925431166	{"key":"0YNf7upszqpGmgHmpcFvJfFSMGEf3gg5vkcUaOD3LHQ","signatures":{"@user1:localhost":{"ed25519:MPUPZCTVVU":"5o3J9Y9/Voo0hWp0qfqRvrU5o6iEIzEPodq6uKo9XCnkUiKhU+8PWNX9XLc8EMKsjKZkp5Jdd65kbb17fFFFDw"}}}
@user1:localhost	MPUPZCTVVU	signed_curve25519	AAAALw	1672925431166	{"key":"Cc3bu/aF15/w8QkR0gH7AZ8/L0Z9arq/4KsvAOkmtno","signatures":{"@user1:localhost":{"ed25519:MPUPZCTVVU":"qi5esIIELuN/GHpjax+OGhx+Uj9sAsV0bkt4Yq3wR+2WoB9L2SPX8XCK3cRUiTuV3mPAqBqWhPmENnroU1rHBA"}}}
\.


--
-- Data for Name: e2e_room_keys; Type: TABLE DATA; Schema: public; Owner: synapse
--

COPY public.e2e_room_keys (user_id, room_id, session_id, version, first_message_index, forwarded_count, is_verified, session_data) FROM stdin;
\.


--
-- Data for Name: e2e_room_keys_versions; Type: TABLE DATA; Schema: public; Owner: synapse
--

COPY public.e2e_room_keys_versions (user_id, version, algorithm, auth_data, deleted, etag) FROM stdin;
\.


--
-- Data for Name: erased_users; Type: TABLE DATA; Schema: public; Owner: synapse
--

COPY public.erased_users (user_id) FROM stdin;
\.


--
-- Data for Name: event_auth; Type: TABLE DATA; Schema: public; Owner: synapse
--

COPY public.event_auth (event_id, auth_id, room_id) FROM stdin;
$_oKaaOfL7rFtPsAsxDmHrCY9sAzFjslRwkJ_QHxHDTw	$mBmRyyvP_Jc-LDi7_hiGD9QTu5XGVXqNMxZM4yDMQPU	!kmbTYjjsDRDHGgVqUP:localhost
$BYyVCPyJh9PVJBsxDwm9NakGY19DlCJJ1GlCcYpTv8w	$mBmRyyvP_Jc-LDi7_hiGD9QTu5XGVXqNMxZM4yDMQPU	!kmbTYjjsDRDHGgVqUP:localhost
$BYyVCPyJh9PVJBsxDwm9NakGY19DlCJJ1GlCcYpTv8w	$_oKaaOfL7rFtPsAsxDmHrCY9sAzFjslRwkJ_QHxHDTw	!kmbTYjjsDRDHGgVqUP:localhost
$X8tdoEsXAgBC6gobCepAn3rwO8CJoQU6i9NN9Rzhukg	$BYyVCPyJh9PVJBsxDwm9NakGY19DlCJJ1GlCcYpTv8w	!kmbTYjjsDRDHGgVqUP:localhost
$X8tdoEsXAgBC6gobCepAn3rwO8CJoQU6i9NN9Rzhukg	$mBmRyyvP_Jc-LDi7_hiGD9QTu5XGVXqNMxZM4yDMQPU	!kmbTYjjsDRDHGgVqUP:localhost
$X8tdoEsXAgBC6gobCepAn3rwO8CJoQU6i9NN9Rzhukg	$_oKaaOfL7rFtPsAsxDmHrCY9sAzFjslRwkJ_QHxHDTw	!kmbTYjjsDRDHGgVqUP:localhost
$G_m59AjH2Y1FX4D11JDsmEETfHGAWoknTIdv-_XYW2o	$BYyVCPyJh9PVJBsxDwm9NakGY19DlCJJ1GlCcYpTv8w	!kmbTYjjsDRDHGgVqUP:localhost
$G_m59AjH2Y1FX4D11JDsmEETfHGAWoknTIdv-_XYW2o	$mBmRyyvP_Jc-LDi7_hiGD9QTu5XGVXqNMxZM4yDMQPU	!kmbTYjjsDRDHGgVqUP:localhost
$G_m59AjH2Y1FX4D11JDsmEETfHGAWoknTIdv-_XYW2o	$_oKaaOfL7rFtPsAsxDmHrCY9sAzFjslRwkJ_QHxHDTw	!kmbTYjjsDRDHGgVqUP:localhost
$O5iO4EII22igkDq5cMKHFB-SGIYD0KqJQXZohS2Dzc0	$BYyVCPyJh9PVJBsxDwm9NakGY19DlCJJ1GlCcYpTv8w	!kmbTYjjsDRDHGgVqUP:localhost
$O5iO4EII22igkDq5cMKHFB-SGIYD0KqJQXZohS2Dzc0	$mBmRyyvP_Jc-LDi7_hiGD9QTu5XGVXqNMxZM4yDMQPU	!kmbTYjjsDRDHGgVqUP:localhost
$O5iO4EII22igkDq5cMKHFB-SGIYD0KqJQXZohS2Dzc0	$_oKaaOfL7rFtPsAsxDmHrCY9sAzFjslRwkJ_QHxHDTw	!kmbTYjjsDRDHGgVqUP:localhost
$PeAJ6BypXjJegHiUjcYe-I6Cf4NuCPICi_yUb-fyauA	$Rczn5GeJ1aYMBU_oXSIF8ppVk8WEruaYIBA3FE7Yq88	!dKcbdDATuwwphjRPQP:localhost
$P98vptI_jrNYKKnTTDYouThgohgHqJkD5Rcj0gDgxII	$Rczn5GeJ1aYMBU_oXSIF8ppVk8WEruaYIBA3FE7Yq88	!dKcbdDATuwwphjRPQP:localhost
$P98vptI_jrNYKKnTTDYouThgohgHqJkD5Rcj0gDgxII	$PeAJ6BypXjJegHiUjcYe-I6Cf4NuCPICi_yUb-fyauA	!dKcbdDATuwwphjRPQP:localhost
$b__a7rX3L5YpX7nAZte73DAbjtXZK48JH8VKSnGOKKw	$P98vptI_jrNYKKnTTDYouThgohgHqJkD5Rcj0gDgxII	!dKcbdDATuwwphjRPQP:localhost
$b__a7rX3L5YpX7nAZte73DAbjtXZK48JH8VKSnGOKKw	$Rczn5GeJ1aYMBU_oXSIF8ppVk8WEruaYIBA3FE7Yq88	!dKcbdDATuwwphjRPQP:localhost
$b__a7rX3L5YpX7nAZte73DAbjtXZK48JH8VKSnGOKKw	$PeAJ6BypXjJegHiUjcYe-I6Cf4NuCPICi_yUb-fyauA	!dKcbdDATuwwphjRPQP:localhost
$hEtlt0NU16h0ix9xBX0MDJR0g54ATEZ4S96udYzYBqs	$P98vptI_jrNYKKnTTDYouThgohgHqJkD5Rcj0gDgxII	!dKcbdDATuwwphjRPQP:localhost
$hEtlt0NU16h0ix9xBX0MDJR0g54ATEZ4S96udYzYBqs	$Rczn5GeJ1aYMBU_oXSIF8ppVk8WEruaYIBA3FE7Yq88	!dKcbdDATuwwphjRPQP:localhost
$hEtlt0NU16h0ix9xBX0MDJR0g54ATEZ4S96udYzYBqs	$PeAJ6BypXjJegHiUjcYe-I6Cf4NuCPICi_yUb-fyauA	!dKcbdDATuwwphjRPQP:localhost
$TVnvv0nGbLydCBtMmTTz-htMsoI4hmxCr3s9AHyFGHQ	$P98vptI_jrNYKKnTTDYouThgohgHqJkD5Rcj0gDgxII	!dKcbdDATuwwphjRPQP:localhost
$TVnvv0nGbLydCBtMmTTz-htMsoI4hmxCr3s9AHyFGHQ	$Rczn5GeJ1aYMBU_oXSIF8ppVk8WEruaYIBA3FE7Yq88	!dKcbdDATuwwphjRPQP:localhost
$TVnvv0nGbLydCBtMmTTz-htMsoI4hmxCr3s9AHyFGHQ	$PeAJ6BypXjJegHiUjcYe-I6Cf4NuCPICi_yUb-fyauA	!dKcbdDATuwwphjRPQP:localhost
$N33GyONpuSa3zRNJk1CtLYdhqJbhXBwSpAlUUm-zmB8	$BYyVCPyJh9PVJBsxDwm9NakGY19DlCJJ1GlCcYpTv8w	!kmbTYjjsDRDHGgVqUP:localhost
$N33GyONpuSa3zRNJk1CtLYdhqJbhXBwSpAlUUm-zmB8	$mBmRyyvP_Jc-LDi7_hiGD9QTu5XGVXqNMxZM4yDMQPU	!kmbTYjjsDRDHGgVqUP:localhost
$N33GyONpuSa3zRNJk1CtLYdhqJbhXBwSpAlUUm-zmB8	$G_m59AjH2Y1FX4D11JDsmEETfHGAWoknTIdv-_XYW2o	!kmbTYjjsDRDHGgVqUP:localhost
$wd-zBsOV9K_8HbhPARZ91kf5cfZwLKRi7yBBGGNUAb0	$P98vptI_jrNYKKnTTDYouThgohgHqJkD5Rcj0gDgxII	!dKcbdDATuwwphjRPQP:localhost
$wd-zBsOV9K_8HbhPARZ91kf5cfZwLKRi7yBBGGNUAb0	$Rczn5GeJ1aYMBU_oXSIF8ppVk8WEruaYIBA3FE7Yq88	!dKcbdDATuwwphjRPQP:localhost
$wd-zBsOV9K_8HbhPARZ91kf5cfZwLKRi7yBBGGNUAb0	$hEtlt0NU16h0ix9xBX0MDJR0g54ATEZ4S96udYzYBqs	!dKcbdDATuwwphjRPQP:localhost
$llCtN-sfVC1IOdDQXgskgx4jl97hQHfKnEH-IP-lyvk	$BYyVCPyJh9PVJBsxDwm9NakGY19DlCJJ1GlCcYpTv8w	!kmbTYjjsDRDHGgVqUP:localhost
$llCtN-sfVC1IOdDQXgskgx4jl97hQHfKnEH-IP-lyvk	$mBmRyyvP_Jc-LDi7_hiGD9QTu5XGVXqNMxZM4yDMQPU	!kmbTYjjsDRDHGgVqUP:localhost
$llCtN-sfVC1IOdDQXgskgx4jl97hQHfKnEH-IP-lyvk	$G_m59AjH2Y1FX4D11JDsmEETfHGAWoknTIdv-_XYW2o	!kmbTYjjsDRDHGgVqUP:localhost
$4ZLf-3JRJMLLADbzome2n_5rZNEeHEFIo3w1xN4KKu0	$P98vptI_jrNYKKnTTDYouThgohgHqJkD5Rcj0gDgxII	!dKcbdDATuwwphjRPQP:localhost
$4ZLf-3JRJMLLADbzome2n_5rZNEeHEFIo3w1xN4KKu0	$Rczn5GeJ1aYMBU_oXSIF8ppVk8WEruaYIBA3FE7Yq88	!dKcbdDATuwwphjRPQP:localhost
$4ZLf-3JRJMLLADbzome2n_5rZNEeHEFIo3w1xN4KKu0	$hEtlt0NU16h0ix9xBX0MDJR0g54ATEZ4S96udYzYBqs	!dKcbdDATuwwphjRPQP:localhost
$hD2Z-BHkSscOTiftcJe1n-peOIsihQlQbtyjR2IkTmA	$BYyVCPyJh9PVJBsxDwm9NakGY19DlCJJ1GlCcYpTv8w	!kmbTYjjsDRDHGgVqUP:localhost
$hD2Z-BHkSscOTiftcJe1n-peOIsihQlQbtyjR2IkTmA	$G_m59AjH2Y1FX4D11JDsmEETfHGAWoknTIdv-_XYW2o	!kmbTYjjsDRDHGgVqUP:localhost
$hD2Z-BHkSscOTiftcJe1n-peOIsihQlQbtyjR2IkTmA	$mBmRyyvP_Jc-LDi7_hiGD9QTu5XGVXqNMxZM4yDMQPU	!kmbTYjjsDRDHGgVqUP:localhost
$Svf91tyGyUuzelYH8bbzM6QXuI9Xcab-XMXjCrIgM5A	$P98vptI_jrNYKKnTTDYouThgohgHqJkD5Rcj0gDgxII	!dKcbdDATuwwphjRPQP:localhost
$Svf91tyGyUuzelYH8bbzM6QXuI9Xcab-XMXjCrIgM5A	$hEtlt0NU16h0ix9xBX0MDJR0g54ATEZ4S96udYzYBqs	!dKcbdDATuwwphjRPQP:localhost
$Svf91tyGyUuzelYH8bbzM6QXuI9Xcab-XMXjCrIgM5A	$Rczn5GeJ1aYMBU_oXSIF8ppVk8WEruaYIBA3FE7Yq88	!dKcbdDATuwwphjRPQP:localhost
$mGK5pQEzegKFhAPXc0TX7drNl2qyJL8ajxnJRmA3kN8	$hEtlt0NU16h0ix9xBX0MDJR0g54ATEZ4S96udYzYBqs	!dKcbdDATuwwphjRPQP:localhost
$mGK5pQEzegKFhAPXc0TX7drNl2qyJL8ajxnJRmA3kN8	$Rczn5GeJ1aYMBU_oXSIF8ppVk8WEruaYIBA3FE7Yq88	!dKcbdDATuwwphjRPQP:localhost
$mGK5pQEzegKFhAPXc0TX7drNl2qyJL8ajxnJRmA3kN8	$P98vptI_jrNYKKnTTDYouThgohgHqJkD5Rcj0gDgxII	!dKcbdDATuwwphjRPQP:localhost
$666ybhBdzZc96KCxYMslNrmlLRi8w6uUusi8J4BUVNM	$G_m59AjH2Y1FX4D11JDsmEETfHGAWoknTIdv-_XYW2o	!kmbTYjjsDRDHGgVqUP:localhost
$666ybhBdzZc96KCxYMslNrmlLRi8w6uUusi8J4BUVNM	$mBmRyyvP_Jc-LDi7_hiGD9QTu5XGVXqNMxZM4yDMQPU	!kmbTYjjsDRDHGgVqUP:localhost
$666ybhBdzZc96KCxYMslNrmlLRi8w6uUusi8J4BUVNM	$BYyVCPyJh9PVJBsxDwm9NakGY19DlCJJ1GlCcYpTv8w	!kmbTYjjsDRDHGgVqUP:localhost
$wEzXoaJoNtWHISsmLEY6T-CdgUw21BFOyAw1HcKBBh0	$P98vptI_jrNYKKnTTDYouThgohgHqJkD5Rcj0gDgxII	!dKcbdDATuwwphjRPQP:localhost
$wEzXoaJoNtWHISsmLEY6T-CdgUw21BFOyAw1HcKBBh0	$hEtlt0NU16h0ix9xBX0MDJR0g54ATEZ4S96udYzYBqs	!dKcbdDATuwwphjRPQP:localhost
$wEzXoaJoNtWHISsmLEY6T-CdgUw21BFOyAw1HcKBBh0	$Rczn5GeJ1aYMBU_oXSIF8ppVk8WEruaYIBA3FE7Yq88	!dKcbdDATuwwphjRPQP:localhost
$wEzXoaJoNtWHISsmLEY6T-CdgUw21BFOyAw1HcKBBh0	$mGK5pQEzegKFhAPXc0TX7drNl2qyJL8ajxnJRmA3kN8	!dKcbdDATuwwphjRPQP:localhost
$2KF1FxA50OygX8tA7bnhmld7ePb4eIDsQaPB5ssgUSc	$BYyVCPyJh9PVJBsxDwm9NakGY19DlCJJ1GlCcYpTv8w	!kmbTYjjsDRDHGgVqUP:localhost
$2KF1FxA50OygX8tA7bnhmld7ePb4eIDsQaPB5ssgUSc	$G_m59AjH2Y1FX4D11JDsmEETfHGAWoknTIdv-_XYW2o	!kmbTYjjsDRDHGgVqUP:localhost
$2KF1FxA50OygX8tA7bnhmld7ePb4eIDsQaPB5ssgUSc	$mBmRyyvP_Jc-LDi7_hiGD9QTu5XGVXqNMxZM4yDMQPU	!kmbTYjjsDRDHGgVqUP:localhost
$2KF1FxA50OygX8tA7bnhmld7ePb4eIDsQaPB5ssgUSc	$666ybhBdzZc96KCxYMslNrmlLRi8w6uUusi8J4BUVNM	!kmbTYjjsDRDHGgVqUP:localhost
$g-ojtwk6OBH0sIWVdUrIlKfcesmKRj0kfU5E9ZjKlug	$P98vptI_jrNYKKnTTDYouThgohgHqJkD5Rcj0gDgxII	!dKcbdDATuwwphjRPQP:localhost
$g-ojtwk6OBH0sIWVdUrIlKfcesmKRj0kfU5E9ZjKlug	$hEtlt0NU16h0ix9xBX0MDJR0g54ATEZ4S96udYzYBqs	!dKcbdDATuwwphjRPQP:localhost
$g-ojtwk6OBH0sIWVdUrIlKfcesmKRj0kfU5E9ZjKlug	$Rczn5GeJ1aYMBU_oXSIF8ppVk8WEruaYIBA3FE7Yq88	!dKcbdDATuwwphjRPQP:localhost
$g-ojtwk6OBH0sIWVdUrIlKfcesmKRj0kfU5E9ZjKlug	$mGK5pQEzegKFhAPXc0TX7drNl2qyJL8ajxnJRmA3kN8	!dKcbdDATuwwphjRPQP:localhost
$5zlbkFcwjX3ScF4jwQP_koQvnG_-hWrIYwwn4RhXMGs	$BYyVCPyJh9PVJBsxDwm9NakGY19DlCJJ1GlCcYpTv8w	!kmbTYjjsDRDHGgVqUP:localhost
$5zlbkFcwjX3ScF4jwQP_koQvnG_-hWrIYwwn4RhXMGs	$G_m59AjH2Y1FX4D11JDsmEETfHGAWoknTIdv-_XYW2o	!kmbTYjjsDRDHGgVqUP:localhost
$5zlbkFcwjX3ScF4jwQP_koQvnG_-hWrIYwwn4RhXMGs	$mBmRyyvP_Jc-LDi7_hiGD9QTu5XGVXqNMxZM4yDMQPU	!kmbTYjjsDRDHGgVqUP:localhost
$5zlbkFcwjX3ScF4jwQP_koQvnG_-hWrIYwwn4RhXMGs	$666ybhBdzZc96KCxYMslNrmlLRi8w6uUusi8J4BUVNM	!kmbTYjjsDRDHGgVqUP:localhost
$PSZPiF2_GHeawUZsuFzgg_JuCtoOyaf_11-uLulGF0c	$hEtlt0NU16h0ix9xBX0MDJR0g54ATEZ4S96udYzYBqs	!dKcbdDATuwwphjRPQP:localhost
$PSZPiF2_GHeawUZsuFzgg_JuCtoOyaf_11-uLulGF0c	$Rczn5GeJ1aYMBU_oXSIF8ppVk8WEruaYIBA3FE7Yq88	!dKcbdDATuwwphjRPQP:localhost
$PSZPiF2_GHeawUZsuFzgg_JuCtoOyaf_11-uLulGF0c	$wEzXoaJoNtWHISsmLEY6T-CdgUw21BFOyAw1HcKBBh0	!dKcbdDATuwwphjRPQP:localhost
$PSZPiF2_GHeawUZsuFzgg_JuCtoOyaf_11-uLulGF0c	$P98vptI_jrNYKKnTTDYouThgohgHqJkD5Rcj0gDgxII	!dKcbdDATuwwphjRPQP:localhost
$t5n7gGV4l0pVzkJq8YJdQm4IFq3hTrEHABs9QiejsEA	$G_m59AjH2Y1FX4D11JDsmEETfHGAWoknTIdv-_XYW2o	!kmbTYjjsDRDHGgVqUP:localhost
$t5n7gGV4l0pVzkJq8YJdQm4IFq3hTrEHABs9QiejsEA	$mBmRyyvP_Jc-LDi7_hiGD9QTu5XGVXqNMxZM4yDMQPU	!kmbTYjjsDRDHGgVqUP:localhost
$t5n7gGV4l0pVzkJq8YJdQm4IFq3hTrEHABs9QiejsEA	$2KF1FxA50OygX8tA7bnhmld7ePb4eIDsQaPB5ssgUSc	!kmbTYjjsDRDHGgVqUP:localhost
$t5n7gGV4l0pVzkJq8YJdQm4IFq3hTrEHABs9QiejsEA	$BYyVCPyJh9PVJBsxDwm9NakGY19DlCJJ1GlCcYpTv8w	!kmbTYjjsDRDHGgVqUP:localhost
$CPrx1EOiKU0xFQBY1-CbMIp4Nx64vw33awql9URc-is	$g-ojtwk6OBH0sIWVdUrIlKfcesmKRj0kfU5E9ZjKlug	!dKcbdDATuwwphjRPQP:localhost
$CPrx1EOiKU0xFQBY1-CbMIp4Nx64vw33awql9URc-is	$Rczn5GeJ1aYMBU_oXSIF8ppVk8WEruaYIBA3FE7Yq88	!dKcbdDATuwwphjRPQP:localhost
$CPrx1EOiKU0xFQBY1-CbMIp4Nx64vw33awql9URc-is	$hEtlt0NU16h0ix9xBX0MDJR0g54ATEZ4S96udYzYBqs	!dKcbdDATuwwphjRPQP:localhost
$CPrx1EOiKU0xFQBY1-CbMIp4Nx64vw33awql9URc-is	$P98vptI_jrNYKKnTTDYouThgohgHqJkD5Rcj0gDgxII	!dKcbdDATuwwphjRPQP:localhost
$FiPh76BhP5tT1Hors997MJgDvrehT02uvfmqsY25ilk	$5zlbkFcwjX3ScF4jwQP_koQvnG_-hWrIYwwn4RhXMGs	!kmbTYjjsDRDHGgVqUP:localhost
$FiPh76BhP5tT1Hors997MJgDvrehT02uvfmqsY25ilk	$mBmRyyvP_Jc-LDi7_hiGD9QTu5XGVXqNMxZM4yDMQPU	!kmbTYjjsDRDHGgVqUP:localhost
$FiPh76BhP5tT1Hors997MJgDvrehT02uvfmqsY25ilk	$G_m59AjH2Y1FX4D11JDsmEETfHGAWoknTIdv-_XYW2o	!kmbTYjjsDRDHGgVqUP:localhost
$FiPh76BhP5tT1Hors997MJgDvrehT02uvfmqsY25ilk	$BYyVCPyJh9PVJBsxDwm9NakGY19DlCJJ1GlCcYpTv8w	!kmbTYjjsDRDHGgVqUP:localhost
$kHkn3X5sgQZbnc7m1GNs3FoN729sUsLsqASYxvh3Jb8	$mBmRyyvP_Jc-LDi7_hiGD9QTu5XGVXqNMxZM4yDMQPU	!kmbTYjjsDRDHGgVqUP:localhost
$kHkn3X5sgQZbnc7m1GNs3FoN729sUsLsqASYxvh3Jb8	$BYyVCPyJh9PVJBsxDwm9NakGY19DlCJJ1GlCcYpTv8w	!kmbTYjjsDRDHGgVqUP:localhost
$kHkn3X5sgQZbnc7m1GNs3FoN729sUsLsqASYxvh3Jb8	$G_m59AjH2Y1FX4D11JDsmEETfHGAWoknTIdv-_XYW2o	!kmbTYjjsDRDHGgVqUP:localhost
$cl-cBWQqCEUtQdjEqlQcE0PD7MCeX1R25oC5CKqb7oE	$Rczn5GeJ1aYMBU_oXSIF8ppVk8WEruaYIBA3FE7Yq88	!dKcbdDATuwwphjRPQP:localhost
$cl-cBWQqCEUtQdjEqlQcE0PD7MCeX1R25oC5CKqb7oE	$P98vptI_jrNYKKnTTDYouThgohgHqJkD5Rcj0gDgxII	!dKcbdDATuwwphjRPQP:localhost
$cl-cBWQqCEUtQdjEqlQcE0PD7MCeX1R25oC5CKqb7oE	$hEtlt0NU16h0ix9xBX0MDJR0g54ATEZ4S96udYzYBqs	!dKcbdDATuwwphjRPQP:localhost
$S7qfuHyVNKlnX8WQb78EyVSR_7_dnmagLA8asozsQtE	$666ybhBdzZc96KCxYMslNrmlLRi8w6uUusi8J4BUVNM	!kmbTYjjsDRDHGgVqUP:localhost
$S7qfuHyVNKlnX8WQb78EyVSR_7_dnmagLA8asozsQtE	$G_m59AjH2Y1FX4D11JDsmEETfHGAWoknTIdv-_XYW2o	!kmbTYjjsDRDHGgVqUP:localhost
$S7qfuHyVNKlnX8WQb78EyVSR_7_dnmagLA8asozsQtE	$BYyVCPyJh9PVJBsxDwm9NakGY19DlCJJ1GlCcYpTv8w	!kmbTYjjsDRDHGgVqUP:localhost
$S7qfuHyVNKlnX8WQb78EyVSR_7_dnmagLA8asozsQtE	$mBmRyyvP_Jc-LDi7_hiGD9QTu5XGVXqNMxZM4yDMQPU	!kmbTYjjsDRDHGgVqUP:localhost
$TOzcyxIV2S5U6CP15QCldRMJRaDz1Yaik15PorvZYGc	$mGK5pQEzegKFhAPXc0TX7drNl2qyJL8ajxnJRmA3kN8	!dKcbdDATuwwphjRPQP:localhost
$TOzcyxIV2S5U6CP15QCldRMJRaDz1Yaik15PorvZYGc	$hEtlt0NU16h0ix9xBX0MDJR0g54ATEZ4S96udYzYBqs	!dKcbdDATuwwphjRPQP:localhost
$TOzcyxIV2S5U6CP15QCldRMJRaDz1Yaik15PorvZYGc	$P98vptI_jrNYKKnTTDYouThgohgHqJkD5Rcj0gDgxII	!dKcbdDATuwwphjRPQP:localhost
$TOzcyxIV2S5U6CP15QCldRMJRaDz1Yaik15PorvZYGc	$Rczn5GeJ1aYMBU_oXSIF8ppVk8WEruaYIBA3FE7Yq88	!dKcbdDATuwwphjRPQP:localhost
$Sa-w9Co29Yd94wHfPbpfCOuSSlMlorQ7ssiGXYp8oh8	$mBmRyyvP_Jc-LDi7_hiGD9QTu5XGVXqNMxZM4yDMQPU	!kmbTYjjsDRDHGgVqUP:localhost
$Sa-w9Co29Yd94wHfPbpfCOuSSlMlorQ7ssiGXYp8oh8	$BYyVCPyJh9PVJBsxDwm9NakGY19DlCJJ1GlCcYpTv8w	!kmbTYjjsDRDHGgVqUP:localhost
$Sa-w9Co29Yd94wHfPbpfCOuSSlMlorQ7ssiGXYp8oh8	$G_m59AjH2Y1FX4D11JDsmEETfHGAWoknTIdv-_XYW2o	!kmbTYjjsDRDHGgVqUP:localhost
$Sa-w9Co29Yd94wHfPbpfCOuSSlMlorQ7ssiGXYp8oh8	$S7qfuHyVNKlnX8WQb78EyVSR_7_dnmagLA8asozsQtE	!kmbTYjjsDRDHGgVqUP:localhost
$n6TBNMF739-W93vnPpWYiJ_zTj-UGsx8mCtkFUsmkrY	$Rczn5GeJ1aYMBU_oXSIF8ppVk8WEruaYIBA3FE7Yq88	!dKcbdDATuwwphjRPQP:localhost
$n6TBNMF739-W93vnPpWYiJ_zTj-UGsx8mCtkFUsmkrY	$P98vptI_jrNYKKnTTDYouThgohgHqJkD5Rcj0gDgxII	!dKcbdDATuwwphjRPQP:localhost
$n6TBNMF739-W93vnPpWYiJ_zTj-UGsx8mCtkFUsmkrY	$hEtlt0NU16h0ix9xBX0MDJR0g54ATEZ4S96udYzYBqs	!dKcbdDATuwwphjRPQP:localhost
$n6TBNMF739-W93vnPpWYiJ_zTj-UGsx8mCtkFUsmkrY	$TOzcyxIV2S5U6CP15QCldRMJRaDz1Yaik15PorvZYGc	!dKcbdDATuwwphjRPQP:localhost
\.


--
-- Data for Name: event_auth_chain_links; Type: TABLE DATA; Schema: public; Owner: synapse
--

COPY public.event_auth_chain_links (origin_chain_id, origin_sequence_number, target_chain_id, target_sequence_number) FROM stdin;
12	1	16	1
8	1	10	1
3	1	18	1
12	1	18	1
3	1	9	1
11	1	1	1
7	1	8	1
5	1	7	1
2	1	8	1
14	1	7	1
6	1	7	1
2	1	10	1
9	1	16	1
11	1	7	1
1	1	8	1
12	1	9	1
1	1	10	1
7	1	10	1
17	1	16	1
4	1	3	1
17	1	18	1
2	1	7	1
5	1	8	1
14	1	8	1
6	1	8	1
13	1	3	1
5	1	10	1
13	1	9	1
14	1	10	1
1	1	7	1
6	1	10	1
18	1	16	1
4	1	18	1
14	1	1	1
4	1	16	1
17	1	9	1
4	1	9	1
13	1	18	1
13	1	16	1
15	1	3	1
3	1	16	1
15	1	16	1
11	1	8	1
15	1	18	1
6	1	1	1
11	1	10	1
15	1	9	1
18	1	9	1
19	1	7	1
19	1	8	1
19	1	1	1
19	1	10	1
20	1	9	1
20	1	18	1
20	1	16	1
20	1	3	1
21	1	1	1
21	1	8	1
21	1	10	1
21	1	7	1
21	1	19	1
22	1	16	1
22	1	18	1
22	1	9	1
22	1	3	1
22	1	20	1
23	1	19	1
23	1	8	1
23	1	10	1
23	1	1	1
23	1	7	1
24	1	16	1
24	1	18	1
24	1	3	1
24	1	9	1
24	1	20	1
25	1	9	1
25	1	18	1
25	1	16	1
25	1	3	1
26	1	7	1
26	1	10	1
26	1	8	1
26	1	1	1
27	1	16	1
27	1	3	1
27	1	9	1
27	1	20	1
27	1	18	1
28	1	19	1
28	1	8	1
28	1	10	1
28	1	1	1
28	1	7	1
\.


--
-- Data for Name: event_auth_chain_to_calculate; Type: TABLE DATA; Schema: public; Owner: synapse
--

COPY public.event_auth_chain_to_calculate (event_id, room_id, type, state_key) FROM stdin;
\.


--
-- Data for Name: event_auth_chains; Type: TABLE DATA; Schema: public; Owner: synapse
--

COPY public.event_auth_chains (event_id, chain_id, sequence_number) FROM stdin;
$Rczn5GeJ1aYMBU_oXSIF8ppVk8WEruaYIBA3FE7Yq88	10	1
$PeAJ6BypXjJegHiUjcYe-I6Cf4NuCPICi_yUb-fyauA	8	1
$P98vptI_jrNYKKnTTDYouThgohgHqJkD5Rcj0gDgxII	7	1
$TVnvv0nGbLydCBtMmTTz-htMsoI4hmxCr3s9AHyFGHQ	5	1
$b__a7rX3L5YpX7nAZte73DAbjtXZK48JH8VKSnGOKKw	2	1
$hEtlt0NU16h0ix9xBX0MDJR0g54ATEZ4S96udYzYBqs	1	1
$4ZLf-3JRJMLLADbzome2n_5rZNEeHEFIo3w1xN4KKu0	14	1
$Svf91tyGyUuzelYH8bbzM6QXuI9Xcab-XMXjCrIgM5A	6	1
$mBmRyyvP_Jc-LDi7_hiGD9QTu5XGVXqNMxZM4yDMQPU	16	1
$_oKaaOfL7rFtPsAsxDmHrCY9sAzFjslRwkJ_QHxHDTw	9	1
$BYyVCPyJh9PVJBsxDwm9NakGY19DlCJJ1GlCcYpTv8w	18	1
$G_m59AjH2Y1FX4D11JDsmEETfHGAWoknTIdv-_XYW2o	3	1
$N33GyONpuSa3zRNJk1CtLYdhqJbhXBwSpAlUUm-zmB8	4	1
$O5iO4EII22igkDq5cMKHFB-SGIYD0KqJQXZohS2Dzc0	17	1
$X8tdoEsXAgBC6gobCepAn3rwO8CJoQU6i9NN9Rzhukg	12	1
$hD2Z-BHkSscOTiftcJe1n-peOIsihQlQbtyjR2IkTmA	13	1
$llCtN-sfVC1IOdDQXgskgx4jl97hQHfKnEH-IP-lyvk	15	1
$wd-zBsOV9K_8HbhPARZ91kf5cfZwLKRi7yBBGGNUAb0	11	1
$mGK5pQEzegKFhAPXc0TX7drNl2qyJL8ajxnJRmA3kN8	19	1
$666ybhBdzZc96KCxYMslNrmlLRi8w6uUusi8J4BUVNM	20	1
$wEzXoaJoNtWHISsmLEY6T-CdgUw21BFOyAw1HcKBBh0	21	1
$2KF1FxA50OygX8tA7bnhmld7ePb4eIDsQaPB5ssgUSc	22	1
$g-ojtwk6OBH0sIWVdUrIlKfcesmKRj0kfU5E9ZjKlug	23	1
$5zlbkFcwjX3ScF4jwQP_koQvnG_-hWrIYwwn4RhXMGs	24	1
$PSZPiF2_GHeawUZsuFzgg_JuCtoOyaf_11-uLulGF0c	21	2
$t5n7gGV4l0pVzkJq8YJdQm4IFq3hTrEHABs9QiejsEA	22	2
$CPrx1EOiKU0xFQBY1-CbMIp4Nx64vw33awql9URc-is	23	2
$FiPh76BhP5tT1Hors997MJgDvrehT02uvfmqsY25ilk	24	2
$kHkn3X5sgQZbnc7m1GNs3FoN729sUsLsqASYxvh3Jb8	25	1
$cl-cBWQqCEUtQdjEqlQcE0PD7MCeX1R25oC5CKqb7oE	26	1
$S7qfuHyVNKlnX8WQb78EyVSR_7_dnmagLA8asozsQtE	27	1
$TOzcyxIV2S5U6CP15QCldRMJRaDz1Yaik15PorvZYGc	28	1
$Sa-w9Co29Yd94wHfPbpfCOuSSlMlorQ7ssiGXYp8oh8	27	2
$n6TBNMF739-W93vnPpWYiJ_zTj-UGsx8mCtkFUsmkrY	28	2
\.


--
-- Data for Name: event_backward_extremities; Type: TABLE DATA; Schema: public; Owner: synapse
--

COPY public.event_backward_extremities (event_id, room_id) FROM stdin;
\.


--
-- Data for Name: event_edges; Type: TABLE DATA; Schema: public; Owner: synapse
--

COPY public.event_edges (event_id, prev_event_id, room_id, is_state) FROM stdin;
$_oKaaOfL7rFtPsAsxDmHrCY9sAzFjslRwkJ_QHxHDTw	$mBmRyyvP_Jc-LDi7_hiGD9QTu5XGVXqNMxZM4yDMQPU	!kmbTYjjsDRDHGgVqUP:localhost	f
$BYyVCPyJh9PVJBsxDwm9NakGY19DlCJJ1GlCcYpTv8w	$_oKaaOfL7rFtPsAsxDmHrCY9sAzFjslRwkJ_QHxHDTw	!kmbTYjjsDRDHGgVqUP:localhost	f
$X8tdoEsXAgBC6gobCepAn3rwO8CJoQU6i9NN9Rzhukg	$BYyVCPyJh9PVJBsxDwm9NakGY19DlCJJ1GlCcYpTv8w	!kmbTYjjsDRDHGgVqUP:localhost	f
$G_m59AjH2Y1FX4D11JDsmEETfHGAWoknTIdv-_XYW2o	$X8tdoEsXAgBC6gobCepAn3rwO8CJoQU6i9NN9Rzhukg	!kmbTYjjsDRDHGgVqUP:localhost	f
$O5iO4EII22igkDq5cMKHFB-SGIYD0KqJQXZohS2Dzc0	$G_m59AjH2Y1FX4D11JDsmEETfHGAWoknTIdv-_XYW2o	!kmbTYjjsDRDHGgVqUP:localhost	f
$PeAJ6BypXjJegHiUjcYe-I6Cf4NuCPICi_yUb-fyauA	$Rczn5GeJ1aYMBU_oXSIF8ppVk8WEruaYIBA3FE7Yq88	!dKcbdDATuwwphjRPQP:localhost	f
$P98vptI_jrNYKKnTTDYouThgohgHqJkD5Rcj0gDgxII	$PeAJ6BypXjJegHiUjcYe-I6Cf4NuCPICi_yUb-fyauA	!dKcbdDATuwwphjRPQP:localhost	f
$b__a7rX3L5YpX7nAZte73DAbjtXZK48JH8VKSnGOKKw	$P98vptI_jrNYKKnTTDYouThgohgHqJkD5Rcj0gDgxII	!dKcbdDATuwwphjRPQP:localhost	f
$hEtlt0NU16h0ix9xBX0MDJR0g54ATEZ4S96udYzYBqs	$b__a7rX3L5YpX7nAZte73DAbjtXZK48JH8VKSnGOKKw	!dKcbdDATuwwphjRPQP:localhost	f
$TVnvv0nGbLydCBtMmTTz-htMsoI4hmxCr3s9AHyFGHQ	$hEtlt0NU16h0ix9xBX0MDJR0g54ATEZ4S96udYzYBqs	!dKcbdDATuwwphjRPQP:localhost	f
$N33GyONpuSa3zRNJk1CtLYdhqJbhXBwSpAlUUm-zmB8	$O5iO4EII22igkDq5cMKHFB-SGIYD0KqJQXZohS2Dzc0	!kmbTYjjsDRDHGgVqUP:localhost	f
$wd-zBsOV9K_8HbhPARZ91kf5cfZwLKRi7yBBGGNUAb0	$TVnvv0nGbLydCBtMmTTz-htMsoI4hmxCr3s9AHyFGHQ	!dKcbdDATuwwphjRPQP:localhost	f
$llCtN-sfVC1IOdDQXgskgx4jl97hQHfKnEH-IP-lyvk	$N33GyONpuSa3zRNJk1CtLYdhqJbhXBwSpAlUUm-zmB8	!kmbTYjjsDRDHGgVqUP:localhost	f
$4ZLf-3JRJMLLADbzome2n_5rZNEeHEFIo3w1xN4KKu0	$wd-zBsOV9K_8HbhPARZ91kf5cfZwLKRi7yBBGGNUAb0	!dKcbdDATuwwphjRPQP:localhost	f
$hD2Z-BHkSscOTiftcJe1n-peOIsihQlQbtyjR2IkTmA	$llCtN-sfVC1IOdDQXgskgx4jl97hQHfKnEH-IP-lyvk	!kmbTYjjsDRDHGgVqUP:localhost	f
$Svf91tyGyUuzelYH8bbzM6QXuI9Xcab-XMXjCrIgM5A	$4ZLf-3JRJMLLADbzome2n_5rZNEeHEFIo3w1xN4KKu0	!dKcbdDATuwwphjRPQP:localhost	f
$mGK5pQEzegKFhAPXc0TX7drNl2qyJL8ajxnJRmA3kN8	$Svf91tyGyUuzelYH8bbzM6QXuI9Xcab-XMXjCrIgM5A	!dKcbdDATuwwphjRPQP:localhost	f
$666ybhBdzZc96KCxYMslNrmlLRi8w6uUusi8J4BUVNM	$hD2Z-BHkSscOTiftcJe1n-peOIsihQlQbtyjR2IkTmA	!kmbTYjjsDRDHGgVqUP:localhost	f
$wEzXoaJoNtWHISsmLEY6T-CdgUw21BFOyAw1HcKBBh0	$mGK5pQEzegKFhAPXc0TX7drNl2qyJL8ajxnJRmA3kN8	!dKcbdDATuwwphjRPQP:localhost	f
$2KF1FxA50OygX8tA7bnhmld7ePb4eIDsQaPB5ssgUSc	$666ybhBdzZc96KCxYMslNrmlLRi8w6uUusi8J4BUVNM	!kmbTYjjsDRDHGgVqUP:localhost	f
$g-ojtwk6OBH0sIWVdUrIlKfcesmKRj0kfU5E9ZjKlug	$wEzXoaJoNtWHISsmLEY6T-CdgUw21BFOyAw1HcKBBh0	!dKcbdDATuwwphjRPQP:localhost	f
$5zlbkFcwjX3ScF4jwQP_koQvnG_-hWrIYwwn4RhXMGs	$2KF1FxA50OygX8tA7bnhmld7ePb4eIDsQaPB5ssgUSc	!kmbTYjjsDRDHGgVqUP:localhost	f
$PSZPiF2_GHeawUZsuFzgg_JuCtoOyaf_11-uLulGF0c	$g-ojtwk6OBH0sIWVdUrIlKfcesmKRj0kfU5E9ZjKlug	!dKcbdDATuwwphjRPQP:localhost	f
$t5n7gGV4l0pVzkJq8YJdQm4IFq3hTrEHABs9QiejsEA	$5zlbkFcwjX3ScF4jwQP_koQvnG_-hWrIYwwn4RhXMGs	!kmbTYjjsDRDHGgVqUP:localhost	f
$CPrx1EOiKU0xFQBY1-CbMIp4Nx64vw33awql9URc-is	$PSZPiF2_GHeawUZsuFzgg_JuCtoOyaf_11-uLulGF0c	!dKcbdDATuwwphjRPQP:localhost	f
$FiPh76BhP5tT1Hors997MJgDvrehT02uvfmqsY25ilk	$t5n7gGV4l0pVzkJq8YJdQm4IFq3hTrEHABs9QiejsEA	!kmbTYjjsDRDHGgVqUP:localhost	f
$cVpm7JtI2FA6jT91bWn5avhRlFg_CpMA5HRanoYhkJs	$FiPh76BhP5tT1Hors997MJgDvrehT02uvfmqsY25ilk	!kmbTYjjsDRDHGgVqUP:localhost	f
$jD0GZ5JDGHZiN5kp0llsZ-TSj7JcaRn8CDsEQiyeJ3w	$cVpm7JtI2FA6jT91bWn5avhRlFg_CpMA5HRanoYhkJs	!kmbTYjjsDRDHGgVqUP:localhost	f
$1-1XawRJVm29pQHrbkTGcQ-bYWMPoyyXEnV9D0NRRF8	$jD0GZ5JDGHZiN5kp0llsZ-TSj7JcaRn8CDsEQiyeJ3w	!kmbTYjjsDRDHGgVqUP:localhost	f
$hr9BoL0M0CcPevs38ww5_bA24p8HFiP4e9dlGuPrGWs	$1-1XawRJVm29pQHrbkTGcQ-bYWMPoyyXEnV9D0NRRF8	!kmbTYjjsDRDHGgVqUP:localhost	f
$QM2BSnrrZmMuXPjs3AMnJ7zVsHHdXmGmCFPjoGqBlaQ	$CPrx1EOiKU0xFQBY1-CbMIp4Nx64vw33awql9URc-is	!dKcbdDATuwwphjRPQP:localhost	f
$_OchgUntbLcDcJV42YEeAhH2t22AW-wlAxjRPO0SYfU	$hr9BoL0M0CcPevs38ww5_bA24p8HFiP4e9dlGuPrGWs	!kmbTYjjsDRDHGgVqUP:localhost	f
$Z5cKxfveccJ3nnCMqKA-jwkRw9hbVrCMv6R68J8oPVg	$QM2BSnrrZmMuXPjs3AMnJ7zVsHHdXmGmCFPjoGqBlaQ	!dKcbdDATuwwphjRPQP:localhost	f
$G1fvwCN2g1XjFzNmxLnkU_pe19oYNSqJMKqzj8kfXCk	$Z5cKxfveccJ3nnCMqKA-jwkRw9hbVrCMv6R68J8oPVg	!dKcbdDATuwwphjRPQP:localhost	f
$Jt6sBZkF1u2z9OovN4zzqiZfS0rQPS2vVpynSjt9ypI	$_OchgUntbLcDcJV42YEeAhH2t22AW-wlAxjRPO0SYfU	!kmbTYjjsDRDHGgVqUP:localhost	f
$xRdCRWLb62a-YRgcfBkJSxc7lUVFkdZnQfSIvcKWw88	$G1fvwCN2g1XjFzNmxLnkU_pe19oYNSqJMKqzj8kfXCk	!dKcbdDATuwwphjRPQP:localhost	f
$kHkn3X5sgQZbnc7m1GNs3FoN729sUsLsqASYxvh3Jb8	$Jt6sBZkF1u2z9OovN4zzqiZfS0rQPS2vVpynSjt9ypI	!kmbTYjjsDRDHGgVqUP:localhost	f
$cl-cBWQqCEUtQdjEqlQcE0PD7MCeX1R25oC5CKqb7oE	$xRdCRWLb62a-YRgcfBkJSxc7lUVFkdZnQfSIvcKWw88	!dKcbdDATuwwphjRPQP:localhost	f
$8a8OTFPqvfsx2aHJeu9IBu-xR3Gn7rdv9l_HZtPKkFg	$cl-cBWQqCEUtQdjEqlQcE0PD7MCeX1R25oC5CKqb7oE	!dKcbdDATuwwphjRPQP:localhost	f
$BWMrEpKFpKKbBz5Ox9zTP3TvT5zyh6w3zhpl-epXhkk	$kHkn3X5sgQZbnc7m1GNs3FoN729sUsLsqASYxvh3Jb8	!kmbTYjjsDRDHGgVqUP:localhost	f
$r3Ho1IsdJmJB13pD9yX-Jkg_a5s28kBCqoNZ5EPWwqM	$BWMrEpKFpKKbBz5Ox9zTP3TvT5zyh6w3zhpl-epXhkk	!kmbTYjjsDRDHGgVqUP:localhost	f
$fQ28BQv7GUBcg_Ok7MCh8uTcQLoT2Tkr2BegUMhst1M	$r3Ho1IsdJmJB13pD9yX-Jkg_a5s28kBCqoNZ5EPWwqM	!kmbTYjjsDRDHGgVqUP:localhost	f
$S7qfuHyVNKlnX8WQb78EyVSR_7_dnmagLA8asozsQtE	$fQ28BQv7GUBcg_Ok7MCh8uTcQLoT2Tkr2BegUMhst1M	!kmbTYjjsDRDHGgVqUP:localhost	f
$TOzcyxIV2S5U6CP15QCldRMJRaDz1Yaik15PorvZYGc	$8a8OTFPqvfsx2aHJeu9IBu-xR3Gn7rdv9l_HZtPKkFg	!dKcbdDATuwwphjRPQP:localhost	f
$Sa-w9Co29Yd94wHfPbpfCOuSSlMlorQ7ssiGXYp8oh8	$S7qfuHyVNKlnX8WQb78EyVSR_7_dnmagLA8asozsQtE	!kmbTYjjsDRDHGgVqUP:localhost	f
$n6TBNMF739-W93vnPpWYiJ_zTj-UGsx8mCtkFUsmkrY	$TOzcyxIV2S5U6CP15QCldRMJRaDz1Yaik15PorvZYGc	!dKcbdDATuwwphjRPQP:localhost	f
$5auMphtCZ9zvRqrhyXpY0s-cZZl2AbvkyGNRbm2h2zc	$Sa-w9Co29Yd94wHfPbpfCOuSSlMlorQ7ssiGXYp8oh8	!kmbTYjjsDRDHGgVqUP:localhost	f
$Yb59onmhkHIpIJ_VnrP0V02pkFQEF1GwuJqZCNRTQeQ	$5auMphtCZ9zvRqrhyXpY0s-cZZl2AbvkyGNRbm2h2zc	!kmbTYjjsDRDHGgVqUP:localhost	f
$j0CTOXXA4AtSOD0pk6kL2BNsa6j5w517GGfkTqmm9ZE	$Yb59onmhkHIpIJ_VnrP0V02pkFQEF1GwuJqZCNRTQeQ	!kmbTYjjsDRDHGgVqUP:localhost	f
$YgrzVCWDDxVv-dvf3HhpLD0QlN4nD5-CXg0T-gEX6iI	$j0CTOXXA4AtSOD0pk6kL2BNsa6j5w517GGfkTqmm9ZE	!kmbTYjjsDRDHGgVqUP:localhost	f
$IaI_j1zJZ04lmJmCzJfvnr48U2umqKYG1xogY-r9UNY	$YgrzVCWDDxVv-dvf3HhpLD0QlN4nD5-CXg0T-gEX6iI	!kmbTYjjsDRDHGgVqUP:localhost	f
$TbIhAYsmySe2O7IaMBarYDokr6-UmyH4IYI3SpbhI-Q	$n6TBNMF739-W93vnPpWYiJ_zTj-UGsx8mCtkFUsmkrY	!dKcbdDATuwwphjRPQP:localhost	f
$YBt0yFQdKC_886W6aXe4LIv5A5BcBP7pXYeF8XLKhH0	$TbIhAYsmySe2O7IaMBarYDokr6-UmyH4IYI3SpbhI-Q	!dKcbdDATuwwphjRPQP:localhost	f
$-wkWlUVunP818RkFXsoACrEQ85-ybLTc-vWqiil50Vo	$YBt0yFQdKC_886W6aXe4LIv5A5BcBP7pXYeF8XLKhH0	!dKcbdDATuwwphjRPQP:localhost	f
$kQPpv66TuseXeTXJr41QlqLnJBWNpBA_zgzIaJMjpLc	$IaI_j1zJZ04lmJmCzJfvnr48U2umqKYG1xogY-r9UNY	!kmbTYjjsDRDHGgVqUP:localhost	f
$BG2gCT3tXMWdl5AO704CVjroaQJysHmLZMRN-QrTH8w	$-wkWlUVunP818RkFXsoACrEQ85-ybLTc-vWqiil50Vo	!dKcbdDATuwwphjRPQP:localhost	f
$AXNJvl1CFFkmeDr63y2IykCN_G-lJiDa4JHsOjaUj4Y	$BG2gCT3tXMWdl5AO704CVjroaQJysHmLZMRN-QrTH8w	!dKcbdDATuwwphjRPQP:localhost	f
$9hK3JsOVrMiv0wKjw57rMkc6mne_XmZ0CRTz65g97ek	$AXNJvl1CFFkmeDr63y2IykCN_G-lJiDa4JHsOjaUj4Y	!dKcbdDATuwwphjRPQP:localhost	f
$uFBLsg4RZn3DtG5dqcZ8A11zEbkWHwPLjk_VQtaj0qM	$kQPpv66TuseXeTXJr41QlqLnJBWNpBA_zgzIaJMjpLc	!kmbTYjjsDRDHGgVqUP:localhost	f
$wFcIkswyANl3CQZdt_hX9g9e2TeFjIzp9bWhcEbBiCI	$uFBLsg4RZn3DtG5dqcZ8A11zEbkWHwPLjk_VQtaj0qM	!kmbTYjjsDRDHGgVqUP:localhost	f
$Y_FmFbCe62ffJ-UyN7IA1IbcRgUsELxe9lGLmGbDg9o	$9hK3JsOVrMiv0wKjw57rMkc6mne_XmZ0CRTz65g97ek	!dKcbdDATuwwphjRPQP:localhost	f
$CPoznAc0caDQuTVk0FlfLDWH79HumOVggLi7MDSYT5M	$Y_FmFbCe62ffJ-UyN7IA1IbcRgUsELxe9lGLmGbDg9o	!dKcbdDATuwwphjRPQP:localhost	f
$pWJdSD5NsfN2PI0YapF9GmJPDpHhbeH6m--Uc5qoX-A	$CPoznAc0caDQuTVk0FlfLDWH79HumOVggLi7MDSYT5M	!dKcbdDATuwwphjRPQP:localhost	f
\.


--
-- Data for Name: event_expiry; Type: TABLE DATA; Schema: public; Owner: synapse
--

COPY public.event_expiry (event_id, expiry_ts) FROM stdin;
\.


--
-- Data for Name: event_forward_extremities; Type: TABLE DATA; Schema: public; Owner: synapse
--

COPY public.event_forward_extremities (event_id, room_id) FROM stdin;
$wFcIkswyANl3CQZdt_hX9g9e2TeFjIzp9bWhcEbBiCI	!kmbTYjjsDRDHGgVqUP:localhost
$pWJdSD5NsfN2PI0YapF9GmJPDpHhbeH6m--Uc5qoX-A	!dKcbdDATuwwphjRPQP:localhost
\.


--
-- Data for Name: event_json; Type: TABLE DATA; Schema: public; Owner: synapse
--

COPY public.event_json (event_id, room_id, internal_metadata, json, format_version) FROM stdin;
$mBmRyyvP_Jc-LDi7_hiGD9QTu5XGVXqNMxZM4yDMQPU	!kmbTYjjsDRDHGgVqUP:localhost	{"token_id": 2, "stream_ordering": 2}	{"auth_events": [], "prev_events": [], "type": "m.room.create", "room_id": "!kmbTYjjsDRDHGgVqUP:localhost", "sender": "@admin:localhost", "content": {"room_version": "5", "creator": "@admin:localhost"}, "depth": 1, "prev_state": [], "state_key": "", "origin": "localhost", "origin_server_ts": 1598686327756, "hashes": {"sha256": "EYS5stv7QephkSDEw4lMn8/fCE1EfcXS2SKhS9x689c"}, "signatures": {"localhost": {"ed25519:a_snHR": "47z+ybf1v6crQ75SkpwjCPDQ561xdI6SuXgpQHOugqlu7Qkvp1y2U97Z35JRCNa7R0sQvM4rVijYk+YgtbckDw"}}, "unsigned": {"age_ts": 1598686327756}}	3
$_oKaaOfL7rFtPsAsxDmHrCY9sAzFjslRwkJ_QHxHDTw	!kmbTYjjsDRDHGgVqUP:localhost	{"token_id": 2, "stream_ordering": 3}	{"auth_events": ["$mBmRyyvP_Jc-LDi7_hiGD9QTu5XGVXqNMxZM4yDMQPU"], "prev_events": ["$mBmRyyvP_Jc-LDi7_hiGD9QTu5XGVXqNMxZM4yDMQPU"], "type": "m.room.member", "room_id": "!kmbTYjjsDRDHGgVqUP:localhost", "sender": "@admin:localhost", "content": {"membership": "join", "displayname": "admin"}, "depth": 2, "prev_state": [], "state_key": "@admin:localhost", "origin": "localhost", "origin_server_ts": 1598686327803, "hashes": {"sha256": "bFr14ZS6aZalThpjLQ5BkY11tTZqSnnNO5FjkIpsH+0"}, "signatures": {"localhost": {"ed25519:a_snHR": "pvC4gEUv8FV2lKeI3sP1lfY7/eRbZBfNpbWT8v4a8Y9pq+oWw1xozvImaXKjgKgnLKkfEL8U2SKf5Wzchv2iCg"}}, "unsigned": {"age_ts": 1598686327803}}	3
$BYyVCPyJh9PVJBsxDwm9NakGY19DlCJJ1GlCcYpTv8w	!kmbTYjjsDRDHGgVqUP:localhost	{"token_id": 2, "stream_ordering": 4}	{"auth_events": ["$mBmRyyvP_Jc-LDi7_hiGD9QTu5XGVXqNMxZM4yDMQPU", "$_oKaaOfL7rFtPsAsxDmHrCY9sAzFjslRwkJ_QHxHDTw"], "prev_events": ["$_oKaaOfL7rFtPsAsxDmHrCY9sAzFjslRwkJ_QHxHDTw"], "type": "m.room.power_levels", "room_id": "!kmbTYjjsDRDHGgVqUP:localhost", "sender": "@admin:localhost", "content": {"users": {"@admin:localhost": 100}, "users_default": 50, "events": {"m.room.name": 50, "m.room.power_levels": 100, "m.room.history_visibility": 100, "m.room.canonical_alias": 50, "m.room.avatar": 50, "m.room.tombstone": 100, "m.room.server_acl": 100, "m.room.encryption": 100}, "events_default": 0, "state_default": 50, "ban": 50, "kick": 50, "redact": 50, "invite": 50}, "depth": 3, "prev_state": [], "state_key": "", "origin": "localhost", "origin_server_ts": 1598686327849, "hashes": {"sha256": "XRXI1VrMo2lX8l4Xw+9l9POam98NXILANHKa0cTiec8"}, "signatures": {"localhost": {"ed25519:a_snHR": "BpCH59dvjhLkXrhrLvAvctHHpDo5xjfKyPKNPURSOjO9a6M+bBF8BYorYCZ82nY6VuxkpcBEXfqoq0sTZtd3Bw"}}, "unsigned": {"age_ts": 1598686327849}}	3
$X8tdoEsXAgBC6gobCepAn3rwO8CJoQU6i9NN9Rzhukg	!kmbTYjjsDRDHGgVqUP:localhost	{"token_id": 2, "stream_ordering": 5}	{"auth_events": ["$BYyVCPyJh9PVJBsxDwm9NakGY19DlCJJ1GlCcYpTv8w", "$mBmRyyvP_Jc-LDi7_hiGD9QTu5XGVXqNMxZM4yDMQPU", "$_oKaaOfL7rFtPsAsxDmHrCY9sAzFjslRwkJ_QHxHDTw"], "prev_events": ["$BYyVCPyJh9PVJBsxDwm9NakGY19DlCJJ1GlCcYpTv8w"], "type": "m.room.canonical_alias", "room_id": "!kmbTYjjsDRDHGgVqUP:localhost", "sender": "@admin:localhost", "content": {"alias": "#town-square:localhost"}, "depth": 4, "prev_state": [], "state_key": "", "origin": "localhost", "origin_server_ts": 1598686327933, "hashes": {"sha256": "JFEosUjTDFb17hL0ogqGvy8PsyFS5AfoImme80JxoBs"}, "signatures": {"localhost": {"ed25519:a_snHR": "fIKrBbyf1iHHSpgs1le6Qt6UIhEqGv37ptN9EYF20qOo80r2hFizzL4QUea1iU4Y2eXLXeSbgMyRIBTgNMqCCA"}}, "unsigned": {"age_ts": 1598686327933}}	3
$G_m59AjH2Y1FX4D11JDsmEETfHGAWoknTIdv-_XYW2o	!kmbTYjjsDRDHGgVqUP:localhost	{"token_id": 2, "stream_ordering": 6}	{"auth_events": ["$BYyVCPyJh9PVJBsxDwm9NakGY19DlCJJ1GlCcYpTv8w", "$mBmRyyvP_Jc-LDi7_hiGD9QTu5XGVXqNMxZM4yDMQPU", "$_oKaaOfL7rFtPsAsxDmHrCY9sAzFjslRwkJ_QHxHDTw"], "prev_events": ["$X8tdoEsXAgBC6gobCepAn3rwO8CJoQU6i9NN9Rzhukg"], "type": "m.room.join_rules", "room_id": "!kmbTYjjsDRDHGgVqUP:localhost", "sender": "@admin:localhost", "content": {"join_rule": "public"}, "depth": 5, "prev_state": [], "state_key": "", "origin": "localhost", "origin_server_ts": 1598686328055, "hashes": {"sha256": "jp1fVxbt3dpJlxSWBs8TDJPKkwiNi8RubTXSwOu2cDE"}, "signatures": {"localhost": {"ed25519:a_snHR": "O1DxN7P7TkUmUp2mTvmbynx8sE967SMMDNvWWukJhW/k0Eycxe1aORQInqOx03jBFS91blUjSiame9d4SsflDQ"}}, "unsigned": {"age_ts": 1598686328055}}	3
$O5iO4EII22igkDq5cMKHFB-SGIYD0KqJQXZohS2Dzc0	!kmbTYjjsDRDHGgVqUP:localhost	{"token_id": 2, "stream_ordering": 7}	{"auth_events": ["$BYyVCPyJh9PVJBsxDwm9NakGY19DlCJJ1GlCcYpTv8w", "$mBmRyyvP_Jc-LDi7_hiGD9QTu5XGVXqNMxZM4yDMQPU", "$_oKaaOfL7rFtPsAsxDmHrCY9sAzFjslRwkJ_QHxHDTw"], "prev_events": ["$G_m59AjH2Y1FX4D11JDsmEETfHGAWoknTIdv-_XYW2o"], "type": "m.room.history_visibility", "room_id": "!kmbTYjjsDRDHGgVqUP:localhost", "sender": "@admin:localhost", "content": {"history_visibility": "shared"}, "depth": 6, "prev_state": [], "state_key": "", "origin": "localhost", "origin_server_ts": 1598686328127, "hashes": {"sha256": "O2HALjh6GpvXYKFGkSI+lQPuJUFwuC032xlArlAC5cU"}, "signatures": {"localhost": {"ed25519:a_snHR": "q2f7/7Q5deI4D976foS2hEJ2u5V5P+rShlUHGLrZ4F1H2xTj+UYejDJbqzhmp6fHwz/tlXtcij6B/PahZDlFCw"}}, "unsigned": {"age_ts": 1598686328127}}	3
$Rczn5GeJ1aYMBU_oXSIF8ppVk8WEruaYIBA3FE7Yq88	!dKcbdDATuwwphjRPQP:localhost	{"token_id": 2, "stream_ordering": 8}	{"auth_events": [], "prev_events": [], "type": "m.room.create", "room_id": "!dKcbdDATuwwphjRPQP:localhost", "sender": "@admin:localhost", "content": {"room_version": "5", "creator": "@admin:localhost"}, "depth": 1, "prev_state": [], "state_key": "", "origin": "localhost", "origin_server_ts": 1598686328210, "hashes": {"sha256": "T2bzVfgzt2griHNrK55gMsLkl82Nz9F/wK3x7lQm0zA"}, "signatures": {"localhost": {"ed25519:a_snHR": "o9ngIVjMu0CXzzIzhHQj+YOJPsXjIAmlQdW+9L6ERQBo8fIQYDUESAAqjGJVhToPS1mFueV7SU7hGRWpd7JSCQ"}}, "unsigned": {"age_ts": 1598686328210}}	3
$PeAJ6BypXjJegHiUjcYe-I6Cf4NuCPICi_yUb-fyauA	!dKcbdDATuwwphjRPQP:localhost	{"token_id": 2, "stream_ordering": 9}	{"auth_events": ["$Rczn5GeJ1aYMBU_oXSIF8ppVk8WEruaYIBA3FE7Yq88"], "prev_events": ["$Rczn5GeJ1aYMBU_oXSIF8ppVk8WEruaYIBA3FE7Yq88"], "type": "m.room.member", "room_id": "!dKcbdDATuwwphjRPQP:localhost", "sender": "@admin:localhost", "content": {"membership": "join", "displayname": "admin"}, "depth": 2, "prev_state": [], "state_key": "@admin:localhost", "origin": "localhost", "origin_server_ts": 1598686328245, "hashes": {"sha256": "U+/LJW/8SXvlDad8ry9B6gtyrwdAQgQrnsYdoLjFX4c"}, "signatures": {"localhost": {"ed25519:a_snHR": "UFL/8lWTieRcORLzp9XHt+jQ+3dtgGCMRtkmtgbJK1wtJsKvM0Vj+Se/PYxp9D9owNYTYvenbn+Ape9jAWmQDA"}}, "unsigned": {"age_ts": 1598686328245}}	3
$P98vptI_jrNYKKnTTDYouThgohgHqJkD5Rcj0gDgxII	!dKcbdDATuwwphjRPQP:localhost	{"token_id": 2, "stream_ordering": 10}	{"auth_events": ["$Rczn5GeJ1aYMBU_oXSIF8ppVk8WEruaYIBA3FE7Yq88", "$PeAJ6BypXjJegHiUjcYe-I6Cf4NuCPICi_yUb-fyauA"], "prev_events": ["$PeAJ6BypXjJegHiUjcYe-I6Cf4NuCPICi_yUb-fyauA"], "type": "m.room.power_levels", "room_id": "!dKcbdDATuwwphjRPQP:localhost", "sender": "@admin:localhost", "content": {"users": {"@admin:localhost": 100}, "users_default": 50, "events": {"m.room.name": 50, "m.room.power_levels": 100, "m.room.history_visibility": 100, "m.room.canonical_alias": 50, "m.room.avatar": 50, "m.room.tombstone": 100, "m.room.server_acl": 100, "m.room.encryption": 100}, "events_default": 0, "state_default": 50, "ban": 50, "kick": 50, "redact": 50, "invite": 50}, "depth": 3, "prev_state": [], "state_key": "", "origin": "localhost", "origin_server_ts": 1598686328280, "hashes": {"sha256": "uhHLqmMxCXLN+w/WytCiGDedq/bLxHrToWTEkOKf9ew"}, "signatures": {"localhost": {"ed25519:a_snHR": "MlX+Q/aDPzkzLhX5vXzxUqlIh1xTg7shPZ6xg5FfsX7xzRzjEyI/zEdQBts8ZNaN0S/rf9Nj43Bde2xRz1xICA"}}, "unsigned": {"age_ts": 1598686328280}}	3
$b__a7rX3L5YpX7nAZte73DAbjtXZK48JH8VKSnGOKKw	!dKcbdDATuwwphjRPQP:localhost	{"token_id": 2, "stream_ordering": 11}	{"auth_events": ["$P98vptI_jrNYKKnTTDYouThgohgHqJkD5Rcj0gDgxII", "$Rczn5GeJ1aYMBU_oXSIF8ppVk8WEruaYIBA3FE7Yq88", "$PeAJ6BypXjJegHiUjcYe-I6Cf4NuCPICi_yUb-fyauA"], "prev_events": ["$P98vptI_jrNYKKnTTDYouThgohgHqJkD5Rcj0gDgxII"], "type": "m.room.canonical_alias", "room_id": "!dKcbdDATuwwphjRPQP:localhost", "sender": "@admin:localhost", "content": {"alias": "#off-topic:localhost"}, "depth": 4, "prev_state": [], "state_key": "", "origin": "localhost", "origin_server_ts": 1598686328305, "hashes": {"sha256": "+JxLKTsEQryx+GEAalUCnv6Rke8EWjX/fPemyJsDHYc"}, "signatures": {"localhost": {"ed25519:a_snHR": "Cjxg3dN0RmH45DnHWi6hpxa+uebFjCgGQV7rVZrz07nq0D2m/m6xetGsZChX81YA7bTlSaZYZbguZo25iAhsBA"}}, "unsigned": {"age_ts": 1598686328305}}	3
$hEtlt0NU16h0ix9xBX0MDJR0g54ATEZ4S96udYzYBqs	!dKcbdDATuwwphjRPQP:localhost	{"token_id": 2, "stream_ordering": 12}	{"auth_events": ["$P98vptI_jrNYKKnTTDYouThgohgHqJkD5Rcj0gDgxII", "$Rczn5GeJ1aYMBU_oXSIF8ppVk8WEruaYIBA3FE7Yq88", "$PeAJ6BypXjJegHiUjcYe-I6Cf4NuCPICi_yUb-fyauA"], "prev_events": ["$b__a7rX3L5YpX7nAZte73DAbjtXZK48JH8VKSnGOKKw"], "type": "m.room.join_rules", "room_id": "!dKcbdDATuwwphjRPQP:localhost", "sender": "@admin:localhost", "content": {"join_rule": "public"}, "depth": 5, "prev_state": [], "state_key": "", "origin": "localhost", "origin_server_ts": 1598686328338, "hashes": {"sha256": "dxq9CFlffHYBvZuBxLJd5stg6IQ3QXbXZ+NE6ebxX70"}, "signatures": {"localhost": {"ed25519:a_snHR": "Uxvxrm+8J8TXY4TQmd21VQ8FquEl8i2G+J4Key2ULCdTPPuLYVzHptZ2XsY+qVkQQ/j7O8GzZor91QnuTO6OAQ"}}, "unsigned": {"age_ts": 1598686328338}}	3
$TVnvv0nGbLydCBtMmTTz-htMsoI4hmxCr3s9AHyFGHQ	!dKcbdDATuwwphjRPQP:localhost	{"token_id": 2, "stream_ordering": 13}	{"auth_events": ["$P98vptI_jrNYKKnTTDYouThgohgHqJkD5Rcj0gDgxII", "$Rczn5GeJ1aYMBU_oXSIF8ppVk8WEruaYIBA3FE7Yq88", "$PeAJ6BypXjJegHiUjcYe-I6Cf4NuCPICi_yUb-fyauA"], "prev_events": ["$hEtlt0NU16h0ix9xBX0MDJR0g54ATEZ4S96udYzYBqs"], "type": "m.room.history_visibility", "room_id": "!dKcbdDATuwwphjRPQP:localhost", "sender": "@admin:localhost", "content": {"history_visibility": "shared"}, "depth": 6, "prev_state": [], "state_key": "", "origin": "localhost", "origin_server_ts": 1598686328366, "hashes": {"sha256": "SfV6Kek5Dwi5pw8ipLU5QhGIZ2QJnoj9F6CDcc5IxB4"}, "signatures": {"localhost": {"ed25519:a_snHR": "5ykJ0Blf6mxyCyowVrPMqCBd1CoGzhyHcTYeI54eSztGls6SbF9v0VY23IxdEiYh6Sbb4p/YqhWE5BK0bC99Dg"}}, "unsigned": {"age_ts": 1598686328366}}	3
$N33GyONpuSa3zRNJk1CtLYdhqJbhXBwSpAlUUm-zmB8	!kmbTYjjsDRDHGgVqUP:localhost	{"token_id": 3, "stream_ordering": 14}	{"auth_events": ["$BYyVCPyJh9PVJBsxDwm9NakGY19DlCJJ1GlCcYpTv8w", "$mBmRyyvP_Jc-LDi7_hiGD9QTu5XGVXqNMxZM4yDMQPU", "$G_m59AjH2Y1FX4D11JDsmEETfHGAWoknTIdv-_XYW2o"], "prev_events": ["$O5iO4EII22igkDq5cMKHFB-SGIYD0KqJQXZohS2Dzc0"], "type": "m.room.member", "room_id": "!kmbTYjjsDRDHGgVqUP:localhost", "sender": "@matrix_a:localhost", "content": {"membership": "join", "displayname": "matrix_a"}, "depth": 7, "prev_state": [], "state_key": "@matrix_a:localhost", "origin": "localhost", "origin_server_ts": 1598686328406, "hashes": {"sha256": "qLMDs9emxYRXqTqqxoKZcDmjV5VXvdIs3XRGMxFZnbk"}, "signatures": {"localhost": {"ed25519:a_snHR": "xsf3Ds6FQ7mG4614Oiydc3TFdQak3qCYQ/OTfnE+Yd8GclvIc/cMtCrz5VTAjRLIHwoctkLkHraQcxnHkFzwCw"}}, "unsigned": {"age_ts": 1598686328406}}	3
$wd-zBsOV9K_8HbhPARZ91kf5cfZwLKRi7yBBGGNUAb0	!dKcbdDATuwwphjRPQP:localhost	{"token_id": 3, "stream_ordering": 15}	{"auth_events": ["$P98vptI_jrNYKKnTTDYouThgohgHqJkD5Rcj0gDgxII", "$Rczn5GeJ1aYMBU_oXSIF8ppVk8WEruaYIBA3FE7Yq88", "$hEtlt0NU16h0ix9xBX0MDJR0g54ATEZ4S96udYzYBqs"], "prev_events": ["$TVnvv0nGbLydCBtMmTTz-htMsoI4hmxCr3s9AHyFGHQ"], "type": "m.room.member", "room_id": "!dKcbdDATuwwphjRPQP:localhost", "sender": "@matrix_a:localhost", "content": {"membership": "join", "displayname": "matrix_a"}, "depth": 7, "prev_state": [], "state_key": "@matrix_a:localhost", "origin": "localhost", "origin_server_ts": 1598686328450, "hashes": {"sha256": "Bf7Ixij40HV9U18YkDyyR2LTpCTLLhlY3GoSLyLra6c"}, "signatures": {"localhost": {"ed25519:a_snHR": "qsG72VTiWey+fdCVuq4zZWl8IPFwfI1GBpO4iL+axu/ctL5BEo/YYJmWmTJMOz3z4ZyLj8NN/QpwX+p2A8BRDA"}}, "unsigned": {"age_ts": 1598686328450}}	3
$4ZLf-3JRJMLLADbzome2n_5rZNEeHEFIo3w1xN4KKu0	!dKcbdDATuwwphjRPQP:localhost	{"token_id": 4, "stream_ordering": 17}	{"auth_events": ["$P98vptI_jrNYKKnTTDYouThgohgHqJkD5Rcj0gDgxII", "$Rczn5GeJ1aYMBU_oXSIF8ppVk8WEruaYIBA3FE7Yq88", "$hEtlt0NU16h0ix9xBX0MDJR0g54ATEZ4S96udYzYBqs"], "prev_events": ["$wd-zBsOV9K_8HbhPARZ91kf5cfZwLKRi7yBBGGNUAb0"], "type": "m.room.member", "room_id": "!dKcbdDATuwwphjRPQP:localhost", "sender": "@matrix_b:localhost", "content": {"membership": "join", "displayname": "matrix_b"}, "depth": 8, "prev_state": [], "state_key": "@matrix_b:localhost", "origin": "localhost", "origin_server_ts": 1598686328533, "hashes": {"sha256": "uTzAP3DsMrG8vtss7fDEFt+NvMlkJcrp1JpDI+zCYJw"}, "signatures": {"localhost": {"ed25519:a_snHR": "KebfBSToXNEpvTIjoOVA/dUohbdbS6NpSahz9yHvU1HfdpsPGqxwxrwMNuhXaRHzRO6hV0VNgIKyN09GaKNZCg"}}, "unsigned": {"age_ts": 1598686328533}}	3
$Svf91tyGyUuzelYH8bbzM6QXuI9Xcab-XMXjCrIgM5A	!dKcbdDATuwwphjRPQP:localhost	{"token_id": 5, "stream_ordering": 19}	{"auth_events": ["$P98vptI_jrNYKKnTTDYouThgohgHqJkD5Rcj0gDgxII", "$hEtlt0NU16h0ix9xBX0MDJR0g54ATEZ4S96udYzYBqs", "$Rczn5GeJ1aYMBU_oXSIF8ppVk8WEruaYIBA3FE7Yq88"], "prev_events": ["$4ZLf-3JRJMLLADbzome2n_5rZNEeHEFIo3w1xN4KKu0"], "type": "m.room.member", "room_id": "!dKcbdDATuwwphjRPQP:localhost", "sender": "@ignored_user:localhost", "content": {"membership": "join", "displayname": "ignored_user"}, "depth": 9, "prev_state": [], "state_key": "@ignored_user:localhost", "origin": "localhost", "origin_server_ts": 1598686328616, "hashes": {"sha256": "jMkusmfkT7UyF+M8kX/BlBE9cfKlzHtTJumYpcHpBus"}, "signatures": {"localhost": {"ed25519:a_snHR": "OqjM8HC+e4wgWSg64xtgWjy8XhQfXWRLcTO8eDmzywvsGEetzg2MbNi+8UeaO+k0HgySjOQdD+uU794G1VQcBA"}}, "unsigned": {"age_ts": 1598686328616}}	3
$llCtN-sfVC1IOdDQXgskgx4jl97hQHfKnEH-IP-lyvk	!kmbTYjjsDRDHGgVqUP:localhost	{"token_id": 4, "stream_ordering": 16}	{"auth_events": ["$BYyVCPyJh9PVJBsxDwm9NakGY19DlCJJ1GlCcYpTv8w", "$mBmRyyvP_Jc-LDi7_hiGD9QTu5XGVXqNMxZM4yDMQPU", "$G_m59AjH2Y1FX4D11JDsmEETfHGAWoknTIdv-_XYW2o"], "prev_events": ["$N33GyONpuSa3zRNJk1CtLYdhqJbhXBwSpAlUUm-zmB8"], "type": "m.room.member", "room_id": "!kmbTYjjsDRDHGgVqUP:localhost", "sender": "@matrix_b:localhost", "content": {"membership": "join", "displayname": "matrix_b"}, "depth": 8, "prev_state": [], "state_key": "@matrix_b:localhost", "origin": "localhost", "origin_server_ts": 1598686328493, "hashes": {"sha256": "cH8tXUk5lxa0k+40sn0aVCgn+JhxncHg3R/oYnHUDlU"}, "signatures": {"localhost": {"ed25519:a_snHR": "C43sosgS9LF5roZP7JiJGmrZR2O9nHvC+mPvYZ0+qDm58WLnmpjC0B8Y8Txye0OoW8HsBqxhJQf10txK8vI6CQ"}}, "unsigned": {"age_ts": 1598686328493}}	3
$cVpm7JtI2FA6jT91bWn5avhRlFg_CpMA5HRanoYhkJs	!kmbTYjjsDRDHGgVqUP:localhost	{"txn_id":"m1672856705941.0","historical":false}	{"auth_events":["$FiPh76BhP5tT1Hors997MJgDvrehT02uvfmqsY25ilk","$mBmRyyvP_Jc-LDi7_hiGD9QTu5XGVXqNMxZM4yDMQPU","$BYyVCPyJh9PVJBsxDwm9NakGY19DlCJJ1GlCcYpTv8w"],"prev_events":["$FiPh76BhP5tT1Hors997MJgDvrehT02uvfmqsY25ilk"],"type":"m.room.message","room_id":"!kmbTYjjsDRDHGgVqUP:localhost","sender":"@mm_mattermost_a:localhost","content":{"msgtype":"m.text","body":"test"},"depth":15,"prev_state":[],"origin":"localhost","origin_server_ts":1672856706015,"hashes":{"sha256":"v0zddkJR19A+G1mvjwp0Jq+4z8HTR9vdTdR8Mflri3k"},"signatures":{"localhost":{"ed25519:a_CHdg":"4hFpMiZGnXhglLH9zZWa+7gj/iw4LcK3w+WLkpf2VnY8l+rSzrrN7s5o9QpkjzKR4rV8jIbJklr3qQXo6mqBCQ"}},"unsigned":{"age_ts":1672856706015}}	3
$hD2Z-BHkSscOTiftcJe1n-peOIsihQlQbtyjR2IkTmA	!kmbTYjjsDRDHGgVqUP:localhost	{"token_id": 5, "stream_ordering": 18}	{"auth_events": ["$BYyVCPyJh9PVJBsxDwm9NakGY19DlCJJ1GlCcYpTv8w", "$G_m59AjH2Y1FX4D11JDsmEETfHGAWoknTIdv-_XYW2o", "$mBmRyyvP_Jc-LDi7_hiGD9QTu5XGVXqNMxZM4yDMQPU"], "prev_events": ["$llCtN-sfVC1IOdDQXgskgx4jl97hQHfKnEH-IP-lyvk"], "type": "m.room.member", "room_id": "!kmbTYjjsDRDHGgVqUP:localhost", "sender": "@ignored_user:localhost", "content": {"membership": "join", "displayname": "ignored_user"}, "depth": 9, "prev_state": [], "state_key": "@ignored_user:localhost", "origin": "localhost", "origin_server_ts": 1598686328575, "hashes": {"sha256": "D/rwxkYqWZ03Kws7Xsq84khdp4oGHRGnOy4+XwM8dLA"}, "signatures": {"localhost": {"ed25519:a_snHR": "kXK8xKjLjJ97KcFQivelEBI1TR/au+bgtD6i2VPDp9LjRi1bVH/zb6YqHZetT0JYaGt3NY4iFeN0Qh0mD4zyAg"}}, "unsigned": {"age_ts": 1598686328575}}	3
$mGK5pQEzegKFhAPXc0TX7drNl2qyJL8ajxnJRmA3kN8	!dKcbdDATuwwphjRPQP:localhost	{"historical":false}	{"auth_events":["$hEtlt0NU16h0ix9xBX0MDJR0g54ATEZ4S96udYzYBqs","$Rczn5GeJ1aYMBU_oXSIF8ppVk8WEruaYIBA3FE7Yq88","$P98vptI_jrNYKKnTTDYouThgohgHqJkD5Rcj0gDgxII"],"prev_events":["$Svf91tyGyUuzelYH8bbzM6QXuI9Xcab-XMXjCrIgM5A"],"type":"m.room.member","room_id":"!dKcbdDATuwwphjRPQP:localhost","sender":"@matterbot:localhost","content":{"membership":"join","displayname":"Mattermost Bridge"},"depth":10,"prev_state":[],"state_key":"@matterbot:localhost","origin":"localhost","origin_server_ts":1672856701211,"hashes":{"sha256":"rzo6j5PUyS8xiPnkIdXtQY5ZoaisK5PAsJV/wyhr0O0"},"signatures":{"localhost":{"ed25519:a_CHdg":"R6gMPFwW+gWrv3Hd99j9wZP2722Af/rzquCGCJuzE115hOv4a8BEOFmDhCxT1Hdpav1RjjUsecsu2dkHsPy7Ag"}},"unsigned":{"age_ts":1672856701211}}	3
$666ybhBdzZc96KCxYMslNrmlLRi8w6uUusi8J4BUVNM	!kmbTYjjsDRDHGgVqUP:localhost	{"historical":false}	{"auth_events":["$G_m59AjH2Y1FX4D11JDsmEETfHGAWoknTIdv-_XYW2o","$mBmRyyvP_Jc-LDi7_hiGD9QTu5XGVXqNMxZM4yDMQPU","$BYyVCPyJh9PVJBsxDwm9NakGY19DlCJJ1GlCcYpTv8w"],"prev_events":["$hD2Z-BHkSscOTiftcJe1n-peOIsihQlQbtyjR2IkTmA"],"type":"m.room.member","room_id":"!kmbTYjjsDRDHGgVqUP:localhost","sender":"@matterbot:localhost","content":{"membership":"join","displayname":"Mattermost Bridge"},"depth":10,"prev_state":[],"state_key":"@matterbot:localhost","origin":"localhost","origin_server_ts":1672856701213,"hashes":{"sha256":"FR32T9hZC588xWC5YaJHu41guZvI3jZIl/cIwwFq8ec"},"signatures":{"localhost":{"ed25519:a_CHdg":"Y4snzhT0t8tuM49c/giopoiRK3ZCX7rVCqBD2ZRu4D/fVnUgndcXNI4g/wiEa5tFdAcKg/f9AD+5WYaDh64aBw"}},"unsigned":{"age_ts":1672856701213}}	3
$wEzXoaJoNtWHISsmLEY6T-CdgUw21BFOyAw1HcKBBh0	!dKcbdDATuwwphjRPQP:localhost	{"historical":false}	{"auth_events":["$P98vptI_jrNYKKnTTDYouThgohgHqJkD5Rcj0gDgxII","$hEtlt0NU16h0ix9xBX0MDJR0g54ATEZ4S96udYzYBqs","$Rczn5GeJ1aYMBU_oXSIF8ppVk8WEruaYIBA3FE7Yq88","$mGK5pQEzegKFhAPXc0TX7drNl2qyJL8ajxnJRmA3kN8"],"prev_events":["$mGK5pQEzegKFhAPXc0TX7drNl2qyJL8ajxnJRmA3kN8"],"type":"m.room.member","room_id":"!dKcbdDATuwwphjRPQP:localhost","sender":"@matterbot:localhost","content":{"membership":"invite","displayname":"mattermost_b [mm]"},"depth":11,"prev_state":[],"state_key":"@mm_mattermost_b:localhost","origin":"localhost","origin_server_ts":1672856704532,"hashes":{"sha256":"ZbnkbtIEQ3EQOfZLl24Ejv4TAj3GeFEwK4cnX+D6iKI"},"signatures":{"localhost":{"ed25519:a_CHdg":"WEWNwuz5K8ieW6/7ATPp3AGicl1Vt4ytE4rWih04rZyr/CG/HzYP+gO3gr4JyfACH21iRnyjwpYtOWXLGB9SDg"}},"unsigned":{"age_ts":1672856704532,"invite_room_state":[{"type":"m.room.canonical_alias","state_key":"","content":{"alias":"#off-topic:localhost"},"sender":"@admin:localhost"},{"type":"m.room.create","state_key":"","content":{"room_version":"5","creator":"@admin:localhost"},"sender":"@admin:localhost"},{"type":"m.room.join_rules","state_key":"","content":{"join_rule":"public"},"sender":"@admin:localhost"},{"type":"m.room.member","state_key":"@matterbot:localhost","content":{"membership":"join","displayname":"Mattermost Bridge"},"sender":"@matterbot:localhost"}]}}	3
$2KF1FxA50OygX8tA7bnhmld7ePb4eIDsQaPB5ssgUSc	!kmbTYjjsDRDHGgVqUP:localhost	{"historical":false}	{"auth_events":["$BYyVCPyJh9PVJBsxDwm9NakGY19DlCJJ1GlCcYpTv8w","$G_m59AjH2Y1FX4D11JDsmEETfHGAWoknTIdv-_XYW2o","$mBmRyyvP_Jc-LDi7_hiGD9QTu5XGVXqNMxZM4yDMQPU","$666ybhBdzZc96KCxYMslNrmlLRi8w6uUusi8J4BUVNM"],"prev_events":["$666ybhBdzZc96KCxYMslNrmlLRi8w6uUusi8J4BUVNM"],"type":"m.room.member","room_id":"!kmbTYjjsDRDHGgVqUP:localhost","sender":"@matterbot:localhost","content":{"membership":"invite","displayname":"mattermost_b [mm]"},"depth":11,"prev_state":[],"state_key":"@mm_mattermost_b:localhost","origin":"localhost","origin_server_ts":1672856704711,"hashes":{"sha256":"eflN7iLImPysjpzNCVBmxy35vqjgeu7JK+c8YtATiIk"},"signatures":{"localhost":{"ed25519:a_CHdg":"h8iC/srzU9fC5RCpsSy1CsFnq+YgNSqDLbTmnhgtRMpIx9kDOCyQLoysXkKE0mUpZ8T8sjgnpYTCWe6VUjf+CQ"}},"unsigned":{"age_ts":1672856704711,"invite_room_state":[{"type":"m.room.canonical_alias","state_key":"","content":{"alias":"#town-square:localhost"},"sender":"@admin:localhost"},{"type":"m.room.create","state_key":"","content":{"room_version":"5","creator":"@admin:localhost"},"sender":"@admin:localhost"},{"type":"m.room.join_rules","state_key":"","content":{"join_rule":"public"},"sender":"@admin:localhost"},{"type":"m.room.member","state_key":"@matterbot:localhost","content":{"membership":"join","displayname":"Mattermost Bridge"},"sender":"@matterbot:localhost"}]}}	3
$g-ojtwk6OBH0sIWVdUrIlKfcesmKRj0kfU5E9ZjKlug	!dKcbdDATuwwphjRPQP:localhost	{"historical":false}	{"auth_events":["$P98vptI_jrNYKKnTTDYouThgohgHqJkD5Rcj0gDgxII","$hEtlt0NU16h0ix9xBX0MDJR0g54ATEZ4S96udYzYBqs","$Rczn5GeJ1aYMBU_oXSIF8ppVk8WEruaYIBA3FE7Yq88","$mGK5pQEzegKFhAPXc0TX7drNl2qyJL8ajxnJRmA3kN8"],"prev_events":["$wEzXoaJoNtWHISsmLEY6T-CdgUw21BFOyAw1HcKBBh0"],"type":"m.room.member","room_id":"!dKcbdDATuwwphjRPQP:localhost","sender":"@matterbot:localhost","content":{"membership":"invite","displayname":"MattermostUser A [mm]"},"depth":12,"prev_state":[],"state_key":"@mm_mattermost_a:localhost","origin":"localhost","origin_server_ts":1672856704815,"hashes":{"sha256":"Lox2QKFmFIuQt8nnEVENhphpypul8lKv8KUzMr2rZJs"},"signatures":{"localhost":{"ed25519:a_CHdg":"eg4CB+ZW7X4kha8teEF+djuVmBn9W/dQRVrOaRw0ZtY5Bbdu+y7aJ1os4qdQMOKwykptDZi8QNdPGRZti6f4DA"}},"unsigned":{"age_ts":1672856704815,"invite_room_state":[{"type":"m.room.canonical_alias","state_key":"","content":{"alias":"#off-topic:localhost"},"sender":"@admin:localhost"},{"type":"m.room.create","state_key":"","content":{"room_version":"5","creator":"@admin:localhost"},"sender":"@admin:localhost"},{"type":"m.room.join_rules","state_key":"","content":{"join_rule":"public"},"sender":"@admin:localhost"},{"type":"m.room.member","state_key":"@matterbot:localhost","content":{"membership":"join","displayname":"Mattermost Bridge"},"sender":"@matterbot:localhost"}]}}	3
$PSZPiF2_GHeawUZsuFzgg_JuCtoOyaf_11-uLulGF0c	!dKcbdDATuwwphjRPQP:localhost	{"historical":false}	{"auth_events":["$hEtlt0NU16h0ix9xBX0MDJR0g54ATEZ4S96udYzYBqs","$Rczn5GeJ1aYMBU_oXSIF8ppVk8WEruaYIBA3FE7Yq88","$wEzXoaJoNtWHISsmLEY6T-CdgUw21BFOyAw1HcKBBh0","$P98vptI_jrNYKKnTTDYouThgohgHqJkD5Rcj0gDgxII"],"prev_events":["$g-ojtwk6OBH0sIWVdUrIlKfcesmKRj0kfU5E9ZjKlug"],"type":"m.room.member","room_id":"!dKcbdDATuwwphjRPQP:localhost","sender":"@mm_mattermost_b:localhost","content":{"membership":"join","displayname":"mattermost_b [mm]"},"depth":13,"prev_state":[],"state_key":"@mm_mattermost_b:localhost","origin":"localhost","origin_server_ts":1672856705079,"hashes":{"sha256":"TdxHsUuLfOfjRGJ5rwGw0vFsZh9PvEodT2aBCInSa94"},"signatures":{"localhost":{"ed25519:a_CHdg":"ASn47iW9FwgGOnLrKFAwYcXowuPopnYY+NajMgzyTyvGRJMBK6XBaYDSdhDWC0mnCHHy/bfllqAypsyqh5efDA"}},"unsigned":{"age_ts":1672856705079,"replaces_state":"$wEzXoaJoNtWHISsmLEY6T-CdgUw21BFOyAw1HcKBBh0"}}	3
$5zlbkFcwjX3ScF4jwQP_koQvnG_-hWrIYwwn4RhXMGs	!kmbTYjjsDRDHGgVqUP:localhost	{"historical":false}	{"auth_events":["$BYyVCPyJh9PVJBsxDwm9NakGY19DlCJJ1GlCcYpTv8w","$G_m59AjH2Y1FX4D11JDsmEETfHGAWoknTIdv-_XYW2o","$mBmRyyvP_Jc-LDi7_hiGD9QTu5XGVXqNMxZM4yDMQPU","$666ybhBdzZc96KCxYMslNrmlLRi8w6uUusi8J4BUVNM"],"prev_events":["$2KF1FxA50OygX8tA7bnhmld7ePb4eIDsQaPB5ssgUSc"],"type":"m.room.member","room_id":"!kmbTYjjsDRDHGgVqUP:localhost","sender":"@matterbot:localhost","content":{"membership":"invite","displayname":"MattermostUser A [mm]"},"depth":12,"prev_state":[],"state_key":"@mm_mattermost_a:localhost","origin":"localhost","origin_server_ts":1672856704946,"hashes":{"sha256":"eD76uDQosICdhPs2wl/cm4ewwIzV6V/DgCy1W9kzPP4"},"signatures":{"localhost":{"ed25519:a_CHdg":"1oRyOWBYNyQW4oPVMjg+/SnvPS6dgdHEkXA+na33kRUjIxi16IF+8Y7KNRGMnbMzW18WRDmu5L7sK2cemPCuBA"}},"unsigned":{"age_ts":1672856704946,"invite_room_state":[{"type":"m.room.canonical_alias","state_key":"","content":{"alias":"#town-square:localhost"},"sender":"@admin:localhost"},{"type":"m.room.create","state_key":"","content":{"room_version":"5","creator":"@admin:localhost"},"sender":"@admin:localhost"},{"type":"m.room.join_rules","state_key":"","content":{"join_rule":"public"},"sender":"@admin:localhost"},{"type":"m.room.member","state_key":"@matterbot:localhost","content":{"membership":"join","displayname":"Mattermost Bridge"},"sender":"@matterbot:localhost"}]}}	3
$t5n7gGV4l0pVzkJq8YJdQm4IFq3hTrEHABs9QiejsEA	!kmbTYjjsDRDHGgVqUP:localhost	{"historical":false}	{"auth_events":["$G_m59AjH2Y1FX4D11JDsmEETfHGAWoknTIdv-_XYW2o","$mBmRyyvP_Jc-LDi7_hiGD9QTu5XGVXqNMxZM4yDMQPU","$2KF1FxA50OygX8tA7bnhmld7ePb4eIDsQaPB5ssgUSc","$BYyVCPyJh9PVJBsxDwm9NakGY19DlCJJ1GlCcYpTv8w"],"prev_events":["$5zlbkFcwjX3ScF4jwQP_koQvnG_-hWrIYwwn4RhXMGs"],"type":"m.room.member","room_id":"!kmbTYjjsDRDHGgVqUP:localhost","sender":"@mm_mattermost_b:localhost","content":{"membership":"join","displayname":"mattermost_b [mm]"},"depth":13,"prev_state":[],"state_key":"@mm_mattermost_b:localhost","origin":"localhost","origin_server_ts":1672856705294,"hashes":{"sha256":"k+YJ5gaPKjJYMz+wFrQSadKOn233UCIy42qFMhLAQ7M"},"signatures":{"localhost":{"ed25519:a_CHdg":"boiMJwSIXF+mIYlw9/H6Nc9CDEXMhcBTAridor+VEzsWSwU166Ya1qtsREJwWYkcEAAEFM7ZkA1PrGXT+71/Ag"}},"unsigned":{"age_ts":1672856705294,"replaces_state":"$2KF1FxA50OygX8tA7bnhmld7ePb4eIDsQaPB5ssgUSc"}}	3
$CPrx1EOiKU0xFQBY1-CbMIp4Nx64vw33awql9URc-is	!dKcbdDATuwwphjRPQP:localhost	{"historical":false}	{"auth_events":["$g-ojtwk6OBH0sIWVdUrIlKfcesmKRj0kfU5E9ZjKlug","$Rczn5GeJ1aYMBU_oXSIF8ppVk8WEruaYIBA3FE7Yq88","$hEtlt0NU16h0ix9xBX0MDJR0g54ATEZ4S96udYzYBqs","$P98vptI_jrNYKKnTTDYouThgohgHqJkD5Rcj0gDgxII"],"prev_events":["$PSZPiF2_GHeawUZsuFzgg_JuCtoOyaf_11-uLulGF0c"],"type":"m.room.member","room_id":"!dKcbdDATuwwphjRPQP:localhost","sender":"@mm_mattermost_a:localhost","content":{"membership":"join","displayname":"MattermostUser A [mm]"},"depth":14,"prev_state":[],"state_key":"@mm_mattermost_a:localhost","origin":"localhost","origin_server_ts":1672856705313,"hashes":{"sha256":"ik18kB11YX5jAC3FW+eCSHvZ4I6iuapAZwp3jLQYJaw"},"signatures":{"localhost":{"ed25519:a_CHdg":"g98oRLKE9G+bsOaFh4kulCxg3b4c7yIu2CLp+joOwZpafdNlX32csNzWOn3wvLShoYF3AWn/cIxaFABC0q6rBA"}},"unsigned":{"age_ts":1672856705313,"replaces_state":"$g-ojtwk6OBH0sIWVdUrIlKfcesmKRj0kfU5E9ZjKlug"}}	3
$FiPh76BhP5tT1Hors997MJgDvrehT02uvfmqsY25ilk	!kmbTYjjsDRDHGgVqUP:localhost	{"historical":false}	{"auth_events":["$5zlbkFcwjX3ScF4jwQP_koQvnG_-hWrIYwwn4RhXMGs","$mBmRyyvP_Jc-LDi7_hiGD9QTu5XGVXqNMxZM4yDMQPU","$G_m59AjH2Y1FX4D11JDsmEETfHGAWoknTIdv-_XYW2o","$BYyVCPyJh9PVJBsxDwm9NakGY19DlCJJ1GlCcYpTv8w"],"prev_events":["$t5n7gGV4l0pVzkJq8YJdQm4IFq3hTrEHABs9QiejsEA"],"type":"m.room.member","room_id":"!kmbTYjjsDRDHGgVqUP:localhost","sender":"@mm_mattermost_a:localhost","content":{"membership":"join","displayname":"MattermostUser A [mm]"},"depth":14,"prev_state":[],"state_key":"@mm_mattermost_a:localhost","origin":"localhost","origin_server_ts":1672856705533,"hashes":{"sha256":"N45WT3RGOI7iqlKTnP+OuK3a6Ue0f6M1/CwirC7Z5gI"},"signatures":{"localhost":{"ed25519:a_CHdg":"9BcSxsAN4pTq0/DY2H/A6k2fUhsa3LAEX2LKAVjArh6/NkBQnErIDfNRIRzAy4NDsDpLq5TMVF4KlyCUCX7dBg"}},"unsigned":{"age_ts":1672856705533,"replaces_state":"$5zlbkFcwjX3ScF4jwQP_koQvnG_-hWrIYwwn4RhXMGs"}}	3
$QM2BSnrrZmMuXPjs3AMnJ7zVsHHdXmGmCFPjoGqBlaQ	!dKcbdDATuwwphjRPQP:localhost	{"txn_id":"m1672856707033.2","historical":false}	{"auth_events":["$CPrx1EOiKU0xFQBY1-CbMIp4Nx64vw33awql9URc-is","$Rczn5GeJ1aYMBU_oXSIF8ppVk8WEruaYIBA3FE7Yq88","$P98vptI_jrNYKKnTTDYouThgohgHqJkD5Rcj0gDgxII"],"prev_events":["$CPrx1EOiKU0xFQBY1-CbMIp4Nx64vw33awql9URc-is"],"type":"m.room.message","room_id":"!dKcbdDATuwwphjRPQP:localhost","sender":"@mm_mattermost_a:localhost","content":{"msgtype":"m.emote","body":"hi me"},"depth":15,"prev_state":[],"origin":"localhost","origin_server_ts":1672856707072,"hashes":{"sha256":"u2QsuqdmJH2Pm0CDxUlR3zgIeV2PUVKiBQrLNYDCZSU"},"signatures":{"localhost":{"ed25519:a_CHdg":"9sNVg4Et1ZmfCktOKRsGTY4ttd6ZbD/2uZkvPdSQkgrUSmgyW74ku/Dck9sxS0E00fLKGaGJQMMoeL0uX8RpBw"}},"unsigned":{"age_ts":1672856707072}}	3
$_OchgUntbLcDcJV42YEeAhH2t22AW-wlAxjRPO0SYfU	!kmbTYjjsDRDHGgVqUP:localhost	{"token_id":3,"txn_id":"m1672856707257.0","historical":false}	{"auth_events":["$N33GyONpuSa3zRNJk1CtLYdhqJbhXBwSpAlUUm-zmB8","$mBmRyyvP_Jc-LDi7_hiGD9QTu5XGVXqNMxZM4yDMQPU","$BYyVCPyJh9PVJBsxDwm9NakGY19DlCJJ1GlCcYpTv8w"],"prev_events":["$hr9BoL0M0CcPevs38ww5_bA24p8HFiP4e9dlGuPrGWs"],"type":"m.room.message","room_id":"!kmbTYjjsDRDHGgVqUP:localhost","sender":"@matrix_a:localhost","content":{"msgtype":"m.emote","body":"test"},"depth":19,"prev_state":[],"origin":"localhost","origin_server_ts":1672856707296,"hashes":{"sha256":"HWop79XOTOY0CEfu6IRL6Xif5uZqQFqx1dVpufQf9rE"},"signatures":{"localhost":{"ed25519:a_CHdg":"EPkRIX1TO+t3qh0DIna7SAoeYvnIUZY+qtY76hvdsdStI0wNiywTshaRPTGoCW9U7laUVOH2A0jf2r9zoNpaAg"}},"unsigned":{"age_ts":1672856707296}}	3
$xRdCRWLb62a-YRgcfBkJSxc7lUVFkdZnQfSIvcKWw88	!dKcbdDATuwwphjRPQP:localhost	{"token_id":3,"txn_id":"m1672856708195.0","historical":false}	{"auth_events":["$wd-zBsOV9K_8HbhPARZ91kf5cfZwLKRi7yBBGGNUAb0","$Rczn5GeJ1aYMBU_oXSIF8ppVk8WEruaYIBA3FE7Yq88","$P98vptI_jrNYKKnTTDYouThgohgHqJkD5Rcj0gDgxII"],"prev_events":["$G1fvwCN2g1XjFzNmxLnkU_pe19oYNSqJMKqzj8kfXCk"],"type":"m.room.message","room_id":"!dKcbdDATuwwphjRPQP:localhost","sender":"@matrix_a:localhost","content":{"msgtype":"m.text","body":"hidden message"},"depth":18,"prev_state":[],"origin":"localhost","origin_server_ts":1672856708238,"hashes":{"sha256":"ic058PvxeyVVIpikSXkNalLX7PP8Xs/IUdiWAfdQBrc"},"signatures":{"localhost":{"ed25519:a_CHdg":"Zc4b5TOyvOb6y4pNzkJ7giYQh/7ugC/Uo53XeedFevFy9DN2Je7LxoTzv84iw90ph7nkBeuCKKTMWeqyLjdJCQ"}},"unsigned":{"age_ts":1672856708238}}	3
$jD0GZ5JDGHZiN5kp0llsZ-TSj7JcaRn8CDsEQiyeJ3w	!kmbTYjjsDRDHGgVqUP:localhost	{"token_id":3,"txn_id":"m1672856706219.0","historical":false}	{"auth_events":["$N33GyONpuSa3zRNJk1CtLYdhqJbhXBwSpAlUUm-zmB8","$mBmRyyvP_Jc-LDi7_hiGD9QTu5XGVXqNMxZM4yDMQPU","$BYyVCPyJh9PVJBsxDwm9NakGY19DlCJJ1GlCcYpTv8w"],"prev_events":["$cVpm7JtI2FA6jT91bWn5avhRlFg_CpMA5HRanoYhkJs"],"type":"m.room.message","room_id":"!kmbTYjjsDRDHGgVqUP:localhost","sender":"@matrix_a:localhost","content":{"msgtype":"m.text","body":"test2"},"depth":16,"prev_state":[],"origin":"localhost","origin_server_ts":1672856706271,"hashes":{"sha256":"WiwXfgAHJNb+xKCj8FGdLzd04JKKT0icyZl3EORIg5M"},"signatures":{"localhost":{"ed25519:a_CHdg":"fG20xDFWmoixTjpiv9t7bjR8e+ASc+5PBvBTh17ynxtuCDgpS8ESYC2+hR5QSRJH4nFPIuUZddQt6979kZZKAg"}},"unsigned":{"age_ts":1672856706271}}	3
$1-1XawRJVm29pQHrbkTGcQ-bYWMPoyyXEnV9D0NRRF8	!kmbTYjjsDRDHGgVqUP:localhost	{"txn_id":"m1672856706497.1","historical":false}	{"auth_events":["$FiPh76BhP5tT1Hors997MJgDvrehT02uvfmqsY25ilk","$mBmRyyvP_Jc-LDi7_hiGD9QTu5XGVXqNMxZM4yDMQPU","$BYyVCPyJh9PVJBsxDwm9NakGY19DlCJJ1GlCcYpTv8w"],"prev_events":["$jD0GZ5JDGHZiN5kp0llsZ-TSj7JcaRn8CDsEQiyeJ3w"],"type":"m.room.message","room_id":"!kmbTYjjsDRDHGgVqUP:localhost","sender":"@mm_mattermost_a:localhost","content":{"msgtype":"m.text","body":"# Header\\n\\n**bold**","format":"org.matrix.custom.html","formatted_body":"<h1>Header</h1><strong>bold</strong>"},"depth":17,"prev_state":[],"origin":"localhost","origin_server_ts":1672856706565,"hashes":{"sha256":"zwBs31mBttUnk6uBPXIqtWfyz48rO/k+Zghjqgz04J4"},"signatures":{"localhost":{"ed25519:a_CHdg":"OswdnJBLmrlWwyn7h9SPbHwpzO/XBjyHAwyoFuDZWU5ybhEOi1dEVWm+fA5APH0g/SaHrAlhzeM8Kg3ON39eAA"}},"unsigned":{"age_ts":1672856706565}}	3
$hr9BoL0M0CcPevs38ww5_bA24p8HFiP4e9dlGuPrGWs	!kmbTYjjsDRDHGgVqUP:localhost	{"token_id":4,"txn_id":"m1672856706759.0","historical":false}	{"auth_events":["$llCtN-sfVC1IOdDQXgskgx4jl97hQHfKnEH-IP-lyvk","$mBmRyyvP_Jc-LDi7_hiGD9QTu5XGVXqNMxZM4yDMQPU","$BYyVCPyJh9PVJBsxDwm9NakGY19DlCJJ1GlCcYpTv8w"],"prev_events":["$1-1XawRJVm29pQHrbkTGcQ-bYWMPoyyXEnV9D0NRRF8"],"type":"m.room.message","room_id":"!kmbTYjjsDRDHGgVqUP:localhost","sender":"@matrix_b:localhost","content":{"msgtype":"m.text","body":"random wrong message","format":"org.matrix.custom.html","formatted_body":"<h1>Header</h1><b>Bolded text</b>"},"depth":18,"prev_state":[],"origin":"localhost","origin_server_ts":1672856706805,"hashes":{"sha256":"TIP/NFqNrA/gECaigSf3sV8MHp3w65YhRrjC9BP0/5o"},"signatures":{"localhost":{"ed25519:a_CHdg":"51fS6cZJ3DVMnLsLqrBuPkebN0A4Wrcz4MHuv16HV4POPwa3D0IAxAwFxx+J+K2y6mhNxfDcOJre7gtU5bp6DA"}},"unsigned":{"age_ts":1672856706805}}	3
$Z5cKxfveccJ3nnCMqKA-jwkRw9hbVrCMv6R68J8oPVg	!dKcbdDATuwwphjRPQP:localhost	{"txn_id":"m1672856707534.0","historical":false}	{"auth_events":["$Rczn5GeJ1aYMBU_oXSIF8ppVk8WEruaYIBA3FE7Yq88","$PSZPiF2_GHeawUZsuFzgg_JuCtoOyaf_11-uLulGF0c","$P98vptI_jrNYKKnTTDYouThgohgHqJkD5Rcj0gDgxII"],"prev_events":["$QM2BSnrrZmMuXPjs3AMnJ7zVsHHdXmGmCFPjoGqBlaQ"],"type":"m.room.message","room_id":"!dKcbdDATuwwphjRPQP:localhost","sender":"@mm_mattermost_b:localhost","content":{"msgtype":"m.text","body":"filename"},"depth":16,"prev_state":[],"origin":"localhost","origin_server_ts":1672856707574,"hashes":{"sha256":"XzjnascxcOisdZvK9HILaisShW7MUYaSehy/VW3VazM"},"signatures":{"localhost":{"ed25519:a_CHdg":"FOOZPqr8pCXxwBnYPTcNYiAKeKIB0OvZ2+ZwLaqCQumMqraOwDb1SiMXohKv5DDOfZIkJ7W/iC3nTvH2zZvICQ"}},"unsigned":{"age_ts":1672856707574}}	3
$G1fvwCN2g1XjFzNmxLnkU_pe19oYNSqJMKqzj8kfXCk	!dKcbdDATuwwphjRPQP:localhost	{"txn_id":"m1672856707691.1","historical":false}	{"auth_events":["$Rczn5GeJ1aYMBU_oXSIF8ppVk8WEruaYIBA3FE7Yq88","$PSZPiF2_GHeawUZsuFzgg_JuCtoOyaf_11-uLulGF0c","$P98vptI_jrNYKKnTTDYouThgohgHqJkD5Rcj0gDgxII"],"prev_events":["$Z5cKxfveccJ3nnCMqKA-jwkRw9hbVrCMv6R68J8oPVg"],"type":"m.room.message","room_id":"!dKcbdDATuwwphjRPQP:localhost","sender":"@mm_mattermost_b:localhost","content":{"msgtype":"m.file","body":"filename","url":"mxc://localhost/fndsNAAjXPUHvtbKurhIoDum","info":{"mimetype":"","size":11}},"depth":17,"prev_state":[],"origin":"localhost","origin_server_ts":1672856707732,"hashes":{"sha256":"pOdSpZCLq/gwKKygtFcuHyrVBmkvm3qGbk8k1zj0nH0"},"signatures":{"localhost":{"ed25519:a_CHdg":"WUBOfNXA0TIV5k0dstIzggAFsp+ozG0raqHv3AnVOy2RaXxGMW9GCeUjXFdtxmUp4fNgqPQmvH3rePWKid8nBQ"}},"unsigned":{"age_ts":1672856707732}}	3
$Jt6sBZkF1u2z9OovN4zzqiZfS0rQPS2vVpynSjt9ypI	!kmbTYjjsDRDHGgVqUP:localhost	{"token_id":3,"txn_id":"m1672856707957.0","historical":false}	{"auth_events":["$N33GyONpuSa3zRNJk1CtLYdhqJbhXBwSpAlUUm-zmB8","$mBmRyyvP_Jc-LDi7_hiGD9QTu5XGVXqNMxZM4yDMQPU","$BYyVCPyJh9PVJBsxDwm9NakGY19DlCJJ1GlCcYpTv8w"],"prev_events":["$_OchgUntbLcDcJV42YEeAhH2t22AW-wlAxjRPO0SYfU"],"type":"m.room.message","room_id":"!kmbTYjjsDRDHGgVqUP:localhost","sender":"@matrix_a:localhost","content":{"msgtype":"m.file","body":"mydata","url":"mxc://localhost/uVWXteoIJOgvlXENjBgBOUcc","info":{"mimetype":"text/plain"}},"depth":20,"prev_state":[],"origin":"localhost","origin_server_ts":1672856707997,"hashes":{"sha256":"CoKaGs/tOT/54EU6PuKxxHAnfLf3PNnIE+DzhDusCcM"},"signatures":{"localhost":{"ed25519:a_CHdg":"UfYzOfA2HYiI21VzS4bTh9eTagwn2L/wf2jbC0mhcFBA68f1j89B9JcUn4EzlaM96DLMxFPB9tyhukeq9yQAAQ"}},"unsigned":{"age_ts":1672856707997}}	3
$kHkn3X5sgQZbnc7m1GNs3FoN729sUsLsqASYxvh3Jb8	!kmbTYjjsDRDHGgVqUP:localhost	{"token_id":11,"historical":false}	{"auth_events":["$mBmRyyvP_Jc-LDi7_hiGD9QTu5XGVXqNMxZM4yDMQPU","$BYyVCPyJh9PVJBsxDwm9NakGY19DlCJJ1GlCcYpTv8w","$G_m59AjH2Y1FX4D11JDsmEETfHGAWoknTIdv-_XYW2o"],"prev_events":["$Jt6sBZkF1u2z9OovN4zzqiZfS0rQPS2vVpynSjt9ypI"],"type":"m.room.member","room_id":"!kmbTYjjsDRDHGgVqUP:localhost","sender":"@user1:localhost","content":{"membership":"join","displayname":"User 1"},"depth":21,"prev_state":[],"state_key":"@user1:localhost","origin":"localhost","origin_server_ts":1672918494139,"hashes":{"sha256":"VJ9KoASvERbwI3F9r4aUDElMVg/+Uw1x3panoh5xFFQ"},"signatures":{"localhost":{"ed25519:a_CHdg":"jwQKbHrzeWqJcwZOwN6OBwoD8POzdKt8Z5kEOYcCuCLQav/sfnhieFXKBrBVKZ6CnN+tNjVEZRns6r3Fj+jZAA"}},"unsigned":{"age_ts":1672918494139}}	3
$cl-cBWQqCEUtQdjEqlQcE0PD7MCeX1R25oC5CKqb7oE	!dKcbdDATuwwphjRPQP:localhost	{"token_id":11,"historical":false}	{"auth_events":["$Rczn5GeJ1aYMBU_oXSIF8ppVk8WEruaYIBA3FE7Yq88","$P98vptI_jrNYKKnTTDYouThgohgHqJkD5Rcj0gDgxII","$hEtlt0NU16h0ix9xBX0MDJR0g54ATEZ4S96udYzYBqs"],"prev_events":["$xRdCRWLb62a-YRgcfBkJSxc7lUVFkdZnQfSIvcKWw88"],"type":"m.room.member","room_id":"!dKcbdDATuwwphjRPQP:localhost","sender":"@user1:localhost","content":{"membership":"join","displayname":"User 1"},"depth":19,"prev_state":[],"state_key":"@user1:localhost","origin":"localhost","origin_server_ts":1672918508427,"hashes":{"sha256":"wqN5F/BXSzPY9qS5OIBFvcz/MSqUsna/dqa28PIf+zw"},"signatures":{"localhost":{"ed25519:a_CHdg":"6F8Jmyl+FyF7UhX9fBjCreSoTD+CohjFEccu1WaHKB88rgyeAAj6DgTQjYcpqMhJlPZ8TgjFAvgT4KvTK96VAA"}},"unsigned":{"age_ts":1672918508427}}	3
$8a8OTFPqvfsx2aHJeu9IBu-xR3Gn7rdv9l_HZtPKkFg	!dKcbdDATuwwphjRPQP:localhost	{"token_id":2,"txn_id":"1672920683","historical":false}	{"auth_events":["$Rczn5GeJ1aYMBU_oXSIF8ppVk8WEruaYIBA3FE7Yq88","$P98vptI_jrNYKKnTTDYouThgohgHqJkD5Rcj0gDgxII","$PeAJ6BypXjJegHiUjcYe-I6Cf4NuCPICi_yUb-fyauA"],"prev_events":["$cl-cBWQqCEUtQdjEqlQcE0PD7MCeX1R25oC5CKqb7oE"],"type":"m.room.message","room_id":"!dKcbdDATuwwphjRPQP:localhost","sender":"@admin:localhost","content":{"body":"My text","msgtype":"m.text"},"depth":20,"prev_state":[],"origin":"localhost","origin_server_ts":1672920683485,"hashes":{"sha256":"EAXdSYKMjM6wLQTHQWxPBsEMPbnS49Y1H0bqnXmeqXA"},"signatures":{"localhost":{"ed25519:a_CHdg":"ud5yW+/OefODbUcT8iKlzA3LB0ysbUvsje5YKSeUnLHqiNKf4TAhJwaz5+6ZOgHO4ZwHtWASQFozRscYju4nBQ"}},"unsigned":{"age_ts":1672920683485}}	3
$BWMrEpKFpKKbBz5Ox9zTP3TvT5zyh6w3zhpl-epXhkk	!kmbTYjjsDRDHGgVqUP:localhost	{"token_id":2,"txn_id":"1672920817","historical":false}	{"auth_events":["$mBmRyyvP_Jc-LDi7_hiGD9QTu5XGVXqNMxZM4yDMQPU","$BYyVCPyJh9PVJBsxDwm9NakGY19DlCJJ1GlCcYpTv8w","$_oKaaOfL7rFtPsAsxDmHrCY9sAzFjslRwkJ_QHxHDTw"],"prev_events":["$kHkn3X5sgQZbnc7m1GNs3FoN729sUsLsqASYxvh3Jb8"],"type":"m.room.message","room_id":"!kmbTYjjsDRDHGgVqUP:localhost","sender":"@admin:localhost","content":{"body":"My text","msgtype":"m.text"},"depth":22,"prev_state":[],"origin":"localhost","origin_server_ts":1672920816788,"hashes":{"sha256":"x4sO4BLkKa7nGynS8gRg+04wuLwVtlfVHwa3Ax4FLbw"},"signatures":{"localhost":{"ed25519:a_CHdg":"JFp9CoawnCQZneO3OM75BKQt9zFIr/yInJlZmnRdnd/qpLHGxj1E1tFu0MYkeCQG3lYZYf5o3ZiwJuxmnF2CDQ"}},"unsigned":{"age_ts":1672920816788}}	3
$r3Ho1IsdJmJB13pD9yX-Jkg_a5s28kBCqoNZ5EPWwqM	!kmbTYjjsDRDHGgVqUP:localhost	{"token_id":4,"txn_id":"1672921550668","historical":false}	{"auth_events":["$mBmRyyvP_Jc-LDi7_hiGD9QTu5XGVXqNMxZM4yDMQPU","$llCtN-sfVC1IOdDQXgskgx4jl97hQHfKnEH-IP-lyvk","$BYyVCPyJh9PVJBsxDwm9NakGY19DlCJJ1GlCcYpTv8w"],"prev_events":["$BWMrEpKFpKKbBz5Ox9zTP3TvT5zyh6w3zhpl-epXhkk"],"type":"m.room.message","room_id":"!kmbTYjjsDRDHGgVqUP:localhost","sender":"@matrix_b:localhost","content":{"body":"My Text","msgtype":"m.text"},"depth":23,"prev_state":[],"origin":"localhost","origin_server_ts":1672921550713,"hashes":{"sha256":"ImKbJpqhhImN1IFLRCIidezKZbjV8X/WRA+751jEV8I"},"signatures":{"localhost":{"ed25519:a_CHdg":"vqtNrws4z1hE4NM+MJnwS1xjglzODHS8yeo0Ryvt8pEOKrYOtveCNQ5CPTyYrz0HKOMAz2FpNAPDg+uqvmCODg"}},"unsigned":{"age_ts":1672921550713}}	3
$fQ28BQv7GUBcg_Ok7MCh8uTcQLoT2Tkr2BegUMhst1M	!kmbTYjjsDRDHGgVqUP:localhost	{"token_id":4,"txn_id":"1672921603086","historical":false}	{"auth_events":["$mBmRyyvP_Jc-LDi7_hiGD9QTu5XGVXqNMxZM4yDMQPU","$llCtN-sfVC1IOdDQXgskgx4jl97hQHfKnEH-IP-lyvk","$BYyVCPyJh9PVJBsxDwm9NakGY19DlCJJ1GlCcYpTv8w"],"prev_events":["$r3Ho1IsdJmJB13pD9yX-Jkg_a5s28kBCqoNZ5EPWwqM"],"type":"m.room.message","room_id":"!kmbTYjjsDRDHGgVqUP:localhost","sender":"@matrix_b:localhost","content":{"body":"I'll copy the solid state DRAM transmitter, that should capacitor the USB pixel!","msgtype":"m.text"},"depth":24,"prev_state":[],"origin":"localhost","origin_server_ts":1672921603138,"hashes":{"sha256":"Cu3PzUy4HM+3l9yrnIjmsaqlzn1CShyFKwJtWDNyTpg"},"signatures":{"localhost":{"ed25519:a_CHdg":"yWV/pejCEtbJTCBZpRI1aI7tdm433/w7cMJYn9cUXgekujnoEzoXHX+7w6/NtCwlfjAfgsNSkRe2FAB7p4RnAw"}},"unsigned":{"age_ts":1672921603138}}	3
$n6TBNMF739-W93vnPpWYiJ_zTj-UGsx8mCtkFUsmkrY	!dKcbdDATuwwphjRPQP:localhost	{"historical":false}	{"auth_events":["$Rczn5GeJ1aYMBU_oXSIF8ppVk8WEruaYIBA3FE7Yq88","$P98vptI_jrNYKKnTTDYouThgohgHqJkD5Rcj0gDgxII","$hEtlt0NU16h0ix9xBX0MDJR0g54ATEZ4S96udYzYBqs","$TOzcyxIV2S5U6CP15QCldRMJRaDz1Yaik15PorvZYGc"],"prev_events":["$TOzcyxIV2S5U6CP15QCldRMJRaDz1Yaik15PorvZYGc"],"type":"m.room.member","room_id":"!dKcbdDATuwwphjRPQP:localhost","sender":"@mm_user1:localhost","content":{"membership":"join","displayname":"user1 [mm]"},"depth":22,"prev_state":[],"state_key":"@mm_user1:localhost","origin":"localhost","origin_server_ts":1672922249928,"hashes":{"sha256":"P4zYInipysNjupSphKZP+repv7suvoIpIHTa0c5l/Yw"},"signatures":{"localhost":{"ed25519:a_CHdg":"y0EYiCgbBwQbPrcSEGeqmpxCJazO0YcIphttu6wYl3VvF6lIe57FzKTEPLAokOz9ceMjvXM2o542tbGlYAjfAQ"}},"unsigned":{"age_ts":1672922249928,"replaces_state":"$TOzcyxIV2S5U6CP15QCldRMJRaDz1Yaik15PorvZYGc"}}	3
$S7qfuHyVNKlnX8WQb78EyVSR_7_dnmagLA8asozsQtE	!kmbTYjjsDRDHGgVqUP:localhost	{"historical":false}	{"auth_events":["$666ybhBdzZc96KCxYMslNrmlLRi8w6uUusi8J4BUVNM","$G_m59AjH2Y1FX4D11JDsmEETfHGAWoknTIdv-_XYW2o","$BYyVCPyJh9PVJBsxDwm9NakGY19DlCJJ1GlCcYpTv8w","$mBmRyyvP_Jc-LDi7_hiGD9QTu5XGVXqNMxZM4yDMQPU"],"prev_events":["$fQ28BQv7GUBcg_Ok7MCh8uTcQLoT2Tkr2BegUMhst1M"],"type":"m.room.member","room_id":"!kmbTYjjsDRDHGgVqUP:localhost","sender":"@matterbot:localhost","content":{"membership":"invite","displayname":"user1 [mm]"},"depth":25,"prev_state":[],"state_key":"@mm_user1:localhost","origin":"localhost","origin_server_ts":1672922249364,"hashes":{"sha256":"lvMafb10jsetq8V7JBN43ObMf4mOqSbTecJYnSLym6w"},"signatures":{"localhost":{"ed25519:a_CHdg":"YqU0aSM9f4xdZTbGgTf0NR1gcNL0BTm5MFWBc1FowElMSmNQB+sAbMRxR8iXk5er+od19XmEWeFnOoWHgwPSBA"}},"unsigned":{"age_ts":1672922249364,"invite_room_state":[{"type":"m.room.canonical_alias","state_key":"","content":{"alias":"#town-square:localhost"},"sender":"@admin:localhost"},{"type":"m.room.create","state_key":"","content":{"room_version":"5","creator":"@admin:localhost"},"sender":"@admin:localhost"},{"type":"m.room.join_rules","state_key":"","content":{"join_rule":"public"},"sender":"@admin:localhost"},{"type":"m.room.member","state_key":"@matterbot:localhost","content":{"membership":"join","displayname":"Mattermost Bridge"},"sender":"@matterbot:localhost"}]}}	3
$TOzcyxIV2S5U6CP15QCldRMJRaDz1Yaik15PorvZYGc	!dKcbdDATuwwphjRPQP:localhost	{"historical":false}	{"auth_events":["$mGK5pQEzegKFhAPXc0TX7drNl2qyJL8ajxnJRmA3kN8","$hEtlt0NU16h0ix9xBX0MDJR0g54ATEZ4S96udYzYBqs","$P98vptI_jrNYKKnTTDYouThgohgHqJkD5Rcj0gDgxII","$Rczn5GeJ1aYMBU_oXSIF8ppVk8WEruaYIBA3FE7Yq88"],"prev_events":["$8a8OTFPqvfsx2aHJeu9IBu-xR3Gn7rdv9l_HZtPKkFg"],"type":"m.room.member","room_id":"!dKcbdDATuwwphjRPQP:localhost","sender":"@matterbot:localhost","content":{"membership":"invite","displayname":"user1 [mm]"},"depth":21,"prev_state":[],"state_key":"@mm_user1:localhost","origin":"localhost","origin_server_ts":1672922249479,"hashes":{"sha256":"IO3ui3pw9FdXgbTHpl71L4LdQOC68LVLmWdryXVD6X0"},"signatures":{"localhost":{"ed25519:a_CHdg":"rcGa5pW7vv7+6gwNTzaD5lyqFsquTkXiT59drmSDZjFC5vD9dbu5Q3w71usLVpPy+4Rpysf3aL1/VhxAEoeuCA"}},"unsigned":{"age_ts":1672922249479,"invite_room_state":[{"type":"m.room.canonical_alias","state_key":"","content":{"alias":"#off-topic:localhost"},"sender":"@admin:localhost"},{"type":"m.room.create","state_key":"","content":{"room_version":"5","creator":"@admin:localhost"},"sender":"@admin:localhost"},{"type":"m.room.join_rules","state_key":"","content":{"join_rule":"public"},"sender":"@admin:localhost"},{"type":"m.room.member","state_key":"@matterbot:localhost","content":{"membership":"join","displayname":"Mattermost Bridge"},"sender":"@matterbot:localhost"}]}}	3
$Sa-w9Co29Yd94wHfPbpfCOuSSlMlorQ7ssiGXYp8oh8	!kmbTYjjsDRDHGgVqUP:localhost	{"historical":false}	{"auth_events":["$mBmRyyvP_Jc-LDi7_hiGD9QTu5XGVXqNMxZM4yDMQPU","$BYyVCPyJh9PVJBsxDwm9NakGY19DlCJJ1GlCcYpTv8w","$G_m59AjH2Y1FX4D11JDsmEETfHGAWoknTIdv-_XYW2o","$S7qfuHyVNKlnX8WQb78EyVSR_7_dnmagLA8asozsQtE"],"prev_events":["$S7qfuHyVNKlnX8WQb78EyVSR_7_dnmagLA8asozsQtE"],"type":"m.room.member","room_id":"!kmbTYjjsDRDHGgVqUP:localhost","sender":"@mm_user1:localhost","content":{"membership":"join","displayname":"user1 [mm]"},"depth":26,"prev_state":[],"state_key":"@mm_user1:localhost","origin":"localhost","origin_server_ts":1672922249759,"hashes":{"sha256":"/jdZM3cEwbg6DEChR7SlTpVdQtkWnBIjIhmVmoATiEk"},"signatures":{"localhost":{"ed25519:a_CHdg":"XPM7q/5Knz3fgXGBwW9oOoOnJFTOFPBtNfAmFdkD545gFubxprzXjwYxX9XFB990a/3UXVPjE5ZMMe6rc1ghBA"}},"unsigned":{"age_ts":1672922249759,"replaces_state":"$S7qfuHyVNKlnX8WQb78EyVSR_7_dnmagLA8asozsQtE"}}	3
$5auMphtCZ9zvRqrhyXpY0s-cZZl2AbvkyGNRbm2h2zc	!kmbTYjjsDRDHGgVqUP:localhost	{"txn_id":"m1672922287732.0","historical":false}	{"auth_events":["$mBmRyyvP_Jc-LDi7_hiGD9QTu5XGVXqNMxZM4yDMQPU","$BYyVCPyJh9PVJBsxDwm9NakGY19DlCJJ1GlCcYpTv8w","$Sa-w9Co29Yd94wHfPbpfCOuSSlMlorQ7ssiGXYp8oh8"],"prev_events":["$Sa-w9Co29Yd94wHfPbpfCOuSSlMlorQ7ssiGXYp8oh8"],"type":"m.room.message","room_id":"!kmbTYjjsDRDHGgVqUP:localhost","sender":"@mm_user1:localhost","content":{"msgtype":"m.text","body":"Like this channel"},"depth":27,"prev_state":[],"origin":"localhost","origin_server_ts":1672922287761,"hashes":{"sha256":"uSJSsp3YW1gVLkxxCZEVz4QZuCxYaopbJwPY8MgamTE"},"signatures":{"localhost":{"ed25519:a_CHdg":"HzdDZVIlSDiRqZSFxZwZVYAqM/Nd0ymEmtjR5x53YtOrzrxTqy5GLIOJVYroW63aJN7WE+MUjwQKG9Ux23gdDw"}},"unsigned":{"age_ts":1672922287761}}	3
$Yb59onmhkHIpIJ_VnrP0V02pkFQEF1GwuJqZCNRTQeQ	!kmbTYjjsDRDHGgVqUP:localhost	{"token_id":4,"txn_id":"1672922412231","historical":false}	{"auth_events":["$mBmRyyvP_Jc-LDi7_hiGD9QTu5XGVXqNMxZM4yDMQPU","$llCtN-sfVC1IOdDQXgskgx4jl97hQHfKnEH-IP-lyvk","$BYyVCPyJh9PVJBsxDwm9NakGY19DlCJJ1GlCcYpTv8w"],"prev_events":["$5auMphtCZ9zvRqrhyXpY0s-cZZl2AbvkyGNRbm2h2zc"],"type":"m.room.message","room_id":"!kmbTYjjsDRDHGgVqUP:localhost","sender":"@matrix_b:localhost","content":{"body":"Use the digital THX hard drive, then you can parse the solid state alarm!","msgtype":"m.text"},"depth":28,"prev_state":[],"origin":"localhost","origin_server_ts":1672922412287,"hashes":{"sha256":"1a995mFuc2OYRb4F/kEoEfBlMZU2wVjAVxnEjzionuE"},"signatures":{"localhost":{"ed25519:a_CHdg":"i6CP1400RgF6aBSwuFFNmBVC9bw5l0Vs1MfqdtM+mah2mKtVtFXGCOWdrg9kYN9LY/hNI9mz1Xuf3J6c44Z/DA"}},"unsigned":{"age_ts":1672922412287}}	3
$j0CTOXXA4AtSOD0pk6kL2BNsa6j5w517GGfkTqmm9ZE	!kmbTYjjsDRDHGgVqUP:localhost	{"txn_id":"m1672922547553.1","historical":false}	{"auth_events":["$mBmRyyvP_Jc-LDi7_hiGD9QTu5XGVXqNMxZM4yDMQPU","$BYyVCPyJh9PVJBsxDwm9NakGY19DlCJJ1GlCcYpTv8w","$Sa-w9Co29Yd94wHfPbpfCOuSSlMlorQ7ssiGXYp8oh8"],"prev_events":["$Yb59onmhkHIpIJ_VnrP0V02pkFQEF1GwuJqZCNRTQeQ"],"type":"m.room.message","room_id":"!kmbTYjjsDRDHGgVqUP:localhost","sender":"@mm_user1:localhost","content":{"msgtype":"m.text","body":"Are you online User 1 ?","format":"org.matrix.custom.html","formatted_body":"Are you online <a href='https://matrix.to/#/@user1:localhost'>User 1</a> ?"},"depth":29,"prev_state":[],"origin":"localhost","origin_server_ts":1672922547588,"hashes":{"sha256":"55C77g7UQ1YGE1SRmB9r7wBpIphhmCovMQGhb/P4Jvs"},"signatures":{"localhost":{"ed25519:a_CHdg":"1BbsunImqgvrDouw/kPpJXKSbNGa//WDwLebTo/8lHnX71YvYfmJOgu5GmFCu1SE7FFMt9Z2VGawJbaD/E/oAg"}},"unsigned":{"age_ts":1672922547588}}	3
$YgrzVCWDDxVv-dvf3HhpLD0QlN4nD5-CXg0T-gEX6iI	!kmbTYjjsDRDHGgVqUP:localhost	{"token_id":11,"txn_id":"m1672922566753.0","historical":false}	{"auth_events":["$mBmRyyvP_Jc-LDi7_hiGD9QTu5XGVXqNMxZM4yDMQPU","$BYyVCPyJh9PVJBsxDwm9NakGY19DlCJJ1GlCcYpTv8w","$kHkn3X5sgQZbnc7m1GNs3FoN729sUsLsqASYxvh3Jb8"],"prev_events":["$j0CTOXXA4AtSOD0pk6kL2BNsa6j5w517GGfkTqmm9ZE"],"type":"m.reaction","room_id":"!kmbTYjjsDRDHGgVqUP:localhost","sender":"@user1:localhost","content":{"m.relates_to":{"rel_type":"m.annotation","event_id":"$j0CTOXXA4AtSOD0pk6kL2BNsa6j5w517GGfkTqmm9ZE","key":"\\ud83e\\udd29"}},"depth":30,"prev_state":[],"origin":"localhost","origin_server_ts":1672922566841,"hashes":{"sha256":"WEJXzwaafGnDk29PErCnidxuPVWErIrpPpgo53cUxtg"},"signatures":{"localhost":{"ed25519:a_CHdg":"9kajk4mdklAiXeuZVofdPg0xjle0oPPZn1w92WFAcLnuEXZ4vqjjT174PWZiip8GhnXLOJC9z8xw4zjgfFWjBw"}},"unsigned":{"age_ts":1672922566841}}	3
$IaI_j1zJZ04lmJmCzJfvnr48U2umqKYG1xogY-r9UNY	!kmbTYjjsDRDHGgVqUP:localhost	{"token_id":11,"txn_id":"m1672922600510.1","historical":false}	{"auth_events":["$mBmRyyvP_Jc-LDi7_hiGD9QTu5XGVXqNMxZM4yDMQPU","$BYyVCPyJh9PVJBsxDwm9NakGY19DlCJJ1GlCcYpTv8w","$kHkn3X5sgQZbnc7m1GNs3FoN729sUsLsqASYxvh3Jb8"],"prev_events":["$YgrzVCWDDxVv-dvf3HhpLD0QlN4nD5-CXg0T-gEX6iI"],"type":"m.room.message","room_id":"!kmbTYjjsDRDHGgVqUP:localhost","sender":"@user1:localhost","content":{"org.matrix.msc1767.text":"OK","body":"OK","msgtype":"m.text"},"depth":31,"prev_state":[],"origin":"localhost","origin_server_ts":1672922600605,"hashes":{"sha256":"ScGq08z4OGBiRDDrl+Ir61LjBWpeDYojjszsICaLl2E"},"signatures":{"localhost":{"ed25519:a_CHdg":"RyS4yrod+c4LRVnC6gfUmCTG4tiBmzaxe37LUAP0TmWqyz+jlwcCddRBV4FcCM9risx06Qqczx1jMyyv6rOZCQ"}},"unsigned":{"age_ts":1672922600605}}	3
$TbIhAYsmySe2O7IaMBarYDokr6-UmyH4IYI3SpbhI-Q	!dKcbdDATuwwphjRPQP:localhost	{"txn_id":"m1672922654468.2","historical":false}	{"auth_events":["$Rczn5GeJ1aYMBU_oXSIF8ppVk8WEruaYIBA3FE7Yq88","$P98vptI_jrNYKKnTTDYouThgohgHqJkD5Rcj0gDgxII","$n6TBNMF739-W93vnPpWYiJ_zTj-UGsx8mCtkFUsmkrY"],"prev_events":["$n6TBNMF739-W93vnPpWYiJ_zTj-UGsx8mCtkFUsmkrY"],"type":"m.room.message","room_id":"!dKcbdDATuwwphjRPQP:localhost","sender":"@mm_user1:localhost","content":{"msgtype":"m.text","body":"A program"},"depth":23,"prev_state":[],"origin":"localhost","origin_server_ts":1672922654500,"hashes":{"sha256":"DUbVsqi9njrQIEIrWYSQwmESUX2dkPbmeMshrcYra1s"},"signatures":{"localhost":{"ed25519:a_CHdg":"gXfIG0/co4DgNun1Rsm+thP30lW/Q1eiZ5BBwfHPwj11AAH6C07wfwl5W1kGU7gDa4o1nBgICcqkwo3iOX/mAw"}},"unsigned":{"age_ts":1672922654500}}	3
$YBt0yFQdKC_886W6aXe4LIv5A5BcBP7pXYeF8XLKhH0	!dKcbdDATuwwphjRPQP:localhost	{"txn_id":"m1672922655068.3","historical":false}	{"auth_events":["$Rczn5GeJ1aYMBU_oXSIF8ppVk8WEruaYIBA3FE7Yq88","$P98vptI_jrNYKKnTTDYouThgohgHqJkD5Rcj0gDgxII","$n6TBNMF739-W93vnPpWYiJ_zTj-UGsx8mCtkFUsmkrY"],"prev_events":["$TbIhAYsmySe2O7IaMBarYDokr6-UmyH4IYI3SpbhI-Q"],"type":"m.room.message","room_id":"!dKcbdDATuwwphjRPQP:localhost","sender":"@mm_user1:localhost","content":{"msgtype":"m.image","body":"Testing_in_VS_Code.png","url":"mxc://localhost/riXoaRqUQVaJbMHbhxJcKwHB","info":{"mimetype":"image/png","size":172914}},"depth":24,"prev_state":[],"origin":"localhost","origin_server_ts":1672922655109,"hashes":{"sha256":"oLCIF3PeaxZksNQeObEDLIQVwlbXPU38EzQw+dU+1nM"},"signatures":{"localhost":{"ed25519:a_CHdg":"8sHBxFEsCDLQXGqdKKr0Wx4bf0Zrzyb/HrO9e29fLdGJHpG3oVT1KFlHeJ9GUaTejNwyu2qEQrQ1JkADvEOnCA"}},"unsigned":{"age_ts":1672922655109}}	3
$-wkWlUVunP818RkFXsoACrEQ85-ybLTc-vWqiil50Vo	!dKcbdDATuwwphjRPQP:localhost	{"txn_id":"m1672923027733.0","historical":false}	{"auth_events":["$Rczn5GeJ1aYMBU_oXSIF8ppVk8WEruaYIBA3FE7Yq88","$CPrx1EOiKU0xFQBY1-CbMIp4Nx64vw33awql9URc-is","$P98vptI_jrNYKKnTTDYouThgohgHqJkD5Rcj0gDgxII"],"prev_events":["$YBt0yFQdKC_886W6aXe4LIv5A5BcBP7pXYeF8XLKhH0"],"type":"m.room.message","room_id":"!dKcbdDATuwwphjRPQP:localhost","sender":"@mm_mattermost_a:localhost","content":{"msgtype":"m.text","body":"Nice"},"depth":25,"prev_state":[],"origin":"localhost","origin_server_ts":1672923027781,"hashes":{"sha256":"GLUpVwO2HmluqFgEMW9jVQ6IRq3IS7cg5kDhT54JThY"},"signatures":{"localhost":{"ed25519:a_CHdg":"7oFwUUDaiDl+TfaVkp0FYg5DzvYEYZPlnJHKJIAAJ4vw6dqF0UZXdQWsIIMl2OsLwfM+a7W90LWIWV0SktVlAg"}},"unsigned":{"age_ts":1672923027781}}	3
$kQPpv66TuseXeTXJr41QlqLnJBWNpBA_zgzIaJMjpLc	!kmbTYjjsDRDHGgVqUP:localhost	{"token_id":4,"txn_id":"1672923221882","historical":false}	{"auth_events":["$mBmRyyvP_Jc-LDi7_hiGD9QTu5XGVXqNMxZM4yDMQPU","$llCtN-sfVC1IOdDQXgskgx4jl97hQHfKnEH-IP-lyvk","$BYyVCPyJh9PVJBsxDwm9NakGY19DlCJJ1GlCcYpTv8w"],"prev_events":["$IaI_j1zJZ04lmJmCzJfvnr48U2umqKYG1xogY-r9UNY"],"type":"m.room.message","room_id":"!kmbTYjjsDRDHGgVqUP:localhost","sender":"@matrix_b:localhost","content":{"body":"You can't hack the circuit without indexing the back-end IP bus!","msgtype":"m.text"},"depth":32,"prev_state":[],"origin":"localhost","origin_server_ts":1672923221916,"hashes":{"sha256":"IhDbHsE07WyR0U94GolwjLcAJXqCuBGJECmSjUbiIAU"},"signatures":{"localhost":{"ed25519:a_CHdg":"//rWkPKzzwr/9GCvUvhL9WaxSSsq3r4gVIzxWY5jPhVNgOhnniUyYx6gpnXUTEoV3X1++six+s3x3ZivhD/hCg"}},"unsigned":{"age_ts":1672923221916}}	3
$BG2gCT3tXMWdl5AO704CVjroaQJysHmLZMRN-QrTH8w	!dKcbdDATuwwphjRPQP:localhost	{"token_id":3,"txn_id":"m1673367066651.0","historical":false}	{"auth_events":["$P98vptI_jrNYKKnTTDYouThgohgHqJkD5Rcj0gDgxII","$Rczn5GeJ1aYMBU_oXSIF8ppVk8WEruaYIBA3FE7Yq88","$wd-zBsOV9K_8HbhPARZ91kf5cfZwLKRi7yBBGGNUAb0"],"prev_events":["$-wkWlUVunP818RkFXsoACrEQ85-ybLTc-vWqiil50Vo"],"type":"m.room.message","room_id":"!dKcbdDATuwwphjRPQP:localhost","sender":"@matrix_a:localhost","content":{"msgtype":"m.text","body":"hidden message"},"depth":26,"prev_state":[],"origin":"localhost","origin_server_ts":1673367066720,"hashes":{"sha256":"oZBi2hAN3OT+skg4c8/4fFMMgwCSZ3a4U6UaHw50oRU"},"signatures":{"localhost":{"ed25519:a_CHdg":"vhFkOkWw9RsMO6wy9b3jaTDboEt964kTrIgDU9RUeMZj+O7LJ75zSNpyQlOnZtJR32iLjGkRBCeHJSsAvdyJAw"}},"unsigned":{"age_ts":1673367066720}}	3
$AXNJvl1CFFkmeDr63y2IykCN_G-lJiDa4JHsOjaUj4Y	!dKcbdDATuwwphjRPQP:localhost	{"token_id":3,"txn_id":"m1673367091785.0","historical":false}	{"auth_events":["$P98vptI_jrNYKKnTTDYouThgohgHqJkD5Rcj0gDgxII","$Rczn5GeJ1aYMBU_oXSIF8ppVk8WEruaYIBA3FE7Yq88","$wd-zBsOV9K_8HbhPARZ91kf5cfZwLKRi7yBBGGNUAb0"],"prev_events":["$BG2gCT3tXMWdl5AO704CVjroaQJysHmLZMRN-QrTH8w"],"type":"m.room.message","room_id":"!dKcbdDATuwwphjRPQP:localhost","sender":"@matrix_a:localhost","content":{"msgtype":"m.text","body":"hidden message"},"depth":27,"prev_state":[],"origin":"localhost","origin_server_ts":1673367091822,"hashes":{"sha256":"VNfcNf2ylqSaWdPu6BnzgdV0ImyjP44PvRJMTVnhewU"},"signatures":{"localhost":{"ed25519:a_CHdg":"vTNM2d2BcX1ugdxagtl6e5IPKBmWGeAqESNxGelAi8qy3KkZBIXQTWDMqPXp4itBiEXa4IeADErWX+3vAricAg"}},"unsigned":{"age_ts":1673367091822}}	3
$9hK3JsOVrMiv0wKjw57rMkc6mne_XmZ0CRTz65g97ek	!dKcbdDATuwwphjRPQP:localhost	{"token_id":3,"txn_id":"m1673367607022.0","historical":false}	{"auth_events":["$P98vptI_jrNYKKnTTDYouThgohgHqJkD5Rcj0gDgxII","$Rczn5GeJ1aYMBU_oXSIF8ppVk8WEruaYIBA3FE7Yq88","$wd-zBsOV9K_8HbhPARZ91kf5cfZwLKRi7yBBGGNUAb0"],"prev_events":["$AXNJvl1CFFkmeDr63y2IykCN_G-lJiDa4JHsOjaUj4Y"],"type":"m.room.message","room_id":"!dKcbdDATuwwphjRPQP:localhost","sender":"@matrix_a:localhost","content":{"msgtype":"m.text","body":"hidden message"},"depth":28,"prev_state":[],"origin":"localhost","origin_server_ts":1673367607062,"hashes":{"sha256":"YgbLKsD/+7/e6NmYv+ljZIs7B+wXoRkr3/J7oe5IYfo"},"signatures":{"localhost":{"ed25519:a_CHdg":"lPUMJkYIYaAJjynzS56w74NNuqo0+0ZsxJBSDuWIYlvAtg3nu4oSnU883swtlVG86Dy6VDICqNmygvQGo+M4Bw"}},"unsigned":{"age_ts":1673367607062}}	3
$uFBLsg4RZn3DtG5dqcZ8A11zEbkWHwPLjk_VQtaj0qM	!kmbTYjjsDRDHGgVqUP:localhost	{"txn_id":"m1673367804437.0","historical":false}	{"auth_events":["$BYyVCPyJh9PVJBsxDwm9NakGY19DlCJJ1GlCcYpTv8w","$FiPh76BhP5tT1Hors997MJgDvrehT02uvfmqsY25ilk","$mBmRyyvP_Jc-LDi7_hiGD9QTu5XGVXqNMxZM4yDMQPU"],"prev_events":["$kQPpv66TuseXeTXJr41QlqLnJBWNpBA_zgzIaJMjpLc"],"type":"m.room.message","room_id":"!kmbTYjjsDRDHGgVqUP:localhost","sender":"@mm_mattermost_a:localhost","content":{"msgtype":"m.text","body":"test"},"depth":33,"prev_state":[],"origin":"localhost","origin_server_ts":1673367804476,"hashes":{"sha256":"AYW1i5LkSUazhgQtHVYQ3l0OD6aGNTWZyGf546O21PA"},"signatures":{"localhost":{"ed25519:a_CHdg":"sojiL2uTZLxU7jJcOUVRDzallndpyyZHU9ASQGFFce955h4WiQk/qKJ/FZxZIOekrOdPuaZRFWREcAhH1faaAQ"}},"unsigned":{"age_ts":1673367804476}}	3
$wFcIkswyANl3CQZdt_hX9g9e2TeFjIzp9bWhcEbBiCI	!kmbTYjjsDRDHGgVqUP:localhost	{"txn_id":"m1673367882712.0","historical":false}	{"auth_events":["$BYyVCPyJh9PVJBsxDwm9NakGY19DlCJJ1GlCcYpTv8w","$FiPh76BhP5tT1Hors997MJgDvrehT02uvfmqsY25ilk","$mBmRyyvP_Jc-LDi7_hiGD9QTu5XGVXqNMxZM4yDMQPU"],"prev_events":["$uFBLsg4RZn3DtG5dqcZ8A11zEbkWHwPLjk_VQtaj0qM"],"type":"m.room.message","room_id":"!kmbTYjjsDRDHGgVqUP:localhost","sender":"@mm_mattermost_a:localhost","content":{"msgtype":"m.text","body":"test"},"depth":34,"prev_state":[],"origin":"localhost","origin_server_ts":1673367882756,"hashes":{"sha256":"80YREj07HIkFjkA8dnB+tZcsV0j3yI81h4NLN/zrP2U"},"signatures":{"localhost":{"ed25519:a_CHdg":"Q9wrxzE38EJz1KzSf92AqaeDMZM0U+buKzRmkm0IAwpFZ49x4lMU4ROganNEt13L013s7Ig725ylNkdN0/e1AA"}},"unsigned":{"age_ts":1673367882756}}	3
$Y_FmFbCe62ffJ-UyN7IA1IbcRgUsELxe9lGLmGbDg9o	!dKcbdDATuwwphjRPQP:localhost	{"token_id":3,"txn_id":"m1673367937034.0","historical":false}	{"auth_events":["$P98vptI_jrNYKKnTTDYouThgohgHqJkD5Rcj0gDgxII","$Rczn5GeJ1aYMBU_oXSIF8ppVk8WEruaYIBA3FE7Yq88","$wd-zBsOV9K_8HbhPARZ91kf5cfZwLKRi7yBBGGNUAb0"],"prev_events":["$9hK3JsOVrMiv0wKjw57rMkc6mne_XmZ0CRTz65g97ek"],"type":"m.room.message","room_id":"!dKcbdDATuwwphjRPQP:localhost","sender":"@matrix_a:localhost","content":{"msgtype":"m.text","body":"first matrix message"},"depth":29,"prev_state":[],"origin":"localhost","origin_server_ts":1673367937094,"hashes":{"sha256":"2ZxouxENidbqu6eCxTMvZuKkk3NACJbxbVyAmeBicBE"},"signatures":{"localhost":{"ed25519:a_CHdg":"KmhhDREPOorOce48X8gEKV9MD0U+gtUwyFoOtFyU9vrBfvuBPT2gsCewn+rf25eyKxMIOWqWLRk9sNIfqCzPDQ"}},"unsigned":{"age_ts":1673367937094}}	3
$CPoznAc0caDQuTVk0FlfLDWH79HumOVggLi7MDSYT5M	!dKcbdDATuwwphjRPQP:localhost	{"token_id":4,"txn_id":"m1673367937150.0","historical":false}	{"auth_events":["$P98vptI_jrNYKKnTTDYouThgohgHqJkD5Rcj0gDgxII","$Rczn5GeJ1aYMBU_oXSIF8ppVk8WEruaYIBA3FE7Yq88","$4ZLf-3JRJMLLADbzome2n_5rZNEeHEFIo3w1xN4KKu0"],"prev_events":["$Y_FmFbCe62ffJ-UyN7IA1IbcRgUsELxe9lGLmGbDg9o"],"type":"m.room.message","room_id":"!dKcbdDATuwwphjRPQP:localhost","sender":"@matrix_b:localhost","content":{"msgtype":"m.text","body":"> <@matrix_a> first matrix message\\n\\nsecond matrix message","format":"org.matrix.custom.html","formatted_body":"<mx-reply>Dummy content</mx-reply>second matrix message","m.relates_to":{"m.in_reply_to":{"event_id":"$Y_FmFbCe62ffJ-UyN7IA1IbcRgUsELxe9lGLmGbDg9o"}}},"depth":30,"prev_state":[],"origin":"localhost","origin_server_ts":1673367937228,"hashes":{"sha256":"Iu6MW/5LDh3hTr7cWaPcnWBV0BsBUXHGDeYt2+hWzEM"},"signatures":{"localhost":{"ed25519:a_CHdg":"lBBgeopIGmxSx8lrTNa1EEPPFUYcFSGVfl0Yh7rNFUa+lzxPDzlzPmnWd+UmfA9SOn81pyaeaJbRg6vVLINiDw"}},"unsigned":{"age_ts":1673367937228}}	3
$pWJdSD5NsfN2PI0YapF9GmJPDpHhbeH6m--Uc5qoX-A	!dKcbdDATuwwphjRPQP:localhost	{"token_id":3,"txn_id":"m1673367937285.1","historical":false}	{"auth_events":["$P98vptI_jrNYKKnTTDYouThgohgHqJkD5Rcj0gDgxII","$Rczn5GeJ1aYMBU_oXSIF8ppVk8WEruaYIBA3FE7Yq88","$wd-zBsOV9K_8HbhPARZ91kf5cfZwLKRi7yBBGGNUAb0"],"prev_events":["$CPoznAc0caDQuTVk0FlfLDWH79HumOVggLi7MDSYT5M"],"type":"m.room.message","room_id":"!dKcbdDATuwwphjRPQP:localhost","sender":"@matrix_a:localhost","content":{"msgtype":"m.text","body":"> <@matrix_b> > <@matrix_a>\\n\\nthird matrix message","format":"org.matrix.custom.html","formatted_body":"<mx-reply>Dummy content</mx-reply>third matrix message","m.relates_to":{"m.in_reply_to":{"event_id":"$CPoznAc0caDQuTVk0FlfLDWH79HumOVggLi7MDSYT5M"}}},"depth":31,"prev_state":[],"origin":"localhost","origin_server_ts":1673367937356,"hashes":{"sha256":"DorDy2oXIrZvECkpK7xWypbRigoulrc9Wx7I1rKjGLQ"},"signatures":{"localhost":{"ed25519:a_CHdg":"XMfcSNtFs7FTGxfVT/OPl3bNJ7eQVhi93rhoAwEjtQepBDTXm3NKl5S8fkOvo8uewlbUcN22PSup3NE/XwuBCg"}},"unsigned":{"age_ts":1673367937356}}	3
\.


--
-- Data for Name: event_labels; Type: TABLE DATA; Schema: public; Owner: synapse
--

COPY public.event_labels (event_id, label, room_id, topological_ordering) FROM stdin;
\.


--
-- Data for Name: event_push_actions; Type: TABLE DATA; Schema: public; Owner: synapse
--

COPY public.event_push_actions (room_id, event_id, user_id, profile_tag, actions, topological_ordering, stream_ordering, notif, highlight, unread) FROM stdin;
!kmbTYjjsDRDHGgVqUP:localhost	$cVpm7JtI2FA6jT91bWn5avhRlFg_CpMA5HRanoYhkJs	@matterbot:localhost	\N		15	30	1	0	1
!kmbTYjjsDRDHGgVqUP:localhost	$cVpm7JtI2FA6jT91bWn5avhRlFg_CpMA5HRanoYhkJs	@admin:localhost	\N		15	30	1	0	1
!kmbTYjjsDRDHGgVqUP:localhost	$cVpm7JtI2FA6jT91bWn5avhRlFg_CpMA5HRanoYhkJs	@matrix_b:localhost	\N		15	30	1	0	1
!kmbTYjjsDRDHGgVqUP:localhost	$cVpm7JtI2FA6jT91bWn5avhRlFg_CpMA5HRanoYhkJs	@matrix_a:localhost	\N		15	30	1	0	1
!kmbTYjjsDRDHGgVqUP:localhost	$cVpm7JtI2FA6jT91bWn5avhRlFg_CpMA5HRanoYhkJs	@ignored_user:localhost	\N		15	30	1	0	1
!kmbTYjjsDRDHGgVqUP:localhost	$jD0GZ5JDGHZiN5kp0llsZ-TSj7JcaRn8CDsEQiyeJ3w	@matterbot:localhost	\N		16	31	1	0	1
!kmbTYjjsDRDHGgVqUP:localhost	$jD0GZ5JDGHZiN5kp0llsZ-TSj7JcaRn8CDsEQiyeJ3w	@admin:localhost	\N		16	31	1	0	1
!kmbTYjjsDRDHGgVqUP:localhost	$jD0GZ5JDGHZiN5kp0llsZ-TSj7JcaRn8CDsEQiyeJ3w	@matrix_b:localhost	\N		16	31	1	0	1
!kmbTYjjsDRDHGgVqUP:localhost	$jD0GZ5JDGHZiN5kp0llsZ-TSj7JcaRn8CDsEQiyeJ3w	@ignored_user:localhost	\N		16	31	1	0	1
!kmbTYjjsDRDHGgVqUP:localhost	$1-1XawRJVm29pQHrbkTGcQ-bYWMPoyyXEnV9D0NRRF8	@matterbot:localhost	\N		17	32	1	0	1
!kmbTYjjsDRDHGgVqUP:localhost	$1-1XawRJVm29pQHrbkTGcQ-bYWMPoyyXEnV9D0NRRF8	@admin:localhost	\N		17	32	1	0	1
!kmbTYjjsDRDHGgVqUP:localhost	$1-1XawRJVm29pQHrbkTGcQ-bYWMPoyyXEnV9D0NRRF8	@matrix_b:localhost	\N		17	32	1	0	1
!kmbTYjjsDRDHGgVqUP:localhost	$1-1XawRJVm29pQHrbkTGcQ-bYWMPoyyXEnV9D0NRRF8	@matrix_a:localhost	\N		17	32	1	0	1
!kmbTYjjsDRDHGgVqUP:localhost	$1-1XawRJVm29pQHrbkTGcQ-bYWMPoyyXEnV9D0NRRF8	@ignored_user:localhost	\N		17	32	1	0	1
!kmbTYjjsDRDHGgVqUP:localhost	$hr9BoL0M0CcPevs38ww5_bA24p8HFiP4e9dlGuPrGWs	@matterbot:localhost	\N		18	33	1	0	1
!kmbTYjjsDRDHGgVqUP:localhost	$hr9BoL0M0CcPevs38ww5_bA24p8HFiP4e9dlGuPrGWs	@admin:localhost	\N		18	33	1	0	1
!kmbTYjjsDRDHGgVqUP:localhost	$hr9BoL0M0CcPevs38ww5_bA24p8HFiP4e9dlGuPrGWs	@matrix_a:localhost	\N		18	33	1	0	1
!kmbTYjjsDRDHGgVqUP:localhost	$hr9BoL0M0CcPevs38ww5_bA24p8HFiP4e9dlGuPrGWs	@ignored_user:localhost	\N		18	33	1	0	1
!dKcbdDATuwwphjRPQP:localhost	$QM2BSnrrZmMuXPjs3AMnJ7zVsHHdXmGmCFPjoGqBlaQ	@matterbot:localhost	\N		15	34	1	0	1
!dKcbdDATuwwphjRPQP:localhost	$QM2BSnrrZmMuXPjs3AMnJ7zVsHHdXmGmCFPjoGqBlaQ	@admin:localhost	\N		15	34	1	0	1
!dKcbdDATuwwphjRPQP:localhost	$QM2BSnrrZmMuXPjs3AMnJ7zVsHHdXmGmCFPjoGqBlaQ	@matrix_b:localhost	\N		15	34	1	0	1
!dKcbdDATuwwphjRPQP:localhost	$QM2BSnrrZmMuXPjs3AMnJ7zVsHHdXmGmCFPjoGqBlaQ	@matrix_a:localhost	\N		15	34	1	0	1
!dKcbdDATuwwphjRPQP:localhost	$QM2BSnrrZmMuXPjs3AMnJ7zVsHHdXmGmCFPjoGqBlaQ	@ignored_user:localhost	\N		15	34	1	0	1
!kmbTYjjsDRDHGgVqUP:localhost	$_OchgUntbLcDcJV42YEeAhH2t22AW-wlAxjRPO0SYfU	@matterbot:localhost	\N		19	35	1	0	1
!kmbTYjjsDRDHGgVqUP:localhost	$_OchgUntbLcDcJV42YEeAhH2t22AW-wlAxjRPO0SYfU	@admin:localhost	\N		19	35	1	0	1
!kmbTYjjsDRDHGgVqUP:localhost	$_OchgUntbLcDcJV42YEeAhH2t22AW-wlAxjRPO0SYfU	@matrix_b:localhost	\N		19	35	1	0	1
!kmbTYjjsDRDHGgVqUP:localhost	$_OchgUntbLcDcJV42YEeAhH2t22AW-wlAxjRPO0SYfU	@ignored_user:localhost	\N		19	35	1	0	1
!dKcbdDATuwwphjRPQP:localhost	$Z5cKxfveccJ3nnCMqKA-jwkRw9hbVrCMv6R68J8oPVg	@matterbot:localhost	\N		16	36	1	0	1
!dKcbdDATuwwphjRPQP:localhost	$Z5cKxfveccJ3nnCMqKA-jwkRw9hbVrCMv6R68J8oPVg	@admin:localhost	\N		16	36	1	0	1
!dKcbdDATuwwphjRPQP:localhost	$Z5cKxfveccJ3nnCMqKA-jwkRw9hbVrCMv6R68J8oPVg	@matrix_b:localhost	\N		16	36	1	0	1
!dKcbdDATuwwphjRPQP:localhost	$Z5cKxfveccJ3nnCMqKA-jwkRw9hbVrCMv6R68J8oPVg	@matrix_a:localhost	\N		16	36	1	0	1
!dKcbdDATuwwphjRPQP:localhost	$Z5cKxfveccJ3nnCMqKA-jwkRw9hbVrCMv6R68J8oPVg	@ignored_user:localhost	\N		16	36	1	0	1
!dKcbdDATuwwphjRPQP:localhost	$G1fvwCN2g1XjFzNmxLnkU_pe19oYNSqJMKqzj8kfXCk	@matterbot:localhost	\N		17	37	1	0	1
!dKcbdDATuwwphjRPQP:localhost	$G1fvwCN2g1XjFzNmxLnkU_pe19oYNSqJMKqzj8kfXCk	@admin:localhost	\N		17	37	1	0	1
!dKcbdDATuwwphjRPQP:localhost	$G1fvwCN2g1XjFzNmxLnkU_pe19oYNSqJMKqzj8kfXCk	@matrix_b:localhost	\N		17	37	1	0	1
!dKcbdDATuwwphjRPQP:localhost	$G1fvwCN2g1XjFzNmxLnkU_pe19oYNSqJMKqzj8kfXCk	@matrix_a:localhost	\N		17	37	1	0	1
!dKcbdDATuwwphjRPQP:localhost	$G1fvwCN2g1XjFzNmxLnkU_pe19oYNSqJMKqzj8kfXCk	@ignored_user:localhost	\N		17	37	1	0	1
!kmbTYjjsDRDHGgVqUP:localhost	$Jt6sBZkF1u2z9OovN4zzqiZfS0rQPS2vVpynSjt9ypI	@matterbot:localhost	\N		20	38	1	0	1
!kmbTYjjsDRDHGgVqUP:localhost	$Jt6sBZkF1u2z9OovN4zzqiZfS0rQPS2vVpynSjt9ypI	@admin:localhost	\N		20	38	1	0	1
!kmbTYjjsDRDHGgVqUP:localhost	$Jt6sBZkF1u2z9OovN4zzqiZfS0rQPS2vVpynSjt9ypI	@matrix_b:localhost	\N		20	38	1	0	1
!kmbTYjjsDRDHGgVqUP:localhost	$Jt6sBZkF1u2z9OovN4zzqiZfS0rQPS2vVpynSjt9ypI	@ignored_user:localhost	\N		20	38	1	0	1
!dKcbdDATuwwphjRPQP:localhost	$xRdCRWLb62a-YRgcfBkJSxc7lUVFkdZnQfSIvcKWw88	@matterbot:localhost	\N		18	39	1	0	1
!dKcbdDATuwwphjRPQP:localhost	$xRdCRWLb62a-YRgcfBkJSxc7lUVFkdZnQfSIvcKWw88	@admin:localhost	\N		18	39	1	0	1
!dKcbdDATuwwphjRPQP:localhost	$xRdCRWLb62a-YRgcfBkJSxc7lUVFkdZnQfSIvcKWw88	@matrix_b:localhost	\N		18	39	1	0	1
!dKcbdDATuwwphjRPQP:localhost	$xRdCRWLb62a-YRgcfBkJSxc7lUVFkdZnQfSIvcKWw88	@ignored_user:localhost	\N		18	39	1	0	1
!dKcbdDATuwwphjRPQP:localhost	$8a8OTFPqvfsx2aHJeu9IBu-xR3Gn7rdv9l_HZtPKkFg	@matrix_b:localhost	\N		20	42	1	0	1
!dKcbdDATuwwphjRPQP:localhost	$8a8OTFPqvfsx2aHJeu9IBu-xR3Gn7rdv9l_HZtPKkFg	@matterbot:localhost	\N		20	42	1	0	1
!dKcbdDATuwwphjRPQP:localhost	$8a8OTFPqvfsx2aHJeu9IBu-xR3Gn7rdv9l_HZtPKkFg	@matrix_a:localhost	\N		20	42	1	0	1
!dKcbdDATuwwphjRPQP:localhost	$8a8OTFPqvfsx2aHJeu9IBu-xR3Gn7rdv9l_HZtPKkFg	@ignored_user:localhost	\N		20	42	1	0	1
!kmbTYjjsDRDHGgVqUP:localhost	$BWMrEpKFpKKbBz5Ox9zTP3TvT5zyh6w3zhpl-epXhkk	@matrix_b:localhost	\N		22	43	1	0	1
!kmbTYjjsDRDHGgVqUP:localhost	$BWMrEpKFpKKbBz5Ox9zTP3TvT5zyh6w3zhpl-epXhkk	@matterbot:localhost	\N		22	43	1	0	1
!kmbTYjjsDRDHGgVqUP:localhost	$BWMrEpKFpKKbBz5Ox9zTP3TvT5zyh6w3zhpl-epXhkk	@matrix_a:localhost	\N		22	43	1	0	1
!kmbTYjjsDRDHGgVqUP:localhost	$BWMrEpKFpKKbBz5Ox9zTP3TvT5zyh6w3zhpl-epXhkk	@ignored_user:localhost	\N		22	43	1	0	1
!kmbTYjjsDRDHGgVqUP:localhost	$r3Ho1IsdJmJB13pD9yX-Jkg_a5s28kBCqoNZ5EPWwqM	@matterbot:localhost	\N		23	44	1	0	1
!kmbTYjjsDRDHGgVqUP:localhost	$r3Ho1IsdJmJB13pD9yX-Jkg_a5s28kBCqoNZ5EPWwqM	@matrix_a:localhost	\N		23	44	1	0	1
!kmbTYjjsDRDHGgVqUP:localhost	$r3Ho1IsdJmJB13pD9yX-Jkg_a5s28kBCqoNZ5EPWwqM	@ignored_user:localhost	\N		23	44	1	0	1
!kmbTYjjsDRDHGgVqUP:localhost	$r3Ho1IsdJmJB13pD9yX-Jkg_a5s28kBCqoNZ5EPWwqM	@admin:localhost	\N		23	44	1	0	1
!kmbTYjjsDRDHGgVqUP:localhost	$fQ28BQv7GUBcg_Ok7MCh8uTcQLoT2Tkr2BegUMhst1M	@matterbot:localhost	\N		24	45	1	0	1
!kmbTYjjsDRDHGgVqUP:localhost	$fQ28BQv7GUBcg_Ok7MCh8uTcQLoT2Tkr2BegUMhst1M	@matrix_a:localhost	\N		24	45	1	0	1
!kmbTYjjsDRDHGgVqUP:localhost	$fQ28BQv7GUBcg_Ok7MCh8uTcQLoT2Tkr2BegUMhst1M	@ignored_user:localhost	\N		24	45	1	0	1
!kmbTYjjsDRDHGgVqUP:localhost	$fQ28BQv7GUBcg_Ok7MCh8uTcQLoT2Tkr2BegUMhst1M	@admin:localhost	\N		24	45	1	0	1
!kmbTYjjsDRDHGgVqUP:localhost	$5auMphtCZ9zvRqrhyXpY0s-cZZl2AbvkyGNRbm2h2zc	@matrix_b:localhost	\N		27	50	1	0	1
!kmbTYjjsDRDHGgVqUP:localhost	$5auMphtCZ9zvRqrhyXpY0s-cZZl2AbvkyGNRbm2h2zc	@matterbot:localhost	\N		27	50	1	0	1
!kmbTYjjsDRDHGgVqUP:localhost	$5auMphtCZ9zvRqrhyXpY0s-cZZl2AbvkyGNRbm2h2zc	@matrix_a:localhost	\N		27	50	1	0	1
!kmbTYjjsDRDHGgVqUP:localhost	$5auMphtCZ9zvRqrhyXpY0s-cZZl2AbvkyGNRbm2h2zc	@ignored_user:localhost	\N		27	50	1	0	1
!kmbTYjjsDRDHGgVqUP:localhost	$5auMphtCZ9zvRqrhyXpY0s-cZZl2AbvkyGNRbm2h2zc	@admin:localhost	\N		27	50	1	0	1
!kmbTYjjsDRDHGgVqUP:localhost	$Yb59onmhkHIpIJ_VnrP0V02pkFQEF1GwuJqZCNRTQeQ	@matterbot:localhost	\N		28	51	1	0	1
!kmbTYjjsDRDHGgVqUP:localhost	$Yb59onmhkHIpIJ_VnrP0V02pkFQEF1GwuJqZCNRTQeQ	@matrix_a:localhost	\N		28	51	1	0	1
!kmbTYjjsDRDHGgVqUP:localhost	$Yb59onmhkHIpIJ_VnrP0V02pkFQEF1GwuJqZCNRTQeQ	@ignored_user:localhost	\N		28	51	1	0	1
!kmbTYjjsDRDHGgVqUP:localhost	$Yb59onmhkHIpIJ_VnrP0V02pkFQEF1GwuJqZCNRTQeQ	@admin:localhost	\N		28	51	1	0	1
!kmbTYjjsDRDHGgVqUP:localhost	$j0CTOXXA4AtSOD0pk6kL2BNsa6j5w517GGfkTqmm9ZE	@user1:localhost	\N		29	52	1	1	1
!kmbTYjjsDRDHGgVqUP:localhost	$j0CTOXXA4AtSOD0pk6kL2BNsa6j5w517GGfkTqmm9ZE	@matrix_b:localhost	\N		29	52	1	0	1
!kmbTYjjsDRDHGgVqUP:localhost	$j0CTOXXA4AtSOD0pk6kL2BNsa6j5w517GGfkTqmm9ZE	@matterbot:localhost	\N		29	52	1	0	1
!kmbTYjjsDRDHGgVqUP:localhost	$j0CTOXXA4AtSOD0pk6kL2BNsa6j5w517GGfkTqmm9ZE	@matrix_a:localhost	\N		29	52	1	0	1
!kmbTYjjsDRDHGgVqUP:localhost	$j0CTOXXA4AtSOD0pk6kL2BNsa6j5w517GGfkTqmm9ZE	@ignored_user:localhost	\N		29	52	1	0	1
!kmbTYjjsDRDHGgVqUP:localhost	$j0CTOXXA4AtSOD0pk6kL2BNsa6j5w517GGfkTqmm9ZE	@admin:localhost	\N		29	52	1	0	1
!kmbTYjjsDRDHGgVqUP:localhost	$IaI_j1zJZ04lmJmCzJfvnr48U2umqKYG1xogY-r9UNY	@matrix_b:localhost	\N		31	54	1	0	1
!kmbTYjjsDRDHGgVqUP:localhost	$IaI_j1zJZ04lmJmCzJfvnr48U2umqKYG1xogY-r9UNY	@matterbot:localhost	\N		31	54	1	0	1
!kmbTYjjsDRDHGgVqUP:localhost	$IaI_j1zJZ04lmJmCzJfvnr48U2umqKYG1xogY-r9UNY	@matrix_a:localhost	\N		31	54	1	0	1
!kmbTYjjsDRDHGgVqUP:localhost	$IaI_j1zJZ04lmJmCzJfvnr48U2umqKYG1xogY-r9UNY	@ignored_user:localhost	\N		31	54	1	0	1
!kmbTYjjsDRDHGgVqUP:localhost	$IaI_j1zJZ04lmJmCzJfvnr48U2umqKYG1xogY-r9UNY	@admin:localhost	\N		31	54	1	0	1
!dKcbdDATuwwphjRPQP:localhost	$TbIhAYsmySe2O7IaMBarYDokr6-UmyH4IYI3SpbhI-Q	@matrix_b:localhost	\N		23	55	1	0	1
!dKcbdDATuwwphjRPQP:localhost	$TbIhAYsmySe2O7IaMBarYDokr6-UmyH4IYI3SpbhI-Q	@matterbot:localhost	\N		23	55	1	0	1
!dKcbdDATuwwphjRPQP:localhost	$TbIhAYsmySe2O7IaMBarYDokr6-UmyH4IYI3SpbhI-Q	@matrix_a:localhost	\N		23	55	1	0	1
!dKcbdDATuwwphjRPQP:localhost	$TbIhAYsmySe2O7IaMBarYDokr6-UmyH4IYI3SpbhI-Q	@ignored_user:localhost	\N		23	55	1	0	1
!dKcbdDATuwwphjRPQP:localhost	$TbIhAYsmySe2O7IaMBarYDokr6-UmyH4IYI3SpbhI-Q	@admin:localhost	\N		23	55	1	0	1
!dKcbdDATuwwphjRPQP:localhost	$YBt0yFQdKC_886W6aXe4LIv5A5BcBP7pXYeF8XLKhH0	@matrix_b:localhost	\N		24	56	1	0	1
!dKcbdDATuwwphjRPQP:localhost	$YBt0yFQdKC_886W6aXe4LIv5A5BcBP7pXYeF8XLKhH0	@matterbot:localhost	\N		24	56	1	0	1
!dKcbdDATuwwphjRPQP:localhost	$YBt0yFQdKC_886W6aXe4LIv5A5BcBP7pXYeF8XLKhH0	@matrix_a:localhost	\N		24	56	1	0	1
!dKcbdDATuwwphjRPQP:localhost	$YBt0yFQdKC_886W6aXe4LIv5A5BcBP7pXYeF8XLKhH0	@ignored_user:localhost	\N		24	56	1	0	1
!dKcbdDATuwwphjRPQP:localhost	$YBt0yFQdKC_886W6aXe4LIv5A5BcBP7pXYeF8XLKhH0	@admin:localhost	\N		24	56	1	0	1
!dKcbdDATuwwphjRPQP:localhost	$-wkWlUVunP818RkFXsoACrEQ85-ybLTc-vWqiil50Vo	@matrix_b:localhost	\N		25	57	1	0	1
!dKcbdDATuwwphjRPQP:localhost	$-wkWlUVunP818RkFXsoACrEQ85-ybLTc-vWqiil50Vo	@matterbot:localhost	\N		25	57	1	0	1
!dKcbdDATuwwphjRPQP:localhost	$-wkWlUVunP818RkFXsoACrEQ85-ybLTc-vWqiil50Vo	@matrix_a:localhost	\N		25	57	1	0	1
!dKcbdDATuwwphjRPQP:localhost	$-wkWlUVunP818RkFXsoACrEQ85-ybLTc-vWqiil50Vo	@ignored_user:localhost	\N		25	57	1	0	1
!dKcbdDATuwwphjRPQP:localhost	$-wkWlUVunP818RkFXsoACrEQ85-ybLTc-vWqiil50Vo	@admin:localhost	\N		25	57	1	0	1
!kmbTYjjsDRDHGgVqUP:localhost	$kQPpv66TuseXeTXJr41QlqLnJBWNpBA_zgzIaJMjpLc	@matterbot:localhost	\N		32	58	1	0	1
!kmbTYjjsDRDHGgVqUP:localhost	$kQPpv66TuseXeTXJr41QlqLnJBWNpBA_zgzIaJMjpLc	@matrix_a:localhost	\N		32	58	1	0	1
!kmbTYjjsDRDHGgVqUP:localhost	$kQPpv66TuseXeTXJr41QlqLnJBWNpBA_zgzIaJMjpLc	@ignored_user:localhost	\N		32	58	1	0	1
!kmbTYjjsDRDHGgVqUP:localhost	$kQPpv66TuseXeTXJr41QlqLnJBWNpBA_zgzIaJMjpLc	@admin:localhost	\N		32	58	1	0	1
!dKcbdDATuwwphjRPQP:localhost	$BG2gCT3tXMWdl5AO704CVjroaQJysHmLZMRN-QrTH8w	@matrix_b:localhost	\N		26	59	1	0	1
!dKcbdDATuwwphjRPQP:localhost	$BG2gCT3tXMWdl5AO704CVjroaQJysHmLZMRN-QrTH8w	@matterbot:localhost	\N		26	59	1	0	1
!dKcbdDATuwwphjRPQP:localhost	$BG2gCT3tXMWdl5AO704CVjroaQJysHmLZMRN-QrTH8w	@admin:localhost	\N		26	59	1	0	1
!dKcbdDATuwwphjRPQP:localhost	$BG2gCT3tXMWdl5AO704CVjroaQJysHmLZMRN-QrTH8w	@user1:localhost	\N		26	59	1	0	1
!dKcbdDATuwwphjRPQP:localhost	$BG2gCT3tXMWdl5AO704CVjroaQJysHmLZMRN-QrTH8w	@ignored_user:localhost	\N		26	59	1	0	1
!dKcbdDATuwwphjRPQP:localhost	$AXNJvl1CFFkmeDr63y2IykCN_G-lJiDa4JHsOjaUj4Y	@matrix_b:localhost	\N		27	60	1	0	1
!dKcbdDATuwwphjRPQP:localhost	$AXNJvl1CFFkmeDr63y2IykCN_G-lJiDa4JHsOjaUj4Y	@matterbot:localhost	\N		27	60	1	0	1
!dKcbdDATuwwphjRPQP:localhost	$AXNJvl1CFFkmeDr63y2IykCN_G-lJiDa4JHsOjaUj4Y	@admin:localhost	\N		27	60	1	0	1
!dKcbdDATuwwphjRPQP:localhost	$AXNJvl1CFFkmeDr63y2IykCN_G-lJiDa4JHsOjaUj4Y	@user1:localhost	\N		27	60	1	0	1
!dKcbdDATuwwphjRPQP:localhost	$AXNJvl1CFFkmeDr63y2IykCN_G-lJiDa4JHsOjaUj4Y	@ignored_user:localhost	\N		27	60	1	0	1
!dKcbdDATuwwphjRPQP:localhost	$9hK3JsOVrMiv0wKjw57rMkc6mne_XmZ0CRTz65g97ek	@matrix_b:localhost	\N		28	61	1	0	1
!dKcbdDATuwwphjRPQP:localhost	$9hK3JsOVrMiv0wKjw57rMkc6mne_XmZ0CRTz65g97ek	@matterbot:localhost	\N		28	61	1	0	1
!dKcbdDATuwwphjRPQP:localhost	$9hK3JsOVrMiv0wKjw57rMkc6mne_XmZ0CRTz65g97ek	@admin:localhost	\N		28	61	1	0	1
!dKcbdDATuwwphjRPQP:localhost	$9hK3JsOVrMiv0wKjw57rMkc6mne_XmZ0CRTz65g97ek	@user1:localhost	\N		28	61	1	0	1
!dKcbdDATuwwphjRPQP:localhost	$9hK3JsOVrMiv0wKjw57rMkc6mne_XmZ0CRTz65g97ek	@ignored_user:localhost	\N		28	61	1	0	1
!kmbTYjjsDRDHGgVqUP:localhost	$uFBLsg4RZn3DtG5dqcZ8A11zEbkWHwPLjk_VQtaj0qM	@matrix_b:localhost	\N		33	62	1	0	1
!kmbTYjjsDRDHGgVqUP:localhost	$uFBLsg4RZn3DtG5dqcZ8A11zEbkWHwPLjk_VQtaj0qM	@matrix_a:localhost	\N		33	62	1	0	1
!kmbTYjjsDRDHGgVqUP:localhost	$uFBLsg4RZn3DtG5dqcZ8A11zEbkWHwPLjk_VQtaj0qM	@matterbot:localhost	\N		33	62	1	0	1
!kmbTYjjsDRDHGgVqUP:localhost	$uFBLsg4RZn3DtG5dqcZ8A11zEbkWHwPLjk_VQtaj0qM	@admin:localhost	\N		33	62	1	0	1
!kmbTYjjsDRDHGgVqUP:localhost	$uFBLsg4RZn3DtG5dqcZ8A11zEbkWHwPLjk_VQtaj0qM	@user1:localhost	\N		33	62	1	0	1
!kmbTYjjsDRDHGgVqUP:localhost	$uFBLsg4RZn3DtG5dqcZ8A11zEbkWHwPLjk_VQtaj0qM	@ignored_user:localhost	\N		33	62	1	0	1
!kmbTYjjsDRDHGgVqUP:localhost	$wFcIkswyANl3CQZdt_hX9g9e2TeFjIzp9bWhcEbBiCI	@matrix_b:localhost	\N		34	63	1	0	1
!kmbTYjjsDRDHGgVqUP:localhost	$wFcIkswyANl3CQZdt_hX9g9e2TeFjIzp9bWhcEbBiCI	@matrix_a:localhost	\N		34	63	1	0	1
!kmbTYjjsDRDHGgVqUP:localhost	$wFcIkswyANl3CQZdt_hX9g9e2TeFjIzp9bWhcEbBiCI	@matterbot:localhost	\N		34	63	1	0	1
!kmbTYjjsDRDHGgVqUP:localhost	$wFcIkswyANl3CQZdt_hX9g9e2TeFjIzp9bWhcEbBiCI	@admin:localhost	\N		34	63	1	0	1
!kmbTYjjsDRDHGgVqUP:localhost	$wFcIkswyANl3CQZdt_hX9g9e2TeFjIzp9bWhcEbBiCI	@user1:localhost	\N		34	63	1	0	1
!kmbTYjjsDRDHGgVqUP:localhost	$wFcIkswyANl3CQZdt_hX9g9e2TeFjIzp9bWhcEbBiCI	@ignored_user:localhost	\N		34	63	1	0	1
!dKcbdDATuwwphjRPQP:localhost	$Y_FmFbCe62ffJ-UyN7IA1IbcRgUsELxe9lGLmGbDg9o	@matrix_b:localhost	\N		29	64	1	0	1
!dKcbdDATuwwphjRPQP:localhost	$Y_FmFbCe62ffJ-UyN7IA1IbcRgUsELxe9lGLmGbDg9o	@matterbot:localhost	\N		29	64	1	0	1
!dKcbdDATuwwphjRPQP:localhost	$Y_FmFbCe62ffJ-UyN7IA1IbcRgUsELxe9lGLmGbDg9o	@admin:localhost	\N		29	64	1	0	1
!dKcbdDATuwwphjRPQP:localhost	$Y_FmFbCe62ffJ-UyN7IA1IbcRgUsELxe9lGLmGbDg9o	@user1:localhost	\N		29	64	1	0	1
!dKcbdDATuwwphjRPQP:localhost	$Y_FmFbCe62ffJ-UyN7IA1IbcRgUsELxe9lGLmGbDg9o	@ignored_user:localhost	\N		29	64	1	0	1
!dKcbdDATuwwphjRPQP:localhost	$CPoznAc0caDQuTVk0FlfLDWH79HumOVggLi7MDSYT5M	@matrix_a:localhost	\N		30	65	1	1	1
!dKcbdDATuwwphjRPQP:localhost	$CPoznAc0caDQuTVk0FlfLDWH79HumOVggLi7MDSYT5M	@matterbot:localhost	\N		30	65	1	0	1
!dKcbdDATuwwphjRPQP:localhost	$CPoznAc0caDQuTVk0FlfLDWH79HumOVggLi7MDSYT5M	@admin:localhost	\N		30	65	1	0	1
!dKcbdDATuwwphjRPQP:localhost	$CPoznAc0caDQuTVk0FlfLDWH79HumOVggLi7MDSYT5M	@user1:localhost	\N		30	65	1	0	1
!dKcbdDATuwwphjRPQP:localhost	$CPoznAc0caDQuTVk0FlfLDWH79HumOVggLi7MDSYT5M	@ignored_user:localhost	\N		30	65	1	0	1
!dKcbdDATuwwphjRPQP:localhost	$pWJdSD5NsfN2PI0YapF9GmJPDpHhbeH6m--Uc5qoX-A	@matrix_b:localhost	\N		31	66	1	1	1
!dKcbdDATuwwphjRPQP:localhost	$pWJdSD5NsfN2PI0YapF9GmJPDpHhbeH6m--Uc5qoX-A	@matterbot:localhost	\N		31	66	1	0	1
!dKcbdDATuwwphjRPQP:localhost	$pWJdSD5NsfN2PI0YapF9GmJPDpHhbeH6m--Uc5qoX-A	@admin:localhost	\N		31	66	1	0	1
!dKcbdDATuwwphjRPQP:localhost	$pWJdSD5NsfN2PI0YapF9GmJPDpHhbeH6m--Uc5qoX-A	@user1:localhost	\N		31	66	1	0	1
!dKcbdDATuwwphjRPQP:localhost	$pWJdSD5NsfN2PI0YapF9GmJPDpHhbeH6m--Uc5qoX-A	@ignored_user:localhost	\N		31	66	1	0	1
\.


--
-- Data for Name: event_push_actions_staging; Type: TABLE DATA; Schema: public; Owner: synapse
--

COPY public.event_push_actions_staging (event_id, user_id, actions, notif, highlight, unread) FROM stdin;
\.


--
-- Data for Name: event_push_summary; Type: TABLE DATA; Schema: public; Owner: synapse
--

COPY public.event_push_summary (user_id, room_id, notif_count, stream_ordering, unread_count) FROM stdin;
\.


--
-- Data for Name: event_push_summary_stream_ordering; Type: TABLE DATA; Schema: public; Owner: synapse
--

COPY public.event_push_summary_stream_ordering (lock, stream_ordering) FROM stdin;
X	20
\.


--
-- Data for Name: event_reference_hashes; Type: TABLE DATA; Schema: public; Owner: synapse
--

COPY public.event_reference_hashes (event_id, algorithm, hash) FROM stdin;
$mBmRyyvP_Jc-LDi7_hiGD9QTu5XGVXqNMxZM4yDMQPU	sha256	\\x981991cb2bcffc973e2c38bbfe18860fd413bb95c6557a8d33164ce320cc40f5
$_oKaaOfL7rFtPsAsxDmHrCY9sAzFjslRwkJ_QHxHDTw	sha256	\\xfe829a68e7cbeeb16d3ec02cc43987ac263db00cc58ec951c2427f407c470d3c
$BYyVCPyJh9PVJBsxDwm9NakGY19DlCJJ1GlCcYpTv8w	sha256	\\x058c9508fc8987d3d5241b310f09bd35a906635f43942249d46942718a53bfcc
$X8tdoEsXAgBC6gobCepAn3rwO8CJoQU6i9NN9Rzhukg	sha256	\\x5fcb5da04b17020042ea0a1b09ea409f7af03bc089a1053a8bd34df51ce1ba48
$G_m59AjH2Y1FX4D11JDsmEETfHGAWoknTIdv-_XYW2o	sha256	\\x1bf9b9f408c7d98d455f80f5d490ec9841137c71805a89274c876ffbf5d85b6a
$O5iO4EII22igkDq5cMKHFB-SGIYD0KqJQXZohS2Dzc0	sha256	\\x3b988ee04208db68a0903ab970c287141f92188603d0aa89417668852d83cdcd
$Rczn5GeJ1aYMBU_oXSIF8ppVk8WEruaYIBA3FE7Yq88	sha256	\\x45cce7e46789d5a60c054fe85d2205f29a5593c584aee698201037144ed8abcf
$PeAJ6BypXjJegHiUjcYe-I6Cf4NuCPICi_yUb-fyauA	sha256	\\x3de009e81ca95e325e8078948dc61ef88e827f836e08f2028bfc946fe7f26ae0
$P98vptI_jrNYKKnTTDYouThgohgHqJkD5Rcj0gDgxII	sha256	\\x3fdf2fa6d23f8eb35828a9d34c3628b93860a21807a89903e51723d200e0c482
$b__a7rX3L5YpX7nAZte73DAbjtXZK48JH8VKSnGOKKw	sha256	\\x6fffdaeeb5f72f96295fb9c066d7bbdc301b8ed5d92b8f091fc54a4a718e28ac
$hEtlt0NU16h0ix9xBX0MDJR0g54ATEZ4S96udYzYBqs	sha256	\\x844b65b74354d7a8748b1f71057d0c0c9474839e004c46784bdeae758cd806ab
$TVnvv0nGbLydCBtMmTTz-htMsoI4hmxCr3s9AHyFGHQ	sha256	\\x4d59efbf49c66cbc9d081b4c9934f3fa1b4cb28238866c42af7b3d007c851874
$N33GyONpuSa3zRNJk1CtLYdhqJbhXBwSpAlUUm-zmB8	sha256	\\x377dc6c8e369b926b7cd13499350ad2d8761a896e15c1c12a40954526fb3981f
$wd-zBsOV9K_8HbhPARZ91kf5cfZwLKRi7yBBGGNUAb0	sha256	\\xc1dfb306c395f4affc1db84f01167dd647f971f6702ca462ef204118635401bd
$llCtN-sfVC1IOdDQXgskgx4jl97hQHfKnEH-IP-lyvk	sha256	\\x9650ad37eb1f542d4839d0d05e0b24831e2397dee14077ca9c41fe20ffa5caf9
$4ZLf-3JRJMLLADbzome2n_5rZNEeHEFIo3w1xN4KKu0	sha256	\\xe192dffb725124c2cb0036f3a267b69ffe6b64d11e1c4148a37c35c4de0a2aed
$hD2Z-BHkSscOTiftcJe1n-peOIsihQlQbtyjR2IkTmA	sha256	\\x843d99f811e44ac70e4e27ed7097b59fea5e388b228509506edca34762244e60
$Svf91tyGyUuzelYH8bbzM6QXuI9Xcab-XMXjCrIgM5A	sha256	\\x4af7fdd6dc86c94bb37a5607f1b6f333a417b88f5771a6fe5cc5e30ab2203390
$mGK5pQEzegKFhAPXc0TX7drNl2qyJL8ajxnJRmA3kN8	sha256	\\x9862b9a501337a02858403d77344d7eddacd976ab224bf1a8f19c946603790df
$666ybhBdzZc96KCxYMslNrmlLRi8w6uUusi8J4BUVNM	sha256	\\xebaeb26e105dcd973de8a0b160cb2536b9a52d18bcc3ab94bac8bc27805454d3
$wEzXoaJoNtWHISsmLEY6T-CdgUw21BFOyAw1HcKBBh0	sha256	\\xc04cd7a1a26836d587212b262c463a4fe09d814c36d4114ec80c351dc281061d
$2KF1FxA50OygX8tA7bnhmld7ePb4eIDsQaPB5ssgUSc	sha256	\\xd8a175171039d0eca05fcb40edb9e19a577b78f6f87880ec41a3c1e6cb205127
$g-ojtwk6OBH0sIWVdUrIlKfcesmKRj0kfU5E9ZjKlug	sha256	\\x83ea23b7093a3811f4b08595754ac894a7dc7ac98a463d247d4e44f598ca96e8
$5zlbkFcwjX3ScF4jwQP_koQvnG_-hWrIYwwn4RhXMGs	sha256	\\xe7395b9057308d7dd2705e23c103ff92842f9c6ffe856ac8630c27e11857306b
$PSZPiF2_GHeawUZsuFzgg_JuCtoOyaf_11-uLulGF0c	sha256	\\x3d264f885dbf18779ac1466cb85ce083f26e0ada0ec9a7ffd75fae2ee9461747
$t5n7gGV4l0pVzkJq8YJdQm4IFq3hTrEHABs9QiejsEA	sha256	\\xb799fb806578974a55ce426af1825d426e0816ade14eb107001b3d4227a3b040
$CPrx1EOiKU0xFQBY1-CbMIp4Nx64vw33awql9URc-is	sha256	\\x08faf1d443a2294d31150058d7e09b308a78371eb8bf0df76b0aa5f5445cfa2b
$FiPh76BhP5tT1Hors997MJgDvrehT02uvfmqsY25ilk	sha256	\\x1623e1efa0613f9b53d47a2bb3df7b309803beb7a14f4daebdf9aab18db98a59
$cVpm7JtI2FA6jT91bWn5avhRlFg_CpMA5HRanoYhkJs	sha256	\\x715a66ec9b48d8503a8d3f756d69f96af85194583f0a9300e4745a9e8621909b
$jD0GZ5JDGHZiN5kp0llsZ-TSj7JcaRn8CDsEQiyeJ3w	sha256	\\x8c3d06679243187662379929d2596c67e4d28fb25c6919fc083b04422c9e277c
$1-1XawRJVm29pQHrbkTGcQ-bYWMPoyyXEnV9D0NRRF8	sha256	\\xd7ed576b0449566dbda501eb6e44c6710f9b61630fa32c9712757d0f4351445f
$hr9BoL0M0CcPevs38ww5_bA24p8HFiP4e9dlGuPrGWs	sha256	\\x86bf41a0bd0cd0270f7afb37f30c39fdb036e29f071623f87bd7651ae3eb196b
$QM2BSnrrZmMuXPjs3AMnJ7zVsHHdXmGmCFPjoGqBlaQ	sha256	\\x40cd814a7aeb66632e5cf8ecdc032727bcd5b071dd5e61a60853e3a06a8195a4
$_OchgUntbLcDcJV42YEeAhH2t22AW-wlAxjRPO0SYfU	sha256	\\xfce7218149ed6cb703709578d9811e0211f6b76d805bec250318d13ced1261f5
$Z5cKxfveccJ3nnCMqKA-jwkRw9hbVrCMv6R68J8oPVg	sha256	\\x67970ac5fbde71c2779e708ca8a03e8f0911c3d85b56b08cbfa47af09f283d58
$G1fvwCN2g1XjFzNmxLnkU_pe19oYNSqJMKqzj8kfXCk	sha256	\\x1b57efc023768355e3173366c4b9e453fa5ed7da18352a8930aab38fc91f5c29
$Jt6sBZkF1u2z9OovN4zzqiZfS0rQPS2vVpynSjt9ypI	sha256	\\x26deac059905d6edb3f4ea2f378cf3aa265f4b4ad03d2daf569ca74a3b7dca92
$xRdCRWLb62a-YRgcfBkJSxc7lUVFkdZnQfSIvcKWw88	sha256	\\xc517424562dbeb66be61181c7c19094b173b95454591d66741f488bdc296c3cf
$kHkn3X5sgQZbnc7m1GNs3FoN729sUsLsqASYxvh3Jb8	sha256	\\x907927dd7e6c81065b9dcee6d4636cdc5a0def6f6c52c2eca80498c6f87725bf
$cl-cBWQqCEUtQdjEqlQcE0PD7MCeX1R25oC5CKqb7oE	sha256	\\x725f9c05642a08452d41d8c4aa541c1343c3ecc09e5f5476e680b908aa9bee81
$8a8OTFPqvfsx2aHJeu9IBu-xR3Gn7rdv9l_HZtPKkFg	sha256	\\xf1af0e4c53eabdfb31d9a1c97aef4806efb14771a7eeb76ff65fc766d3ca9058
$BWMrEpKFpKKbBz5Ox9zTP3TvT5zyh6w3zhpl-epXhkk	sha256	\\x05632b129285a4a29b073e4ec7dcd33f74ef4f9cf287ac37ce1a65f9ea578649
$r3Ho1IsdJmJB13pD9yX-Jkg_a5s28kBCqoNZ5EPWwqM	sha256	\\xaf71e8d48b1d266241d77a43f725fe26483f6b9b36f24042aa8359e443d6c2a3
$fQ28BQv7GUBcg_Ok7MCh8uTcQLoT2Tkr2BegUMhst1M	sha256	\\x7d0dbc050bfb19405c83f3a4ecc0a1f2e4dc40ba13d9392bd817a050c86cb753
$S7qfuHyVNKlnX8WQb78EyVSR_7_dnmagLA8asozsQtE	sha256	\\x4bba9fb87c9534a9675fc5906fbf04c95491ffbfdd9e66a02c0f1ab28cec42d1
$TOzcyxIV2S5U6CP15QCldRMJRaDz1Yaik15PorvZYGc	sha256	\\x4cecdccb1215d92e54e823f5e500a575130945a0f3d586a2935e4fa2bbd96067
$Sa-w9Co29Yd94wHfPbpfCOuSSlMlorQ7ssiGXYp8oh8	sha256	\\x49afb0f42a36f5877de301df3dba5f08eb924a5325a2b43bb2c8865d8a7ca21f
$n6TBNMF739-W93vnPpWYiJ_zTj-UGsx8mCtkFUsmkrY	sha256	\\x9fa4c134c17bdfdf96f77be73e9598889ff34e3f941acc7c982b64154b2692b6
$5auMphtCZ9zvRqrhyXpY0s-cZZl2AbvkyGNRbm2h2zc	sha256	\\xe5ab8ca61b4267dcef46aae1c97a58d2cf9c65997601bbe4c863516e6da1db37
$Yb59onmhkHIpIJ_VnrP0V02pkFQEF1GwuJqZCNRTQeQ	sha256	\\x61be7da279a1907229209fd59eb3f4574da99054041751b0b89a9908d45341e4
$j0CTOXXA4AtSOD0pk6kL2BNsa6j5w517GGfkTqmm9ZE	sha256	\\x8f40933975c0e00b52383d2993a90bd8136c6ba8f9c39d7b1867e44ea9a6f591
$YgrzVCWDDxVv-dvf3HhpLD0QlN4nD5-CXg0T-gEX6iI	sha256	\\x620af35425830f156ff9dbdfdc78692c3d1094de270f9f825e0d13fa0117ea22
$IaI_j1zJZ04lmJmCzJfvnr48U2umqKYG1xogY-r9UNY	sha256	\\x21a23f8f5cc9674e25989982cc97ef9ebe3c536ba6a8a606d71a2063eafd50d6
$TbIhAYsmySe2O7IaMBarYDokr6-UmyH4IYI3SpbhI-Q	sha256	\\x4db221018b26c927b63bb21a3016ab603a24afaf949b21f82182374a96e123e4
$YBt0yFQdKC_886W6aXe4LIv5A5BcBP7pXYeF8XLKhH0	sha256	\\x601b74c8541d282ffcf3a5ba6977b82c8bf903905c04fee95d8785f172ca847d
$-wkWlUVunP818RkFXsoACrEQ85-ybLTc-vWqiil50Vo	sha256	\\xfb091695456e9cff35f119055eca000ab110f39fb26cb4dcfaf5aa8a2979d15a
$kQPpv66TuseXeTXJr41QlqLnJBWNpBA_zgzIaJMjpLc	sha256	\\x9103e9bfae93bac7977935c9af8d5096a2e724158da4103fce0cc8689323a4b7
$BG2gCT3tXMWdl5AO704CVjroaQJysHmLZMRN-QrTH8w	sha256	\\x046da0093ded5cc59d97900eef4e02563ae8690272b0798b64c44df90ad31fcc
$AXNJvl1CFFkmeDr63y2IykCN_G-lJiDa4JHsOjaUj4Y	sha256	\\x017349be5d42145926783afadf2d88ca408dfc6fa52620dae091ec3a36948f86
$9hK3JsOVrMiv0wKjw57rMkc6mne_XmZ0CRTz65g97ek	sha256	\\xf612b726c395acc8afd302a3c39eeb32473a9a77bf5e66740914f3eb983dede9
$uFBLsg4RZn3DtG5dqcZ8A11zEbkWHwPLjk_VQtaj0qM	sha256	\\xb8504bb20e11667dc3b46e5da9c67c035d7311b9161f03cb8e4fd542d6a3d2a3
$wFcIkswyANl3CQZdt_hX9g9e2TeFjIzp9bWhcEbBiCI	sha256	\\xc0570892cc3200d97709065db7f857f60f5ed937858c8ce9f5b5a17046c18822
$Y_FmFbCe62ffJ-UyN7IA1IbcRgUsELxe9lGLmGbDg9o	sha256	\\x63f16615b09eeb67df27e53237b200d486dc46052c10bc5ef6518b9866c383da
$CPoznAc0caDQuTVk0FlfLDWH79HumOVggLi7MDSYT5M	sha256	\\x08fa339c073471a0d0b93564d0595f2c3587efd1ee98e56080b8bb3034984f93
$pWJdSD5NsfN2PI0YapF9GmJPDpHhbeH6m--Uc5qoX-A	sha256	\\xa5625d483e4db1f3763c8d186a917d1a624f0e91e16de1fa9bef94739aa85fe0
\.


--
-- Data for Name: event_relations; Type: TABLE DATA; Schema: public; Owner: synapse
--

COPY public.event_relations (event_id, relates_to_id, relation_type, aggregation_key) FROM stdin;
$YgrzVCWDDxVv-dvf3HhpLD0QlN4nD5-CXg0T-gEX6iI	$j0CTOXXA4AtSOD0pk6kL2BNsa6j5w517GGfkTqmm9ZE	m.annotation	
\.


--
-- Data for Name: event_reports; Type: TABLE DATA; Schema: public; Owner: synapse
--

COPY public.event_reports (id, received_ts, room_id, event_id, user_id, reason, content) FROM stdin;
\.


--
-- Data for Name: event_search; Type: TABLE DATA; Schema: public; Owner: synapse
--

COPY public.event_search (event_id, room_id, sender, key, vector, origin_server_ts, stream_ordering) FROM stdin;
$cVpm7JtI2FA6jT91bWn5avhRlFg_CpMA5HRanoYhkJs	!kmbTYjjsDRDHGgVqUP:localhost	\N	content.body	'test':1	1672856706015	30
$jD0GZ5JDGHZiN5kp0llsZ-TSj7JcaRn8CDsEQiyeJ3w	!kmbTYjjsDRDHGgVqUP:localhost	\N	content.body	'test2':1	1672856706271	31
$1-1XawRJVm29pQHrbkTGcQ-bYWMPoyyXEnV9D0NRRF8	!kmbTYjjsDRDHGgVqUP:localhost	\N	content.body	'bold':2 'header':1	1672856706565	32
$hr9BoL0M0CcPevs38ww5_bA24p8HFiP4e9dlGuPrGWs	!kmbTYjjsDRDHGgVqUP:localhost	\N	content.body	'messag':3 'random':1 'wrong':2	1672856706805	33
$QM2BSnrrZmMuXPjs3AMnJ7zVsHHdXmGmCFPjoGqBlaQ	!dKcbdDATuwwphjRPQP:localhost	\N	content.body	'hi':1	1672856707072	34
$_OchgUntbLcDcJV42YEeAhH2t22AW-wlAxjRPO0SYfU	!kmbTYjjsDRDHGgVqUP:localhost	\N	content.body	'test':1	1672856707296	35
$Z5cKxfveccJ3nnCMqKA-jwkRw9hbVrCMv6R68J8oPVg	!dKcbdDATuwwphjRPQP:localhost	\N	content.body	'filenam':1	1672856707574	36
$G1fvwCN2g1XjFzNmxLnkU_pe19oYNSqJMKqzj8kfXCk	!dKcbdDATuwwphjRPQP:localhost	\N	content.body	'filenam':1	1672856707732	37
$Jt6sBZkF1u2z9OovN4zzqiZfS0rQPS2vVpynSjt9ypI	!kmbTYjjsDRDHGgVqUP:localhost	\N	content.body	'mydata':1	1672856707997	38
$xRdCRWLb62a-YRgcfBkJSxc7lUVFkdZnQfSIvcKWw88	!dKcbdDATuwwphjRPQP:localhost	\N	content.body	'hidden':1 'messag':2	1672856708238	39
$8a8OTFPqvfsx2aHJeu9IBu-xR3Gn7rdv9l_HZtPKkFg	!dKcbdDATuwwphjRPQP:localhost	\N	content.body	'text':2	1672920683485	42
$BWMrEpKFpKKbBz5Ox9zTP3TvT5zyh6w3zhpl-epXhkk	!kmbTYjjsDRDHGgVqUP:localhost	\N	content.body	'text':2	1672920816788	43
$r3Ho1IsdJmJB13pD9yX-Jkg_a5s28kBCqoNZ5EPWwqM	!kmbTYjjsDRDHGgVqUP:localhost	\N	content.body	'text':2	1672921550713	44
$fQ28BQv7GUBcg_Ok7MCh8uTcQLoT2Tkr2BegUMhst1M	!kmbTYjjsDRDHGgVqUP:localhost	\N	content.body	'capacitor':11 'copi':3 'dram':7 'll':2 'pixel':14 'solid':5 'state':6 'transmitt':8 'usb':13	1672921603138	45
$5auMphtCZ9zvRqrhyXpY0s-cZZl2AbvkyGNRbm2h2zc	!kmbTYjjsDRDHGgVqUP:localhost	\N	content.body	'channel':3 'like':1	1672922287761	50
$Yb59onmhkHIpIJ_VnrP0V02pkFQEF1GwuJqZCNRTQeQ	!kmbTYjjsDRDHGgVqUP:localhost	\N	content.body	'alarm':14 'digit':3 'drive':6 'hard':5 'pars':10 'solid':12 'state':13 'thx':4 'use':1	1672922412287	51
$j0CTOXXA4AtSOD0pk6kL2BNsa6j5w517GGfkTqmm9ZE	!kmbTYjjsDRDHGgVqUP:localhost	\N	content.body	'1':5 'onlin':3 'user':4	1672922547588	52
$IaI_j1zJZ04lmJmCzJfvnr48U2umqKYG1xogY-r9UNY	!kmbTYjjsDRDHGgVqUP:localhost	\N	content.body	'ok':1	1672922600605	54
$TbIhAYsmySe2O7IaMBarYDokr6-UmyH4IYI3SpbhI-Q	!dKcbdDATuwwphjRPQP:localhost	\N	content.body	'program':2	1672922654500	55
$YBt0yFQdKC_886W6aXe4LIv5A5BcBP7pXYeF8XLKhH0	!dKcbdDATuwwphjRPQP:localhost	\N	content.body	'testing_in_vs_code.png':1	1672922655109	56
$-wkWlUVunP818RkFXsoACrEQ85-ybLTc-vWqiil50Vo	!dKcbdDATuwwphjRPQP:localhost	\N	content.body	'nice':1	1672923027781	57
$kQPpv66TuseXeTXJr41QlqLnJBWNpBA_zgzIaJMjpLc	!kmbTYjjsDRDHGgVqUP:localhost	\N	content.body	'back':11 'back-end':10 'bus':14 'circuit':6 'end':12 'hack':4 'index':8 'ip':13 'without':7	1672923221916	58
$BG2gCT3tXMWdl5AO704CVjroaQJysHmLZMRN-QrTH8w	!dKcbdDATuwwphjRPQP:localhost	\N	content.body	'hidden':1 'messag':2	1673367066720	59
$AXNJvl1CFFkmeDr63y2IykCN_G-lJiDa4JHsOjaUj4Y	!dKcbdDATuwwphjRPQP:localhost	\N	content.body	'hidden':1 'messag':2	1673367091822	60
$9hK3JsOVrMiv0wKjw57rMkc6mne_XmZ0CRTz65g97ek	!dKcbdDATuwwphjRPQP:localhost	\N	content.body	'hidden':1 'messag':2	1673367607062	61
$uFBLsg4RZn3DtG5dqcZ8A11zEbkWHwPLjk_VQtaj0qM	!kmbTYjjsDRDHGgVqUP:localhost	\N	content.body	'test':1	1673367804476	62
$wFcIkswyANl3CQZdt_hX9g9e2TeFjIzp9bWhcEbBiCI	!kmbTYjjsDRDHGgVqUP:localhost	\N	content.body	'test':1	1673367882756	63
$Y_FmFbCe62ffJ-UyN7IA1IbcRgUsELxe9lGLmGbDg9o	!dKcbdDATuwwphjRPQP:localhost	\N	content.body	'first':1 'matrix':2 'messag':3	1673367937094	64
$CPoznAc0caDQuTVk0FlfLDWH79HumOVggLi7MDSYT5M	!dKcbdDATuwwphjRPQP:localhost	\N	content.body	'first':3 'matrix':1,4,7 'messag':5,8 'second':6	1673367937228	65
$pWJdSD5NsfN2PI0YapF9GmJPDpHhbeH6m--Uc5qoX-A	!dKcbdDATuwwphjRPQP:localhost	\N	content.body	'b':2 'matrix':1,3,6 'messag':7 'third':5	1673367937356	66
\.


--
-- Data for Name: event_to_state_groups; Type: TABLE DATA; Schema: public; Owner: synapse
--

COPY public.event_to_state_groups (event_id, state_group) FROM stdin;
$mBmRyyvP_Jc-LDi7_hiGD9QTu5XGVXqNMxZM4yDMQPU	2
$_oKaaOfL7rFtPsAsxDmHrCY9sAzFjslRwkJ_QHxHDTw	3
$BYyVCPyJh9PVJBsxDwm9NakGY19DlCJJ1GlCcYpTv8w	4
$X8tdoEsXAgBC6gobCepAn3rwO8CJoQU6i9NN9Rzhukg	5
$G_m59AjH2Y1FX4D11JDsmEETfHGAWoknTIdv-_XYW2o	6
$O5iO4EII22igkDq5cMKHFB-SGIYD0KqJQXZohS2Dzc0	7
$Rczn5GeJ1aYMBU_oXSIF8ppVk8WEruaYIBA3FE7Yq88	9
$PeAJ6BypXjJegHiUjcYe-I6Cf4NuCPICi_yUb-fyauA	10
$P98vptI_jrNYKKnTTDYouThgohgHqJkD5Rcj0gDgxII	11
$b__a7rX3L5YpX7nAZte73DAbjtXZK48JH8VKSnGOKKw	12
$hEtlt0NU16h0ix9xBX0MDJR0g54ATEZ4S96udYzYBqs	13
$TVnvv0nGbLydCBtMmTTz-htMsoI4hmxCr3s9AHyFGHQ	14
$N33GyONpuSa3zRNJk1CtLYdhqJbhXBwSpAlUUm-zmB8	15
$wd-zBsOV9K_8HbhPARZ91kf5cfZwLKRi7yBBGGNUAb0	16
$llCtN-sfVC1IOdDQXgskgx4jl97hQHfKnEH-IP-lyvk	17
$4ZLf-3JRJMLLADbzome2n_5rZNEeHEFIo3w1xN4KKu0	18
$hD2Z-BHkSscOTiftcJe1n-peOIsihQlQbtyjR2IkTmA	19
$Svf91tyGyUuzelYH8bbzM6QXuI9Xcab-XMXjCrIgM5A	20
$mGK5pQEzegKFhAPXc0TX7drNl2qyJL8ajxnJRmA3kN8	21
$666ybhBdzZc96KCxYMslNrmlLRi8w6uUusi8J4BUVNM	22
$wEzXoaJoNtWHISsmLEY6T-CdgUw21BFOyAw1HcKBBh0	23
$2KF1FxA50OygX8tA7bnhmld7ePb4eIDsQaPB5ssgUSc	24
$g-ojtwk6OBH0sIWVdUrIlKfcesmKRj0kfU5E9ZjKlug	25
$5zlbkFcwjX3ScF4jwQP_koQvnG_-hWrIYwwn4RhXMGs	26
$PSZPiF2_GHeawUZsuFzgg_JuCtoOyaf_11-uLulGF0c	27
$t5n7gGV4l0pVzkJq8YJdQm4IFq3hTrEHABs9QiejsEA	28
$CPrx1EOiKU0xFQBY1-CbMIp4Nx64vw33awql9URc-is	29
$FiPh76BhP5tT1Hors997MJgDvrehT02uvfmqsY25ilk	30
$cVpm7JtI2FA6jT91bWn5avhRlFg_CpMA5HRanoYhkJs	30
$jD0GZ5JDGHZiN5kp0llsZ-TSj7JcaRn8CDsEQiyeJ3w	30
$1-1XawRJVm29pQHrbkTGcQ-bYWMPoyyXEnV9D0NRRF8	30
$hr9BoL0M0CcPevs38ww5_bA24p8HFiP4e9dlGuPrGWs	30
$QM2BSnrrZmMuXPjs3AMnJ7zVsHHdXmGmCFPjoGqBlaQ	29
$_OchgUntbLcDcJV42YEeAhH2t22AW-wlAxjRPO0SYfU	30
$Z5cKxfveccJ3nnCMqKA-jwkRw9hbVrCMv6R68J8oPVg	29
$G1fvwCN2g1XjFzNmxLnkU_pe19oYNSqJMKqzj8kfXCk	29
$Jt6sBZkF1u2z9OovN4zzqiZfS0rQPS2vVpynSjt9ypI	30
$xRdCRWLb62a-YRgcfBkJSxc7lUVFkdZnQfSIvcKWw88	29
$kHkn3X5sgQZbnc7m1GNs3FoN729sUsLsqASYxvh3Jb8	49
$cl-cBWQqCEUtQdjEqlQcE0PD7MCeX1R25oC5CKqb7oE	50
$8a8OTFPqvfsx2aHJeu9IBu-xR3Gn7rdv9l_HZtPKkFg	50
$BWMrEpKFpKKbBz5Ox9zTP3TvT5zyh6w3zhpl-epXhkk	49
$r3Ho1IsdJmJB13pD9yX-Jkg_a5s28kBCqoNZ5EPWwqM	49
$fQ28BQv7GUBcg_Ok7MCh8uTcQLoT2Tkr2BegUMhst1M	49
$S7qfuHyVNKlnX8WQb78EyVSR_7_dnmagLA8asozsQtE	62
$TOzcyxIV2S5U6CP15QCldRMJRaDz1Yaik15PorvZYGc	65
$Sa-w9Co29Yd94wHfPbpfCOuSSlMlorQ7ssiGXYp8oh8	68
$n6TBNMF739-W93vnPpWYiJ_zTj-UGsx8mCtkFUsmkrY	71
$5auMphtCZ9zvRqrhyXpY0s-cZZl2AbvkyGNRbm2h2zc	68
$Yb59onmhkHIpIJ_VnrP0V02pkFQEF1GwuJqZCNRTQeQ	68
$j0CTOXXA4AtSOD0pk6kL2BNsa6j5w517GGfkTqmm9ZE	68
$YgrzVCWDDxVv-dvf3HhpLD0QlN4nD5-CXg0T-gEX6iI	68
$IaI_j1zJZ04lmJmCzJfvnr48U2umqKYG1xogY-r9UNY	68
$TbIhAYsmySe2O7IaMBarYDokr6-UmyH4IYI3SpbhI-Q	71
$YBt0yFQdKC_886W6aXe4LIv5A5BcBP7pXYeF8XLKhH0	71
$-wkWlUVunP818RkFXsoACrEQ85-ybLTc-vWqiil50Vo	71
$kQPpv66TuseXeTXJr41QlqLnJBWNpBA_zgzIaJMjpLc	68
$BG2gCT3tXMWdl5AO704CVjroaQJysHmLZMRN-QrTH8w	71
$AXNJvl1CFFkmeDr63y2IykCN_G-lJiDa4JHsOjaUj4Y	71
$9hK3JsOVrMiv0wKjw57rMkc6mne_XmZ0CRTz65g97ek	71
$uFBLsg4RZn3DtG5dqcZ8A11zEbkWHwPLjk_VQtaj0qM	68
$wFcIkswyANl3CQZdt_hX9g9e2TeFjIzp9bWhcEbBiCI	68
$Y_FmFbCe62ffJ-UyN7IA1IbcRgUsELxe9lGLmGbDg9o	71
$CPoznAc0caDQuTVk0FlfLDWH79HumOVggLi7MDSYT5M	71
$pWJdSD5NsfN2PI0YapF9GmJPDpHhbeH6m--Uc5qoX-A	71
\.


--
-- Data for Name: event_txn_id; Type: TABLE DATA; Schema: public; Owner: synapse
--

COPY public.event_txn_id (event_id, room_id, user_id, token_id, txn_id, inserted_ts) FROM stdin;
$BG2gCT3tXMWdl5AO704CVjroaQJysHmLZMRN-QrTH8w	!dKcbdDATuwwphjRPQP:localhost	@matrix_a:localhost	3	m1673367066651.0	1673367066795
$AXNJvl1CFFkmeDr63y2IykCN_G-lJiDa4JHsOjaUj4Y	!dKcbdDATuwwphjRPQP:localhost	@matrix_a:localhost	3	m1673367091785.0	1673367091864
$9hK3JsOVrMiv0wKjw57rMkc6mne_XmZ0CRTz65g97ek	!dKcbdDATuwwphjRPQP:localhost	@matrix_a:localhost	3	m1673367607022.0	1673367607095
$Y_FmFbCe62ffJ-UyN7IA1IbcRgUsELxe9lGLmGbDg9o	!dKcbdDATuwwphjRPQP:localhost	@matrix_a:localhost	3	m1673367937034.0	1673367937133
$CPoznAc0caDQuTVk0FlfLDWH79HumOVggLi7MDSYT5M	!dKcbdDATuwwphjRPQP:localhost	@matrix_b:localhost	4	m1673367937150.0	1673367937269
$pWJdSD5NsfN2PI0YapF9GmJPDpHhbeH6m--Uc5qoX-A	!dKcbdDATuwwphjRPQP:localhost	@matrix_a:localhost	3	m1673367937285.1	1673367937392
\.


--
-- Data for Name: events; Type: TABLE DATA; Schema: public; Owner: synapse
--

COPY public.events (topological_ordering, event_id, type, room_id, content, unrecognized_keys, processed, outlier, depth, origin_server_ts, received_ts, sender, contains_url, instance_name, stream_ordering) FROM stdin;
1	$mBmRyyvP_Jc-LDi7_hiGD9QTu5XGVXqNMxZM4yDMQPU	m.room.create	!kmbTYjjsDRDHGgVqUP:localhost	\N	\N	t	f	1	1598686327756	1598686327770	@admin:localhost	f	\N	2
2	$_oKaaOfL7rFtPsAsxDmHrCY9sAzFjslRwkJ_QHxHDTw	m.room.member	!kmbTYjjsDRDHGgVqUP:localhost	\N	\N	t	f	2	1598686327803	1598686327820	@admin:localhost	f	\N	3
3	$BYyVCPyJh9PVJBsxDwm9NakGY19DlCJJ1GlCcYpTv8w	m.room.power_levels	!kmbTYjjsDRDHGgVqUP:localhost	\N	\N	t	f	3	1598686327849	1598686327860	@admin:localhost	f	\N	4
4	$X8tdoEsXAgBC6gobCepAn3rwO8CJoQU6i9NN9Rzhukg	m.room.canonical_alias	!kmbTYjjsDRDHGgVqUP:localhost	\N	\N	t	f	4	1598686327933	1598686327989	@admin:localhost	f	\N	5
5	$G_m59AjH2Y1FX4D11JDsmEETfHGAWoknTIdv-_XYW2o	m.room.join_rules	!kmbTYjjsDRDHGgVqUP:localhost	\N	\N	t	f	5	1598686328055	1598686328083	@admin:localhost	f	\N	6
6	$O5iO4EII22igkDq5cMKHFB-SGIYD0KqJQXZohS2Dzc0	m.room.history_visibility	!kmbTYjjsDRDHGgVqUP:localhost	\N	\N	t	f	6	1598686328127	1598686328156	@admin:localhost	f	\N	7
1	$Rczn5GeJ1aYMBU_oXSIF8ppVk8WEruaYIBA3FE7Yq88	m.room.create	!dKcbdDATuwwphjRPQP:localhost	\N	\N	t	f	1	1598686328210	1598686328221	@admin:localhost	f	\N	8
2	$PeAJ6BypXjJegHiUjcYe-I6Cf4NuCPICi_yUb-fyauA	m.room.member	!dKcbdDATuwwphjRPQP:localhost	\N	\N	t	f	2	1598686328245	1598686328258	@admin:localhost	f	\N	9
3	$P98vptI_jrNYKKnTTDYouThgohgHqJkD5Rcj0gDgxII	m.room.power_levels	!dKcbdDATuwwphjRPQP:localhost	\N	\N	t	f	3	1598686328280	1598686328291	@admin:localhost	f	\N	10
4	$b__a7rX3L5YpX7nAZte73DAbjtXZK48JH8VKSnGOKKw	m.room.canonical_alias	!dKcbdDATuwwphjRPQP:localhost	\N	\N	t	f	4	1598686328305	1598686328319	@admin:localhost	f	\N	11
5	$hEtlt0NU16h0ix9xBX0MDJR0g54ATEZ4S96udYzYBqs	m.room.join_rules	!dKcbdDATuwwphjRPQP:localhost	\N	\N	t	f	5	1598686328338	1598686328349	@admin:localhost	f	\N	12
6	$TVnvv0nGbLydCBtMmTTz-htMsoI4hmxCr3s9AHyFGHQ	m.room.history_visibility	!dKcbdDATuwwphjRPQP:localhost	\N	\N	t	f	6	1598686328366	1598686328379	@admin:localhost	f	\N	13
7	$N33GyONpuSa3zRNJk1CtLYdhqJbhXBwSpAlUUm-zmB8	m.room.member	!kmbTYjjsDRDHGgVqUP:localhost	\N	\N	t	f	7	1598686328406	1598686328420	@matrix_a:localhost	f	\N	14
7	$wd-zBsOV9K_8HbhPARZ91kf5cfZwLKRi7yBBGGNUAb0	m.room.member	!dKcbdDATuwwphjRPQP:localhost	\N	\N	t	f	7	1598686328450	1598686328461	@matrix_a:localhost	f	\N	15
8	$llCtN-sfVC1IOdDQXgskgx4jl97hQHfKnEH-IP-lyvk	m.room.member	!kmbTYjjsDRDHGgVqUP:localhost	\N	\N	t	f	8	1598686328493	1598686328506	@matrix_b:localhost	f	\N	16
8	$4ZLf-3JRJMLLADbzome2n_5rZNEeHEFIo3w1xN4KKu0	m.room.member	!dKcbdDATuwwphjRPQP:localhost	\N	\N	t	f	8	1598686328533	1598686328544	@matrix_b:localhost	f	\N	17
9	$hD2Z-BHkSscOTiftcJe1n-peOIsihQlQbtyjR2IkTmA	m.room.member	!kmbTYjjsDRDHGgVqUP:localhost	\N	\N	t	f	9	1598686328575	1598686328587	@ignored_user:localhost	f	\N	18
9	$Svf91tyGyUuzelYH8bbzM6QXuI9Xcab-XMXjCrIgM5A	m.room.member	!dKcbdDATuwwphjRPQP:localhost	\N	\N	t	f	9	1598686328616	1598686328628	@ignored_user:localhost	f	\N	19
10	$mGK5pQEzegKFhAPXc0TX7drNl2qyJL8ajxnJRmA3kN8	m.room.member	!dKcbdDATuwwphjRPQP:localhost	\N	\N	t	f	10	1672856701211	1672856701311	@matterbot:localhost	f	master	21
10	$666ybhBdzZc96KCxYMslNrmlLRi8w6uUusi8J4BUVNM	m.room.member	!kmbTYjjsDRDHGgVqUP:localhost	\N	\N	t	f	10	1672856701213	1672856701312	@matterbot:localhost	f	master	20
11	$wEzXoaJoNtWHISsmLEY6T-CdgUw21BFOyAw1HcKBBh0	m.room.member	!dKcbdDATuwwphjRPQP:localhost	\N	\N	t	f	11	1672856704532	1672856704619	@matterbot:localhost	f	master	22
11	$2KF1FxA50OygX8tA7bnhmld7ePb4eIDsQaPB5ssgUSc	m.room.member	!kmbTYjjsDRDHGgVqUP:localhost	\N	\N	t	f	11	1672856704711	1672856704833	@matterbot:localhost	f	master	23
12	$g-ojtwk6OBH0sIWVdUrIlKfcesmKRj0kfU5E9ZjKlug	m.room.member	!dKcbdDATuwwphjRPQP:localhost	\N	\N	t	f	12	1672856704815	1672856704859	@matterbot:localhost	f	master	24
12	$5zlbkFcwjX3ScF4jwQP_koQvnG_-hWrIYwwn4RhXMGs	m.room.member	!kmbTYjjsDRDHGgVqUP:localhost	\N	\N	t	f	12	1672856704946	1672856705058	@matterbot:localhost	f	master	25
13	$PSZPiF2_GHeawUZsuFzgg_JuCtoOyaf_11-uLulGF0c	m.room.member	!dKcbdDATuwwphjRPQP:localhost	\N	\N	t	f	13	1672856705079	1672856705112	@mm_mattermost_b:localhost	f	master	26
13	$t5n7gGV4l0pVzkJq8YJdQm4IFq3hTrEHABs9QiejsEA	m.room.member	!kmbTYjjsDRDHGgVqUP:localhost	\N	\N	t	f	13	1672856705294	1672856705364	@mm_mattermost_b:localhost	f	master	27
14	$CPrx1EOiKU0xFQBY1-CbMIp4Nx64vw33awql9URc-is	m.room.member	!dKcbdDATuwwphjRPQP:localhost	\N	\N	t	f	14	1672856705313	1672856705395	@mm_mattermost_a:localhost	f	master	28
14	$FiPh76BhP5tT1Hors997MJgDvrehT02uvfmqsY25ilk	m.room.member	!kmbTYjjsDRDHGgVqUP:localhost	\N	\N	t	f	14	1672856705533	1672856705596	@mm_mattermost_a:localhost	f	master	29
15	$cVpm7JtI2FA6jT91bWn5avhRlFg_CpMA5HRanoYhkJs	m.room.message	!kmbTYjjsDRDHGgVqUP:localhost	\N	\N	t	f	15	1672856706015	1672856706055	@mm_mattermost_a:localhost	f	master	30
16	$jD0GZ5JDGHZiN5kp0llsZ-TSj7JcaRn8CDsEQiyeJ3w	m.room.message	!kmbTYjjsDRDHGgVqUP:localhost	\N	\N	t	f	16	1672856706271	1672856706296	@matrix_a:localhost	f	master	31
17	$1-1XawRJVm29pQHrbkTGcQ-bYWMPoyyXEnV9D0NRRF8	m.room.message	!kmbTYjjsDRDHGgVqUP:localhost	\N	\N	t	f	17	1672856706565	1672856706596	@mm_mattermost_a:localhost	f	master	32
18	$hr9BoL0M0CcPevs38ww5_bA24p8HFiP4e9dlGuPrGWs	m.room.message	!kmbTYjjsDRDHGgVqUP:localhost	\N	\N	t	f	18	1672856706805	1672856706834	@matrix_b:localhost	f	master	33
15	$QM2BSnrrZmMuXPjs3AMnJ7zVsHHdXmGmCFPjoGqBlaQ	m.room.message	!dKcbdDATuwwphjRPQP:localhost	\N	\N	t	f	15	1672856707072	1672856707097	@mm_mattermost_a:localhost	f	master	34
19	$_OchgUntbLcDcJV42YEeAhH2t22AW-wlAxjRPO0SYfU	m.room.message	!kmbTYjjsDRDHGgVqUP:localhost	\N	\N	t	f	19	1672856707296	1672856707319	@matrix_a:localhost	f	master	35
16	$Z5cKxfveccJ3nnCMqKA-jwkRw9hbVrCMv6R68J8oPVg	m.room.message	!dKcbdDATuwwphjRPQP:localhost	\N	\N	t	f	16	1672856707574	1672856707608	@mm_mattermost_b:localhost	f	master	36
17	$G1fvwCN2g1XjFzNmxLnkU_pe19oYNSqJMKqzj8kfXCk	m.room.message	!dKcbdDATuwwphjRPQP:localhost	\N	\N	t	f	17	1672856707732	1672856707767	@mm_mattermost_b:localhost	t	master	37
20	$Jt6sBZkF1u2z9OovN4zzqiZfS0rQPS2vVpynSjt9ypI	m.room.message	!kmbTYjjsDRDHGgVqUP:localhost	\N	\N	t	f	20	1672856707997	1672856708019	@matrix_a:localhost	t	master	38
18	$xRdCRWLb62a-YRgcfBkJSxc7lUVFkdZnQfSIvcKWw88	m.room.message	!dKcbdDATuwwphjRPQP:localhost	\N	\N	t	f	18	1672856708238	1672856708264	@matrix_a:localhost	f	master	39
21	$kHkn3X5sgQZbnc7m1GNs3FoN729sUsLsqASYxvh3Jb8	m.room.member	!kmbTYjjsDRDHGgVqUP:localhost	\N	\N	t	f	21	1672918494139	1672918494204	@user1:localhost	f	master	40
19	$cl-cBWQqCEUtQdjEqlQcE0PD7MCeX1R25oC5CKqb7oE	m.room.member	!dKcbdDATuwwphjRPQP:localhost	\N	\N	t	f	19	1672918508427	1672918508472	@user1:localhost	f	master	41
20	$8a8OTFPqvfsx2aHJeu9IBu-xR3Gn7rdv9l_HZtPKkFg	m.room.message	!dKcbdDATuwwphjRPQP:localhost	\N	\N	t	f	20	1672920683485	1672920683531	@admin:localhost	f	master	42
22	$BWMrEpKFpKKbBz5Ox9zTP3TvT5zyh6w3zhpl-epXhkk	m.room.message	!kmbTYjjsDRDHGgVqUP:localhost	\N	\N	t	f	22	1672920816788	1672920816831	@admin:localhost	f	master	43
23	$r3Ho1IsdJmJB13pD9yX-Jkg_a5s28kBCqoNZ5EPWwqM	m.room.message	!kmbTYjjsDRDHGgVqUP:localhost	\N	\N	t	f	23	1672921550713	1672921550743	@matrix_b:localhost	f	master	44
24	$fQ28BQv7GUBcg_Ok7MCh8uTcQLoT2Tkr2BegUMhst1M	m.room.message	!kmbTYjjsDRDHGgVqUP:localhost	\N	\N	t	f	24	1672921603138	1672921603164	@matrix_b:localhost	f	master	45
22	$n6TBNMF739-W93vnPpWYiJ_zTj-UGsx8mCtkFUsmkrY	m.room.member	!dKcbdDATuwwphjRPQP:localhost	\N	\N	t	f	22	1672922249928	1672922250009	@mm_user1:localhost	f	master	49
23	$TbIhAYsmySe2O7IaMBarYDokr6-UmyH4IYI3SpbhI-Q	m.room.message	!dKcbdDATuwwphjRPQP:localhost	\N	\N	t	f	23	1672922654500	1672922654526	@mm_user1:localhost	f	master	55
25	$S7qfuHyVNKlnX8WQb78EyVSR_7_dnmagLA8asozsQtE	m.room.member	!kmbTYjjsDRDHGgVqUP:localhost	\N	\N	t	f	25	1672922249364	1672922249453	@matterbot:localhost	f	master	46
21	$TOzcyxIV2S5U6CP15QCldRMJRaDz1Yaik15PorvZYGc	m.room.member	!dKcbdDATuwwphjRPQP:localhost	\N	\N	t	f	21	1672922249479	1672922249596	@matterbot:localhost	f	master	47
26	$Sa-w9Co29Yd94wHfPbpfCOuSSlMlorQ7ssiGXYp8oh8	m.room.member	!kmbTYjjsDRDHGgVqUP:localhost	\N	\N	t	f	26	1672922249759	1672922249852	@mm_user1:localhost	f	master	48
27	$5auMphtCZ9zvRqrhyXpY0s-cZZl2AbvkyGNRbm2h2zc	m.room.message	!kmbTYjjsDRDHGgVqUP:localhost	\N	\N	t	f	27	1672922287761	1672922287799	@mm_user1:localhost	f	master	50
28	$Yb59onmhkHIpIJ_VnrP0V02pkFQEF1GwuJqZCNRTQeQ	m.room.message	!kmbTYjjsDRDHGgVqUP:localhost	\N	\N	t	f	28	1672922412287	1672922412359	@matrix_b:localhost	f	master	51
29	$j0CTOXXA4AtSOD0pk6kL2BNsa6j5w517GGfkTqmm9ZE	m.room.message	!kmbTYjjsDRDHGgVqUP:localhost	\N	\N	t	f	29	1672922547588	1672922547621	@mm_user1:localhost	f	master	52
30	$YgrzVCWDDxVv-dvf3HhpLD0QlN4nD5-CXg0T-gEX6iI	m.reaction	!kmbTYjjsDRDHGgVqUP:localhost	\N	\N	t	f	30	1672922566841	1672922566878	@user1:localhost	f	master	53
31	$IaI_j1zJZ04lmJmCzJfvnr48U2umqKYG1xogY-r9UNY	m.room.message	!kmbTYjjsDRDHGgVqUP:localhost	\N	\N	t	f	31	1672922600605	1672922600637	@user1:localhost	f	master	54
24	$YBt0yFQdKC_886W6aXe4LIv5A5BcBP7pXYeF8XLKhH0	m.room.message	!dKcbdDATuwwphjRPQP:localhost	\N	\N	t	f	24	1672922655109	1672922655131	@mm_user1:localhost	t	master	56
25	$-wkWlUVunP818RkFXsoACrEQ85-ybLTc-vWqiil50Vo	m.room.message	!dKcbdDATuwwphjRPQP:localhost	\N	\N	t	f	25	1672923027781	1672923027845	@mm_mattermost_a:localhost	f	master	57
32	$kQPpv66TuseXeTXJr41QlqLnJBWNpBA_zgzIaJMjpLc	m.room.message	!kmbTYjjsDRDHGgVqUP:localhost	\N	\N	t	f	32	1672923221916	1672923221954	@matrix_b:localhost	f	master	58
26	$BG2gCT3tXMWdl5AO704CVjroaQJysHmLZMRN-QrTH8w	m.room.message	!dKcbdDATuwwphjRPQP:localhost	\N	\N	t	f	26	1673367066720	1673367066793	@matrix_a:localhost	f	master	59
27	$AXNJvl1CFFkmeDr63y2IykCN_G-lJiDa4JHsOjaUj4Y	m.room.message	!dKcbdDATuwwphjRPQP:localhost	\N	\N	t	f	27	1673367091822	1673367091862	@matrix_a:localhost	f	master	60
28	$9hK3JsOVrMiv0wKjw57rMkc6mne_XmZ0CRTz65g97ek	m.room.message	!dKcbdDATuwwphjRPQP:localhost	\N	\N	t	f	28	1673367607062	1673367607094	@matrix_a:localhost	f	master	61
33	$uFBLsg4RZn3DtG5dqcZ8A11zEbkWHwPLjk_VQtaj0qM	m.room.message	!kmbTYjjsDRDHGgVqUP:localhost	\N	\N	t	f	33	1673367804476	1673367804515	@mm_mattermost_a:localhost	f	master	62
34	$wFcIkswyANl3CQZdt_hX9g9e2TeFjIzp9bWhcEbBiCI	m.room.message	!kmbTYjjsDRDHGgVqUP:localhost	\N	\N	t	f	34	1673367882756	1673367882785	@mm_mattermost_a:localhost	f	master	63
29	$Y_FmFbCe62ffJ-UyN7IA1IbcRgUsELxe9lGLmGbDg9o	m.room.message	!dKcbdDATuwwphjRPQP:localhost	\N	\N	t	f	29	1673367937094	1673367937130	@matrix_a:localhost	f	master	64
30	$CPoznAc0caDQuTVk0FlfLDWH79HumOVggLi7MDSYT5M	m.room.message	!dKcbdDATuwwphjRPQP:localhost	\N	\N	t	f	30	1673367937228	1673367937268	@matrix_b:localhost	f	master	65
31	$pWJdSD5NsfN2PI0YapF9GmJPDpHhbeH6m--Uc5qoX-A	m.room.message	!dKcbdDATuwwphjRPQP:localhost	\N	\N	t	f	31	1673367937356	1673367937391	@matrix_a:localhost	f	master	66
\.


--
-- Data for Name: ex_outlier_stream; Type: TABLE DATA; Schema: public; Owner: synapse
--

COPY public.ex_outlier_stream (event_stream_ordering, event_id, state_group, instance_name) FROM stdin;
\.


--
-- Data for Name: federation_inbound_events_staging; Type: TABLE DATA; Schema: public; Owner: synapse
--

COPY public.federation_inbound_events_staging (origin, room_id, event_id, received_ts, event_json, internal_metadata) FROM stdin;
\.


--
-- Data for Name: federation_stream_position; Type: TABLE DATA; Schema: public; Owner: synapse
--

COPY public.federation_stream_position (type, stream_id, instance_name) FROM stdin;
federation	-1	master
events	66	master
\.


--
-- Data for Name: group_attestations_remote; Type: TABLE DATA; Schema: public; Owner: synapse
--

COPY public.group_attestations_remote (group_id, user_id, valid_until_ms, attestation_json) FROM stdin;
\.


--
-- Data for Name: group_attestations_renewals; Type: TABLE DATA; Schema: public; Owner: synapse
--

COPY public.group_attestations_renewals (group_id, user_id, valid_until_ms) FROM stdin;
\.


--
-- Data for Name: group_invites; Type: TABLE DATA; Schema: public; Owner: synapse
--

COPY public.group_invites (group_id, user_id) FROM stdin;
\.


--
-- Data for Name: group_roles; Type: TABLE DATA; Schema: public; Owner: synapse
--

COPY public.group_roles (group_id, role_id, profile, is_public) FROM stdin;
\.


--
-- Data for Name: group_room_categories; Type: TABLE DATA; Schema: public; Owner: synapse
--

COPY public.group_room_categories (group_id, category_id, profile, is_public) FROM stdin;
\.


--
-- Data for Name: group_rooms; Type: TABLE DATA; Schema: public; Owner: synapse
--

COPY public.group_rooms (group_id, room_id, is_public) FROM stdin;
\.


--
-- Data for Name: group_summary_roles; Type: TABLE DATA; Schema: public; Owner: synapse
--

COPY public.group_summary_roles (group_id, role_id, role_order) FROM stdin;
\.


--
-- Data for Name: group_summary_room_categories; Type: TABLE DATA; Schema: public; Owner: synapse
--

COPY public.group_summary_room_categories (group_id, category_id, cat_order) FROM stdin;
\.


--
-- Data for Name: group_summary_rooms; Type: TABLE DATA; Schema: public; Owner: synapse
--

COPY public.group_summary_rooms (group_id, room_id, category_id, room_order, is_public) FROM stdin;
\.


--
-- Data for Name: group_summary_users; Type: TABLE DATA; Schema: public; Owner: synapse
--

COPY public.group_summary_users (group_id, user_id, role_id, user_order, is_public) FROM stdin;
\.


--
-- Data for Name: group_users; Type: TABLE DATA; Schema: public; Owner: synapse
--

COPY public.group_users (group_id, user_id, is_admin, is_public) FROM stdin;
\.


--
-- Data for Name: groups; Type: TABLE DATA; Schema: public; Owner: synapse
--

COPY public.groups (group_id, name, avatar_url, short_description, long_description, is_public, join_policy) FROM stdin;
\.


--
-- Data for Name: ignored_users; Type: TABLE DATA; Schema: public; Owner: synapse
--

COPY public.ignored_users (ignorer_user_id, ignored_user_id) FROM stdin;
\.


--
-- Data for Name: insertion_event_edges; Type: TABLE DATA; Schema: public; Owner: synapse
--

COPY public.insertion_event_edges (event_id, room_id, insertion_prev_event_id) FROM stdin;
\.


--
-- Data for Name: insertion_event_extremities; Type: TABLE DATA; Schema: public; Owner: synapse
--

COPY public.insertion_event_extremities (event_id, room_id) FROM stdin;
\.


--
-- Data for Name: insertion_events; Type: TABLE DATA; Schema: public; Owner: synapse
--

COPY public.insertion_events (event_id, room_id, next_batch_id) FROM stdin;
\.


--
-- Data for Name: instance_map; Type: TABLE DATA; Schema: public; Owner: synapse
--

COPY public.instance_map (instance_id, instance_name) FROM stdin;
\.


--
-- Data for Name: local_current_membership; Type: TABLE DATA; Schema: public; Owner: synapse
--

COPY public.local_current_membership (room_id, user_id, event_id, membership) FROM stdin;
!kmbTYjjsDRDHGgVqUP:localhost	@admin:localhost	$_oKaaOfL7rFtPsAsxDmHrCY9sAzFjslRwkJ_QHxHDTw	join
!dKcbdDATuwwphjRPQP:localhost	@admin:localhost	$PeAJ6BypXjJegHiUjcYe-I6Cf4NuCPICi_yUb-fyauA	join
!kmbTYjjsDRDHGgVqUP:localhost	@matrix_a:localhost	$N33GyONpuSa3zRNJk1CtLYdhqJbhXBwSpAlUUm-zmB8	join
!dKcbdDATuwwphjRPQP:localhost	@matrix_a:localhost	$wd-zBsOV9K_8HbhPARZ91kf5cfZwLKRi7yBBGGNUAb0	join
!kmbTYjjsDRDHGgVqUP:localhost	@matrix_b:localhost	$llCtN-sfVC1IOdDQXgskgx4jl97hQHfKnEH-IP-lyvk	join
!dKcbdDATuwwphjRPQP:localhost	@matrix_b:localhost	$4ZLf-3JRJMLLADbzome2n_5rZNEeHEFIo3w1xN4KKu0	join
!kmbTYjjsDRDHGgVqUP:localhost	@ignored_user:localhost	$hD2Z-BHkSscOTiftcJe1n-peOIsihQlQbtyjR2IkTmA	join
!dKcbdDATuwwphjRPQP:localhost	@ignored_user:localhost	$Svf91tyGyUuzelYH8bbzM6QXuI9Xcab-XMXjCrIgM5A	join
!dKcbdDATuwwphjRPQP:localhost	@matterbot:localhost	$mGK5pQEzegKFhAPXc0TX7drNl2qyJL8ajxnJRmA3kN8	join
!kmbTYjjsDRDHGgVqUP:localhost	@matterbot:localhost	$666ybhBdzZc96KCxYMslNrmlLRi8w6uUusi8J4BUVNM	join
!dKcbdDATuwwphjRPQP:localhost	@mm_mattermost_b:localhost	$PSZPiF2_GHeawUZsuFzgg_JuCtoOyaf_11-uLulGF0c	join
!kmbTYjjsDRDHGgVqUP:localhost	@mm_mattermost_b:localhost	$t5n7gGV4l0pVzkJq8YJdQm4IFq3hTrEHABs9QiejsEA	join
!dKcbdDATuwwphjRPQP:localhost	@mm_mattermost_a:localhost	$CPrx1EOiKU0xFQBY1-CbMIp4Nx64vw33awql9URc-is	join
!kmbTYjjsDRDHGgVqUP:localhost	@mm_mattermost_a:localhost	$FiPh76BhP5tT1Hors997MJgDvrehT02uvfmqsY25ilk	join
!kmbTYjjsDRDHGgVqUP:localhost	@user1:localhost	$kHkn3X5sgQZbnc7m1GNs3FoN729sUsLsqASYxvh3Jb8	join
!dKcbdDATuwwphjRPQP:localhost	@user1:localhost	$cl-cBWQqCEUtQdjEqlQcE0PD7MCeX1R25oC5CKqb7oE	join
!kmbTYjjsDRDHGgVqUP:localhost	@mm_user1:localhost	$Sa-w9Co29Yd94wHfPbpfCOuSSlMlorQ7ssiGXYp8oh8	join
!dKcbdDATuwwphjRPQP:localhost	@mm_user1:localhost	$n6TBNMF739-W93vnPpWYiJ_zTj-UGsx8mCtkFUsmkrY	join
\.


--
-- Data for Name: local_group_membership; Type: TABLE DATA; Schema: public; Owner: synapse
--

COPY public.local_group_membership (group_id, user_id, is_admin, membership, is_publicised, content) FROM stdin;
\.


--
-- Data for Name: local_group_updates; Type: TABLE DATA; Schema: public; Owner: synapse
--

COPY public.local_group_updates (stream_id, group_id, user_id, type, content) FROM stdin;
\.


--
-- Data for Name: local_media_repository; Type: TABLE DATA; Schema: public; Owner: synapse
--

COPY public.local_media_repository (media_id, media_type, media_length, created_ts, upload_name, user_id, quarantined_by, url_cache, last_access_ts, safe_from_quarantine) FROM stdin;
uVWXteoIJOgvlXENjBgBOUcc	text/plain	8	1672856707962	mydata	@matrix_a:localhost	\N	\N	1672856724667	f
fndsNAAjXPUHvtbKurhIoDum	application/octet-stream	11	1672856707685	filename	@mm_mattermost_b:localhost	\N	\N	1672856724667	f
riXoaRqUQVaJbMHbhxJcKwHB	image/png	172914	1672922654767	Testing_in_VS_Code.png	@mm_user1:localhost	\N	\N	1672922670835	f
\.


--
-- Data for Name: local_media_repository_thumbnails; Type: TABLE DATA; Schema: public; Owner: synapse
--

COPY public.local_media_repository_thumbnails (media_id, thumbnail_width, thumbnail_height, thumbnail_type, thumbnail_method, thumbnail_length) FROM stdin;
riXoaRqUQVaJbMHbhxJcKwHB	32	32	image/png	crop	4942
riXoaRqUQVaJbMHbhxJcKwHB	96	96	image/png	crop	14985
riXoaRqUQVaJbMHbhxJcKwHB	320	171	image/png	scale	59178
riXoaRqUQVaJbMHbhxJcKwHB	640	343	image/png	scale	162554
riXoaRqUQVaJbMHbhxJcKwHB	800	429	image/png	scale	220318
\.


--
-- Data for Name: local_media_repository_url_cache; Type: TABLE DATA; Schema: public; Owner: synapse
--

COPY public.local_media_repository_url_cache (url, response_code, etag, expires_ts, og, media_id, download_ts) FROM stdin;
\.


--
-- Data for Name: monthly_active_users; Type: TABLE DATA; Schema: public; Owner: synapse
--

COPY public.monthly_active_users (user_id, "timestamp") FROM stdin;
\.


--
-- Data for Name: open_id_tokens; Type: TABLE DATA; Schema: public; Owner: synapse
--

COPY public.open_id_tokens (token, ts_valid_until_ms, user_id) FROM stdin;
\.


--
-- Data for Name: presence; Type: TABLE DATA; Schema: public; Owner: synapse
--

COPY public.presence (user_id, state, status_msg, mtime) FROM stdin;
\.


--
-- Data for Name: presence_stream; Type: TABLE DATA; Schema: public; Owner: synapse
--

COPY public.presence_stream (stream_id, user_id, state, last_active_ts, last_federation_update_ts, last_user_sync_ts, status_msg, currently_active, instance_name) FROM stdin;
6	@mm_mattermost_b:localhost	offline	1672856707628	1672856707628	0	\N	f	master
98	@mm_user1:localhost	offline	1672922655202	1672922649578	0	\N	f	master
54	@admin:localhost	offline	1672920816866	1672920816866	1672856707927	\N	t	master
137	@user1:localhost	offline	1672925620061	1673367046780	1672925620061	\N	t	master
142	@mm_mattermost_a:localhost	offline	1673367882816	1673367882816	0	\N	f	master
144	@matrix_b:localhost	offline	1673367937309	1673367937309	0	\N	f	master
145	@matrix_a:localhost	offline	1673367937421	1673367937157	0	\N	f	master
\.


--
-- Data for Name: profiles; Type: TABLE DATA; Schema: public; Owner: synapse
--

COPY public.profiles (user_id, displayname, avatar_url) FROM stdin;
admin	Admin User	\N
matrix_a	Matrix UserA	\N
matrix_b	matrix_b	\N
ignored_user	ignored_user	\N
matterbot	Mattermost Bridge	\N
user1	User 1	\N
mm_mattermost_a	MattermostUser A [mm]	\N
mm_user1	user1 [mm]	\N
mm_mattermost_b	mattermost_b [mm]	\N
\.


--
-- Data for Name: public_room_list_stream; Type: TABLE DATA; Schema: public; Owner: synapse
--

COPY public.public_room_list_stream (stream_id, room_id, visibility, appservice_id, network_id) FROM stdin;
\.


--
-- Data for Name: push_rules; Type: TABLE DATA; Schema: public; Owner: synapse
--

COPY public.push_rules (id, user_name, rule_id, priority_class, priority, conditions, actions) FROM stdin;
\.


--
-- Data for Name: push_rules_enable; Type: TABLE DATA; Schema: public; Owner: synapse
--

COPY public.push_rules_enable (id, user_name, rule_id, enabled) FROM stdin;
\.


--
-- Data for Name: push_rules_stream; Type: TABLE DATA; Schema: public; Owner: synapse
--

COPY public.push_rules_stream (stream_id, event_stream_ordering, user_id, rule_id, op, priority_class, priority, conditions, actions) FROM stdin;
\.


--
-- Data for Name: pusher_throttle; Type: TABLE DATA; Schema: public; Owner: synapse
--

COPY public.pusher_throttle (pusher, room_id, last_sent_ts, throttle_ms) FROM stdin;
\.


--
-- Data for Name: pushers; Type: TABLE DATA; Schema: public; Owner: synapse
--

COPY public.pushers (id, user_name, access_token, profile_tag, kind, app_id, app_display_name, device_display_name, pushkey, ts, lang, data, last_stream_ordering, last_success, failing_since) FROM stdin;
\.


--
-- Data for Name: ratelimit_override; Type: TABLE DATA; Schema: public; Owner: synapse
--

COPY public.ratelimit_override (user_id, messages_per_second, burst_count) FROM stdin;
\.


--
-- Data for Name: receipts_graph; Type: TABLE DATA; Schema: public; Owner: synapse
--

COPY public.receipts_graph (room_id, receipt_type, user_id, event_ids, data) FROM stdin;
!dKcbdDATuwwphjRPQP:localhost	m.read	@user1:localhost	["$-wkWlUVunP818RkFXsoACrEQ85-ybLTc-vWqiil50Vo"]	{"ts":1672923138326,"hidden":false}
!kmbTYjjsDRDHGgVqUP:localhost	m.read	@user1:localhost	["$kQPpv66TuseXeTXJr41QlqLnJBWNpBA_zgzIaJMjpLc"]	{"ts":1672925390056,"hidden":false}
\.


--
-- Data for Name: receipts_linearized; Type: TABLE DATA; Schema: public; Owner: synapse
--

COPY public.receipts_linearized (stream_id, room_id, receipt_type, user_id, event_id, data, instance_name) FROM stdin;
10	!dKcbdDATuwwphjRPQP:localhost	m.read	@user1:localhost	$-wkWlUVunP818RkFXsoACrEQ85-ybLTc-vWqiil50Vo	{"ts":1672923138326,"hidden":false}	\N
11	!kmbTYjjsDRDHGgVqUP:localhost	m.read	@user1:localhost	$kQPpv66TuseXeTXJr41QlqLnJBWNpBA_zgzIaJMjpLc	{"ts":1672925390056,"hidden":false}	\N
\.


--
-- Data for Name: received_transactions; Type: TABLE DATA; Schema: public; Owner: synapse
--

COPY public.received_transactions (transaction_id, origin, ts, response_code, response_json, has_been_referenced) FROM stdin;
\.


--
-- Data for Name: redactions; Type: TABLE DATA; Schema: public; Owner: synapse
--

COPY public.redactions (event_id, redacts, have_censored, received_ts) FROM stdin;
\.


--
-- Data for Name: refresh_tokens; Type: TABLE DATA; Schema: public; Owner: synapse
--

COPY public.refresh_tokens (id, user_id, device_id, token, next_token_id) FROM stdin;
\.


--
-- Data for Name: registration_tokens; Type: TABLE DATA; Schema: public; Owner: synapse
--

COPY public.registration_tokens (token, uses_allowed, pending, completed, expiry_time) FROM stdin;
\.


--
-- Data for Name: rejections; Type: TABLE DATA; Schema: public; Owner: synapse
--

COPY public.rejections (event_id, reason, last_check) FROM stdin;
\.


--
-- Data for Name: remote_media_cache; Type: TABLE DATA; Schema: public; Owner: synapse
--

COPY public.remote_media_cache (media_origin, media_id, media_type, created_ts, upload_name, media_length, filesystem_id, last_access_ts, quarantined_by) FROM stdin;
\.


--
-- Data for Name: remote_media_cache_thumbnails; Type: TABLE DATA; Schema: public; Owner: synapse
--

COPY public.remote_media_cache_thumbnails (media_origin, media_id, thumbnail_width, thumbnail_height, thumbnail_method, thumbnail_type, thumbnail_length, filesystem_id) FROM stdin;
\.


--
-- Data for Name: remote_profile_cache; Type: TABLE DATA; Schema: public; Owner: synapse
--

COPY public.remote_profile_cache (user_id, displayname, avatar_url, last_check) FROM stdin;
\.


--
-- Data for Name: room_account_data; Type: TABLE DATA; Schema: public; Owner: synapse
--

COPY public.room_account_data (user_id, room_id, account_data_type, stream_id, content, instance_name) FROM stdin;
@user1:localhost	!dKcbdDATuwwphjRPQP:localhost	m.fully_read	29	{"event_id":"$-wkWlUVunP818RkFXsoACrEQ85-ybLTc-vWqiil50Vo"}	\N
@user1:localhost	!kmbTYjjsDRDHGgVqUP:localhost	m.fully_read	31	{"event_id":"$kQPpv66TuseXeTXJr41QlqLnJBWNpBA_zgzIaJMjpLc"}	\N
\.


--
-- Data for Name: room_alias_servers; Type: TABLE DATA; Schema: public; Owner: synapse
--

COPY public.room_alias_servers (room_alias, server) FROM stdin;
#town-square:localhost	localhost
#off-topic:localhost	localhost
\.


--
-- Data for Name: room_aliases; Type: TABLE DATA; Schema: public; Owner: synapse
--

COPY public.room_aliases (room_alias, room_id, creator) FROM stdin;
#town-square:localhost	!kmbTYjjsDRDHGgVqUP:localhost	@admin:localhost
#off-topic:localhost	!dKcbdDATuwwphjRPQP:localhost	@admin:localhost
\.


--
-- Data for Name: room_depth; Type: TABLE DATA; Schema: public; Owner: synapse
--

COPY public.room_depth (room_id, min_depth) FROM stdin;
!kmbTYjjsDRDHGgVqUP:localhost	1
!dKcbdDATuwwphjRPQP:localhost	1
\.


--
-- Data for Name: room_memberships; Type: TABLE DATA; Schema: public; Owner: synapse
--

COPY public.room_memberships (event_id, user_id, sender, room_id, membership, forgotten, display_name, avatar_url) FROM stdin;
$_oKaaOfL7rFtPsAsxDmHrCY9sAzFjslRwkJ_QHxHDTw	@admin:localhost	@admin:localhost	!kmbTYjjsDRDHGgVqUP:localhost	join	0	admin	\N
$PeAJ6BypXjJegHiUjcYe-I6Cf4NuCPICi_yUb-fyauA	@admin:localhost	@admin:localhost	!dKcbdDATuwwphjRPQP:localhost	join	0	admin	\N
$N33GyONpuSa3zRNJk1CtLYdhqJbhXBwSpAlUUm-zmB8	@matrix_a:localhost	@matrix_a:localhost	!kmbTYjjsDRDHGgVqUP:localhost	join	0	matrix_a	\N
$wd-zBsOV9K_8HbhPARZ91kf5cfZwLKRi7yBBGGNUAb0	@matrix_a:localhost	@matrix_a:localhost	!dKcbdDATuwwphjRPQP:localhost	join	0	matrix_a	\N
$llCtN-sfVC1IOdDQXgskgx4jl97hQHfKnEH-IP-lyvk	@matrix_b:localhost	@matrix_b:localhost	!kmbTYjjsDRDHGgVqUP:localhost	join	0	matrix_b	\N
$4ZLf-3JRJMLLADbzome2n_5rZNEeHEFIo3w1xN4KKu0	@matrix_b:localhost	@matrix_b:localhost	!dKcbdDATuwwphjRPQP:localhost	join	0	matrix_b	\N
$hD2Z-BHkSscOTiftcJe1n-peOIsihQlQbtyjR2IkTmA	@ignored_user:localhost	@ignored_user:localhost	!kmbTYjjsDRDHGgVqUP:localhost	join	0	ignored_user	\N
$Svf91tyGyUuzelYH8bbzM6QXuI9Xcab-XMXjCrIgM5A	@ignored_user:localhost	@ignored_user:localhost	!dKcbdDATuwwphjRPQP:localhost	join	0	ignored_user	\N
$mGK5pQEzegKFhAPXc0TX7drNl2qyJL8ajxnJRmA3kN8	@matterbot:localhost	@matterbot:localhost	!dKcbdDATuwwphjRPQP:localhost	join	0	Mattermost Bridge	\N
$666ybhBdzZc96KCxYMslNrmlLRi8w6uUusi8J4BUVNM	@matterbot:localhost	@matterbot:localhost	!kmbTYjjsDRDHGgVqUP:localhost	join	0	Mattermost Bridge	\N
$wEzXoaJoNtWHISsmLEY6T-CdgUw21BFOyAw1HcKBBh0	@mm_mattermost_b:localhost	@matterbot:localhost	!dKcbdDATuwwphjRPQP:localhost	invite	0	mattermost_b [mm]	\N
$2KF1FxA50OygX8tA7bnhmld7ePb4eIDsQaPB5ssgUSc	@mm_mattermost_b:localhost	@matterbot:localhost	!kmbTYjjsDRDHGgVqUP:localhost	invite	0	mattermost_b [mm]	\N
$g-ojtwk6OBH0sIWVdUrIlKfcesmKRj0kfU5E9ZjKlug	@mm_mattermost_a:localhost	@matterbot:localhost	!dKcbdDATuwwphjRPQP:localhost	invite	0	MattermostUser A [mm]	\N
$5zlbkFcwjX3ScF4jwQP_koQvnG_-hWrIYwwn4RhXMGs	@mm_mattermost_a:localhost	@matterbot:localhost	!kmbTYjjsDRDHGgVqUP:localhost	invite	0	MattermostUser A [mm]	\N
$PSZPiF2_GHeawUZsuFzgg_JuCtoOyaf_11-uLulGF0c	@mm_mattermost_b:localhost	@mm_mattermost_b:localhost	!dKcbdDATuwwphjRPQP:localhost	join	0	mattermost_b [mm]	\N
$t5n7gGV4l0pVzkJq8YJdQm4IFq3hTrEHABs9QiejsEA	@mm_mattermost_b:localhost	@mm_mattermost_b:localhost	!kmbTYjjsDRDHGgVqUP:localhost	join	0	mattermost_b [mm]	\N
$CPrx1EOiKU0xFQBY1-CbMIp4Nx64vw33awql9URc-is	@mm_mattermost_a:localhost	@mm_mattermost_a:localhost	!dKcbdDATuwwphjRPQP:localhost	join	0	MattermostUser A [mm]	\N
$FiPh76BhP5tT1Hors997MJgDvrehT02uvfmqsY25ilk	@mm_mattermost_a:localhost	@mm_mattermost_a:localhost	!kmbTYjjsDRDHGgVqUP:localhost	join	0	MattermostUser A [mm]	\N
$kHkn3X5sgQZbnc7m1GNs3FoN729sUsLsqASYxvh3Jb8	@user1:localhost	@user1:localhost	!kmbTYjjsDRDHGgVqUP:localhost	join	0	User 1	\N
$cl-cBWQqCEUtQdjEqlQcE0PD7MCeX1R25oC5CKqb7oE	@user1:localhost	@user1:localhost	!dKcbdDATuwwphjRPQP:localhost	join	0	User 1	\N
$S7qfuHyVNKlnX8WQb78EyVSR_7_dnmagLA8asozsQtE	@mm_user1:localhost	@matterbot:localhost	!kmbTYjjsDRDHGgVqUP:localhost	invite	0	user1 [mm]	\N
$TOzcyxIV2S5U6CP15QCldRMJRaDz1Yaik15PorvZYGc	@mm_user1:localhost	@matterbot:localhost	!dKcbdDATuwwphjRPQP:localhost	invite	0	user1 [mm]	\N
$Sa-w9Co29Yd94wHfPbpfCOuSSlMlorQ7ssiGXYp8oh8	@mm_user1:localhost	@mm_user1:localhost	!kmbTYjjsDRDHGgVqUP:localhost	join	0	user1 [mm]	\N
$n6TBNMF739-W93vnPpWYiJ_zTj-UGsx8mCtkFUsmkrY	@mm_user1:localhost	@mm_user1:localhost	!dKcbdDATuwwphjRPQP:localhost	join	0	user1 [mm]	\N
\.


--
-- Data for Name: room_retention; Type: TABLE DATA; Schema: public; Owner: synapse
--

COPY public.room_retention (room_id, event_id, min_lifetime, max_lifetime) FROM stdin;
\.


--
-- Data for Name: room_stats_current; Type: TABLE DATA; Schema: public; Owner: synapse
--

COPY public.room_stats_current (room_id, current_state_events, joined_members, invited_members, left_members, banned_members, local_users_in_room, completed_delta_stream_id, knocked_members) FROM stdin;
!kmbTYjjsDRDHGgVqUP:localhost	14	9	0	0	0	9	48	0
!dKcbdDATuwwphjRPQP:localhost	14	9	0	0	0	9	49	0
\.


--
-- Data for Name: room_stats_earliest_token; Type: TABLE DATA; Schema: public; Owner: synapse
--

COPY public.room_stats_earliest_token (room_id, token) FROM stdin;
\.


--
-- Data for Name: room_stats_historical; Type: TABLE DATA; Schema: public; Owner: synapse
--

COPY public.room_stats_historical (room_id, end_ts, bucket_size, current_state_events, joined_members, invited_members, left_members, banned_members, local_users_in_room, total_events, total_event_bytes, knocked_members) FROM stdin;
!kmbTYjjsDRDHGgVqUP:localhost	1598745600000	86400000	9	4	0	0	0	4	9	6709	\N
!dKcbdDATuwwphjRPQP:localhost	1598745600000	86400000	9	4	0	0	0	4	9	6707	\N
\.


--
-- Data for Name: room_stats_state; Type: TABLE DATA; Schema: public; Owner: synapse
--

COPY public.room_stats_state (room_id, name, canonical_alias, join_rules, history_visibility, encryption, avatar, guest_access, is_federatable, topic) FROM stdin;
!dKcbdDATuwwphjRPQP:localhost	\N	#off-topic:localhost	public	shared	\N	\N	\N	t	\N
!kmbTYjjsDRDHGgVqUP:localhost	\N	#town-square:localhost	public	shared	\N	\N	\N	t	\N
\.


--
-- Data for Name: room_tags; Type: TABLE DATA; Schema: public; Owner: synapse
--

COPY public.room_tags (user_id, room_id, tag, content) FROM stdin;
\.


--
-- Data for Name: room_tags_revisions; Type: TABLE DATA; Schema: public; Owner: synapse
--

COPY public.room_tags_revisions (user_id, room_id, stream_id, instance_name) FROM stdin;
\.


--
-- Data for Name: rooms; Type: TABLE DATA; Schema: public; Owner: synapse
--

COPY public.rooms (room_id, is_public, creator, room_version, has_auth_chain_index) FROM stdin;
!dKcbdDATuwwphjRPQP:localhost	t	@admin:localhost	5	t
!kmbTYjjsDRDHGgVqUP:localhost	t	@admin:localhost	5	t
\.


--
-- Data for Name: schema_compat_version; Type: TABLE DATA; Schema: public; Owner: synapse
--

COPY public.schema_compat_version (lock, compat_version) FROM stdin;
X	60
\.


--
-- Data for Name: schema_version; Type: TABLE DATA; Schema: public; Owner: synapse
--

COPY public.schema_version (lock, version, upgraded) FROM stdin;
X	65	t
\.


--
-- Data for Name: server_keys_json; Type: TABLE DATA; Schema: public; Owner: synapse
--

COPY public.server_keys_json (server_name, key_id, from_server, ts_added_ms, ts_valid_until_ms, key_json) FROM stdin;
\.


--
-- Data for Name: server_signature_keys; Type: TABLE DATA; Schema: public; Owner: synapse
--

COPY public.server_signature_keys (server_name, key_id, from_server, ts_added_ms, verify_key, ts_valid_until_ms) FROM stdin;
\.


--
-- Data for Name: sessions; Type: TABLE DATA; Schema: public; Owner: synapse
--

COPY public.sessions (session_type, session_id, value, expiry_time_ms) FROM stdin;
\.


--
-- Data for Name: state_events; Type: TABLE DATA; Schema: public; Owner: synapse
--

COPY public.state_events (event_id, room_id, type, state_key, prev_state) FROM stdin;
$mBmRyyvP_Jc-LDi7_hiGD9QTu5XGVXqNMxZM4yDMQPU	!kmbTYjjsDRDHGgVqUP:localhost	m.room.create		\N
$_oKaaOfL7rFtPsAsxDmHrCY9sAzFjslRwkJ_QHxHDTw	!kmbTYjjsDRDHGgVqUP:localhost	m.room.member	@admin:localhost	\N
$BYyVCPyJh9PVJBsxDwm9NakGY19DlCJJ1GlCcYpTv8w	!kmbTYjjsDRDHGgVqUP:localhost	m.room.power_levels		\N
$X8tdoEsXAgBC6gobCepAn3rwO8CJoQU6i9NN9Rzhukg	!kmbTYjjsDRDHGgVqUP:localhost	m.room.canonical_alias		\N
$G_m59AjH2Y1FX4D11JDsmEETfHGAWoknTIdv-_XYW2o	!kmbTYjjsDRDHGgVqUP:localhost	m.room.join_rules		\N
$O5iO4EII22igkDq5cMKHFB-SGIYD0KqJQXZohS2Dzc0	!kmbTYjjsDRDHGgVqUP:localhost	m.room.history_visibility		\N
$Rczn5GeJ1aYMBU_oXSIF8ppVk8WEruaYIBA3FE7Yq88	!dKcbdDATuwwphjRPQP:localhost	m.room.create		\N
$PeAJ6BypXjJegHiUjcYe-I6Cf4NuCPICi_yUb-fyauA	!dKcbdDATuwwphjRPQP:localhost	m.room.member	@admin:localhost	\N
$P98vptI_jrNYKKnTTDYouThgohgHqJkD5Rcj0gDgxII	!dKcbdDATuwwphjRPQP:localhost	m.room.power_levels		\N
$b__a7rX3L5YpX7nAZte73DAbjtXZK48JH8VKSnGOKKw	!dKcbdDATuwwphjRPQP:localhost	m.room.canonical_alias		\N
$hEtlt0NU16h0ix9xBX0MDJR0g54ATEZ4S96udYzYBqs	!dKcbdDATuwwphjRPQP:localhost	m.room.join_rules		\N
$TVnvv0nGbLydCBtMmTTz-htMsoI4hmxCr3s9AHyFGHQ	!dKcbdDATuwwphjRPQP:localhost	m.room.history_visibility		\N
$N33GyONpuSa3zRNJk1CtLYdhqJbhXBwSpAlUUm-zmB8	!kmbTYjjsDRDHGgVqUP:localhost	m.room.member	@matrix_a:localhost	\N
$wd-zBsOV9K_8HbhPARZ91kf5cfZwLKRi7yBBGGNUAb0	!dKcbdDATuwwphjRPQP:localhost	m.room.member	@matrix_a:localhost	\N
$llCtN-sfVC1IOdDQXgskgx4jl97hQHfKnEH-IP-lyvk	!kmbTYjjsDRDHGgVqUP:localhost	m.room.member	@matrix_b:localhost	\N
$4ZLf-3JRJMLLADbzome2n_5rZNEeHEFIo3w1xN4KKu0	!dKcbdDATuwwphjRPQP:localhost	m.room.member	@matrix_b:localhost	\N
$hD2Z-BHkSscOTiftcJe1n-peOIsihQlQbtyjR2IkTmA	!kmbTYjjsDRDHGgVqUP:localhost	m.room.member	@ignored_user:localhost	\N
$Svf91tyGyUuzelYH8bbzM6QXuI9Xcab-XMXjCrIgM5A	!dKcbdDATuwwphjRPQP:localhost	m.room.member	@ignored_user:localhost	\N
$mGK5pQEzegKFhAPXc0TX7drNl2qyJL8ajxnJRmA3kN8	!dKcbdDATuwwphjRPQP:localhost	m.room.member	@matterbot:localhost	\N
$666ybhBdzZc96KCxYMslNrmlLRi8w6uUusi8J4BUVNM	!kmbTYjjsDRDHGgVqUP:localhost	m.room.member	@matterbot:localhost	\N
$wEzXoaJoNtWHISsmLEY6T-CdgUw21BFOyAw1HcKBBh0	!dKcbdDATuwwphjRPQP:localhost	m.room.member	@mm_mattermost_b:localhost	\N
$2KF1FxA50OygX8tA7bnhmld7ePb4eIDsQaPB5ssgUSc	!kmbTYjjsDRDHGgVqUP:localhost	m.room.member	@mm_mattermost_b:localhost	\N
$g-ojtwk6OBH0sIWVdUrIlKfcesmKRj0kfU5E9ZjKlug	!dKcbdDATuwwphjRPQP:localhost	m.room.member	@mm_mattermost_a:localhost	\N
$5zlbkFcwjX3ScF4jwQP_koQvnG_-hWrIYwwn4RhXMGs	!kmbTYjjsDRDHGgVqUP:localhost	m.room.member	@mm_mattermost_a:localhost	\N
$PSZPiF2_GHeawUZsuFzgg_JuCtoOyaf_11-uLulGF0c	!dKcbdDATuwwphjRPQP:localhost	m.room.member	@mm_mattermost_b:localhost	\N
$t5n7gGV4l0pVzkJq8YJdQm4IFq3hTrEHABs9QiejsEA	!kmbTYjjsDRDHGgVqUP:localhost	m.room.member	@mm_mattermost_b:localhost	\N
$CPrx1EOiKU0xFQBY1-CbMIp4Nx64vw33awql9URc-is	!dKcbdDATuwwphjRPQP:localhost	m.room.member	@mm_mattermost_a:localhost	\N
$FiPh76BhP5tT1Hors997MJgDvrehT02uvfmqsY25ilk	!kmbTYjjsDRDHGgVqUP:localhost	m.room.member	@mm_mattermost_a:localhost	\N
$kHkn3X5sgQZbnc7m1GNs3FoN729sUsLsqASYxvh3Jb8	!kmbTYjjsDRDHGgVqUP:localhost	m.room.member	@user1:localhost	\N
$cl-cBWQqCEUtQdjEqlQcE0PD7MCeX1R25oC5CKqb7oE	!dKcbdDATuwwphjRPQP:localhost	m.room.member	@user1:localhost	\N
$S7qfuHyVNKlnX8WQb78EyVSR_7_dnmagLA8asozsQtE	!kmbTYjjsDRDHGgVqUP:localhost	m.room.member	@mm_user1:localhost	\N
$TOzcyxIV2S5U6CP15QCldRMJRaDz1Yaik15PorvZYGc	!dKcbdDATuwwphjRPQP:localhost	m.room.member	@mm_user1:localhost	\N
$Sa-w9Co29Yd94wHfPbpfCOuSSlMlorQ7ssiGXYp8oh8	!kmbTYjjsDRDHGgVqUP:localhost	m.room.member	@mm_user1:localhost	\N
$n6TBNMF739-W93vnPpWYiJ_zTj-UGsx8mCtkFUsmkrY	!dKcbdDATuwwphjRPQP:localhost	m.room.member	@mm_user1:localhost	\N
\.


--
-- Data for Name: state_group_edges; Type: TABLE DATA; Schema: public; Owner: synapse
--

COPY public.state_group_edges (state_group, prev_state_group) FROM stdin;
2	1
3	2
4	3
5	4
6	5
7	6
9	8
10	9
11	10
12	11
13	12
14	13
15	7
16	14
17	15
18	16
19	17
20	18
21	20
22	19
23	21
24	22
25	23
26	24
27	25
28	26
29	27
30	28
31	29
32	30
33	30
34	29
35	29
36	30
37	29
38	29
39	29
40	30
41	29
42	30
43	29
44	29
45	30
46	30
47	30
48	30
49	30
50	29
51	50
52	50
53	49
54	50
55	49
56	49
57	50
58	49
59	49
60	49
61	49
62	49
63	50
64	50
65	50
66	62
67	62
68	62
69	65
70	65
71	65
72	71
73	71
74	71
75	68
76	71
77	68
78	71
79	68
80	71
81	71
82	68
83	68
84	71
85	68
86	71
87	71
88	68
89	68
90	71
91	68
92	71
93	68
94	71
95	71
97	71
96	68
98	71
99	68
100	68
101	68
102	71
104	71
103	68
106	71
105	68
107	71
108	68
109	68
110	71
111	71
112	68
113	71
114	68
115	68
116	71
118	71
117	68
119	68
120	71
121	68
122	68
123	71
124	68
125	71
126	68
127	71
128	68
129	68
130	71
131	68
132	71
133	68
134	68
135	68
136	71
137	68
138	71
139	71
140	71
141	71
142	71
144	71
143	68
145	68
146	71
147	71
148	71
149	68
151	71
150	68
152	71
153	68
154	71
155	68
156	71
157	68
158	71
159	68
160	68
161	71
162	68
163	68
164	71
165	68
166	71
167	68
168	71
\.


--
-- Data for Name: state_groups; Type: TABLE DATA; Schema: public; Owner: synapse
--

COPY public.state_groups (id, room_id, event_id) FROM stdin;
1	!kmbTYjjsDRDHGgVqUP:localhost	$mBmRyyvP_Jc-LDi7_hiGD9QTu5XGVXqNMxZM4yDMQPU
2	!kmbTYjjsDRDHGgVqUP:localhost	$mBmRyyvP_Jc-LDi7_hiGD9QTu5XGVXqNMxZM4yDMQPU
3	!kmbTYjjsDRDHGgVqUP:localhost	$_oKaaOfL7rFtPsAsxDmHrCY9sAzFjslRwkJ_QHxHDTw
4	!kmbTYjjsDRDHGgVqUP:localhost	$BYyVCPyJh9PVJBsxDwm9NakGY19DlCJJ1GlCcYpTv8w
5	!kmbTYjjsDRDHGgVqUP:localhost	$X8tdoEsXAgBC6gobCepAn3rwO8CJoQU6i9NN9Rzhukg
6	!kmbTYjjsDRDHGgVqUP:localhost	$G_m59AjH2Y1FX4D11JDsmEETfHGAWoknTIdv-_XYW2o
7	!kmbTYjjsDRDHGgVqUP:localhost	$O5iO4EII22igkDq5cMKHFB-SGIYD0KqJQXZohS2Dzc0
8	!dKcbdDATuwwphjRPQP:localhost	$Rczn5GeJ1aYMBU_oXSIF8ppVk8WEruaYIBA3FE7Yq88
9	!dKcbdDATuwwphjRPQP:localhost	$Rczn5GeJ1aYMBU_oXSIF8ppVk8WEruaYIBA3FE7Yq88
10	!dKcbdDATuwwphjRPQP:localhost	$PeAJ6BypXjJegHiUjcYe-I6Cf4NuCPICi_yUb-fyauA
11	!dKcbdDATuwwphjRPQP:localhost	$P98vptI_jrNYKKnTTDYouThgohgHqJkD5Rcj0gDgxII
12	!dKcbdDATuwwphjRPQP:localhost	$b__a7rX3L5YpX7nAZte73DAbjtXZK48JH8VKSnGOKKw
13	!dKcbdDATuwwphjRPQP:localhost	$hEtlt0NU16h0ix9xBX0MDJR0g54ATEZ4S96udYzYBqs
14	!dKcbdDATuwwphjRPQP:localhost	$TVnvv0nGbLydCBtMmTTz-htMsoI4hmxCr3s9AHyFGHQ
15	!kmbTYjjsDRDHGgVqUP:localhost	$N33GyONpuSa3zRNJk1CtLYdhqJbhXBwSpAlUUm-zmB8
16	!dKcbdDATuwwphjRPQP:localhost	$wd-zBsOV9K_8HbhPARZ91kf5cfZwLKRi7yBBGGNUAb0
17	!kmbTYjjsDRDHGgVqUP:localhost	$llCtN-sfVC1IOdDQXgskgx4jl97hQHfKnEH-IP-lyvk
18	!dKcbdDATuwwphjRPQP:localhost	$4ZLf-3JRJMLLADbzome2n_5rZNEeHEFIo3w1xN4KKu0
19	!kmbTYjjsDRDHGgVqUP:localhost	$hD2Z-BHkSscOTiftcJe1n-peOIsihQlQbtyjR2IkTmA
20	!dKcbdDATuwwphjRPQP:localhost	$Svf91tyGyUuzelYH8bbzM6QXuI9Xcab-XMXjCrIgM5A
21	!dKcbdDATuwwphjRPQP:localhost	$mGK5pQEzegKFhAPXc0TX7drNl2qyJL8ajxnJRmA3kN8
22	!kmbTYjjsDRDHGgVqUP:localhost	$666ybhBdzZc96KCxYMslNrmlLRi8w6uUusi8J4BUVNM
23	!dKcbdDATuwwphjRPQP:localhost	$wEzXoaJoNtWHISsmLEY6T-CdgUw21BFOyAw1HcKBBh0
24	!kmbTYjjsDRDHGgVqUP:localhost	$2KF1FxA50OygX8tA7bnhmld7ePb4eIDsQaPB5ssgUSc
25	!dKcbdDATuwwphjRPQP:localhost	$g-ojtwk6OBH0sIWVdUrIlKfcesmKRj0kfU5E9ZjKlug
26	!kmbTYjjsDRDHGgVqUP:localhost	$5zlbkFcwjX3ScF4jwQP_koQvnG_-hWrIYwwn4RhXMGs
27	!dKcbdDATuwwphjRPQP:localhost	$PSZPiF2_GHeawUZsuFzgg_JuCtoOyaf_11-uLulGF0c
28	!kmbTYjjsDRDHGgVqUP:localhost	$t5n7gGV4l0pVzkJq8YJdQm4IFq3hTrEHABs9QiejsEA
29	!dKcbdDATuwwphjRPQP:localhost	$CPrx1EOiKU0xFQBY1-CbMIp4Nx64vw33awql9URc-is
30	!kmbTYjjsDRDHGgVqUP:localhost	$FiPh76BhP5tT1Hors997MJgDvrehT02uvfmqsY25ilk
31	!dKcbdDATuwwphjRPQP:localhost	$VXPRWjwSZVqgUHnl53zmYmjgkIwnaLooG5_SlkPnycM
32	!kmbTYjjsDRDHGgVqUP:localhost	$uMrnYGTMXeUdqEqR84TGX0zTwE9SEBWDCng3vO8CTek
33	!kmbTYjjsDRDHGgVqUP:localhost	$75xtbGJCOOsLWc0XUo9ZyIqmymZTnD6jJu2V95jv7Hw
34	!dKcbdDATuwwphjRPQP:localhost	$pG2WwEmLWTz4kLanqPcAT5CX9ws-TtpqN1UrD8KdZb4
35	!dKcbdDATuwwphjRPQP:localhost	$xDxlr-sUqTiWovtdFPnPHbOzFFDAy6kFZZPJV6mNCFY
36	!kmbTYjjsDRDHGgVqUP:localhost	$7Hfjk7KJ8UEozcm1dahsgdykf0J8J5aiXENWVuTXRD4
37	!dKcbdDATuwwphjRPQP:localhost	$tsbZ991ACPxlKaGqDGub2ovqrXUUi9T_rUjBklWRAg4
38	!dKcbdDATuwwphjRPQP:localhost	$-XcFCqbhZtQolqC_dTm09uNS8ydJrRTl_VXXXJAB1K8
39	!dKcbdDATuwwphjRPQP:localhost	$NRzCjFLfBQEI_SFifuyXVUeTCwk3E7JbDjQm1mcaEkA
40	!kmbTYjjsDRDHGgVqUP:localhost	$47yblOJ7MzrkpPPvAiBNsiPx8wdtB_fKUEnqvyhqD78
41	!dKcbdDATuwwphjRPQP:localhost	$cJQnd1mGgrPNrgs_8nywD8A-cooQ-mrwqpkft2RU_yY
42	!kmbTYjjsDRDHGgVqUP:localhost	$hVTsEAJkVUfSpogysssCUr5v2HmnM4uCsz-PPV6nDFA
43	!dKcbdDATuwwphjRPQP:localhost	$1_TBSNPquC5OjeHEbihsHLFYZY5-9-cArC_V8VIu4Is
44	!dKcbdDATuwwphjRPQP:localhost	$5aA8anp3lkwGI7krM4c64gzZ_jRfRuBg589JFKMYpTM
45	!kmbTYjjsDRDHGgVqUP:localhost	$Gygi1d81ES_mMbuobzjahBNaC7tbgSkiGj4gnyMz4tQ
46	!kmbTYjjsDRDHGgVqUP:localhost	$mKf03aHjmkOTKjUfoCuRrEne10WarLTn7bc_9CtGBUE
47	!kmbTYjjsDRDHGgVqUP:localhost	$61LtN-tB98fviQlqNuiDoWtFh9B3Hfzto_C31td4_R4
48	!kmbTYjjsDRDHGgVqUP:localhost	$s4_VwTURD0AnN0wSTgfTmWAMQ1ZHExnW-XHQlgDXqgw
49	!kmbTYjjsDRDHGgVqUP:localhost	$kHkn3X5sgQZbnc7m1GNs3FoN729sUsLsqASYxvh3Jb8
50	!dKcbdDATuwwphjRPQP:localhost	$cl-cBWQqCEUtQdjEqlQcE0PD7MCeX1R25oC5CKqb7oE
51	!dKcbdDATuwwphjRPQP:localhost	$E7asGSdoMxdTkkqkSW3E0QPPoMvwzykIQvRw-bu2MlE
52	!dKcbdDATuwwphjRPQP:localhost	$C6gG6HIW6wwHiDAGDerxQ21ZtJ_fhVw30Ix9yjYFkLg
53	!kmbTYjjsDRDHGgVqUP:localhost	$Vd4lLlRvqh_TADReKDXjCcwdCyrI8f6PsJFU6zAvpQo
54	!dKcbdDATuwwphjRPQP:localhost	$Iv1tfNd19DYZLXKlL8QGU65IkNXeog_gFzeU4c-U8RE
55	!kmbTYjjsDRDHGgVqUP:localhost	$iID6c4MBkqS7-1WsnDOBQgOYEdr1CVPN9RtxIvUuZg0
56	!kmbTYjjsDRDHGgVqUP:localhost	$EJWKI8eTZpfGTKRknMihyVkHArdXuvLseElldAjwWHQ
57	!dKcbdDATuwwphjRPQP:localhost	$NEDl1FOUS-Ud7GgNcynoPiZMJq9A8YlEyGYxgvc_3f0
58	!kmbTYjjsDRDHGgVqUP:localhost	$ZT_5tMYNZ1KcFnWwJ2-QwQgqee4sEaL4NMvAr9Y7Q28
59	!kmbTYjjsDRDHGgVqUP:localhost	$p4N1aqpvCiZwCtwrwlk0iA--rTP3GRfBXey1T9rrG8s
60	!kmbTYjjsDRDHGgVqUP:localhost	$mN2b23T_CWKCh21s4DSMtK-0Ivse-M4o9tXNl3OcgOY
61	!kmbTYjjsDRDHGgVqUP:localhost	$HgACI5p4LSrFIhIgjLan4Z4eDGKWa3oT4cOknqleKOQ
62	!kmbTYjjsDRDHGgVqUP:localhost	$S7qfuHyVNKlnX8WQb78EyVSR_7_dnmagLA8asozsQtE
63	!dKcbdDATuwwphjRPQP:localhost	$yHUzJmGkEAYoMEmrjCGIimVkrSR-XxoUdwq8U-4YxmQ
64	!dKcbdDATuwwphjRPQP:localhost	$0vL62P-h7UrmHhU4ioF6wSA73ffo6vVKlFK1G7Ebvak
65	!dKcbdDATuwwphjRPQP:localhost	$TOzcyxIV2S5U6CP15QCldRMJRaDz1Yaik15PorvZYGc
66	!kmbTYjjsDRDHGgVqUP:localhost	$ir2lo1K2-OlnQHUaJd6Y3umSj10sEcvqIaj4-YxtREQ
67	!kmbTYjjsDRDHGgVqUP:localhost	$wnL_MRKUuGQ37iq3tlr8xkZ73-622MAnfPaRoQw5Opo
68	!kmbTYjjsDRDHGgVqUP:localhost	$Sa-w9Co29Yd94wHfPbpfCOuSSlMlorQ7ssiGXYp8oh8
69	!dKcbdDATuwwphjRPQP:localhost	$90abgs-hzNifEYaOK-vbTnUUXcU513VrYsJBYNfG4Kw
70	!dKcbdDATuwwphjRPQP:localhost	$Zqk5MoXrcrjH3GJoIQf220q69Vayh-9QHXfRjpic78o
71	!dKcbdDATuwwphjRPQP:localhost	$n6TBNMF739-W93vnPpWYiJ_zTj-UGsx8mCtkFUsmkrY
72	!dKcbdDATuwwphjRPQP:localhost	$uWaTSGIpSJnnCV9HG5a5zGb0LSH2uXK-QLCAgjgit7c
73	!dKcbdDATuwwphjRPQP:localhost	$Tlp9YjzhiKmAmZzyivu0mpIuMlMkzWxFfWlwtj5zHZc
74	!dKcbdDATuwwphjRPQP:localhost	$Fz8vTARO9NHToB2Epr5qUR0gKErUBZcP_iMmnDw9zes
75	!kmbTYjjsDRDHGgVqUP:localhost	$U7q1U4E6PvddrLFkZ-IgZWLNH5JwQMKwxApvSe1Pc-4
76	!dKcbdDATuwwphjRPQP:localhost	$9L0MDAaqrMj6166uwEyUZlzfeWkDRsIVObuS7o00I-0
77	!kmbTYjjsDRDHGgVqUP:localhost	$5aKFhU5uekQTTY47t7WUErsQ6D6i-1sJlaeP9o484XI
78	!dKcbdDATuwwphjRPQP:localhost	$lf5sHxB86UdKZYXr0JC3-12W4nP0DZWeyrbHYYWeiAY
79	!kmbTYjjsDRDHGgVqUP:localhost	$HSX-I2M8_wUkWisApshI9qmmVVWS-oGULipYzBstpqc
80	!dKcbdDATuwwphjRPQP:localhost	$QnfBFeO5dEdm0Fo0xlQ0jZ7Qhl2frK5huiKe-XZeWtI
81	!dKcbdDATuwwphjRPQP:localhost	$7ZbDGxgteTl1uyata87G4m7oMlRXH-7FWGx3fz6Uk3I
82	!kmbTYjjsDRDHGgVqUP:localhost	$xRV_3scri01P3CN8Yk8Uj5kRN98J7r_BzpaYWDcxygU
83	!kmbTYjjsDRDHGgVqUP:localhost	$8dkt8GEzW_rbNRPh07-6uk5r1rixovZPmI_U1JvEZsE
84	!dKcbdDATuwwphjRPQP:localhost	$BLtE2v6TONv723FUOIxXyICUAIEc0MAj4D061ASN98E
85	!kmbTYjjsDRDHGgVqUP:localhost	$zlieYOI1M-BWRYe_7HQtpDzEEdUAGP3P1rppBTpa-gg
86	!dKcbdDATuwwphjRPQP:localhost	$IF-IpV86vc06PJjKQLZLv5zSLo6RhFbFhq4ESflREbs
87	!dKcbdDATuwwphjRPQP:localhost	$MCqISVNNz64_mm1eNx4MdunpBcEs3D4_cccTO7UxeEo
88	!kmbTYjjsDRDHGgVqUP:localhost	$oHONV5zpF0PbMs3W_mfinmmaehaU1mhfF4MgBE1Qe0E
89	!kmbTYjjsDRDHGgVqUP:localhost	$IdBAhjACyTKk0ZNY7q37ukLsaZlamh896aqB4JRp0Ak
90	!dKcbdDATuwwphjRPQP:localhost	$vY1BQo452NDbeb-fQcWAeHNptFSfCH-tz0hyyX_0KHw
91	!kmbTYjjsDRDHGgVqUP:localhost	$N5vnwiqD6vTa8P068T3nm2gC85VBZ9jbhBkidGWH4y4
92	!dKcbdDATuwwphjRPQP:localhost	$MIg8MwA__tVnwKOTSbNMhDbFQdNzOspIdjHunWOWTXo
93	!kmbTYjjsDRDHGgVqUP:localhost	$bFZxglDcEGrzE4UltyM5qble8OPFUYf1HCcyhHkxCZw
94	!dKcbdDATuwwphjRPQP:localhost	$fOw1OK_Z-99J69QwZQnS2w0kErksSQlRVWy_uYMALyQ
95	!dKcbdDATuwwphjRPQP:localhost	$osIKXvE9C_LN7JS2liSacSDe4OMu8i4EfoBZtDc49GA
97	!dKcbdDATuwwphjRPQP:localhost	$pbPnr7boAFsdY2Cl9d9RqHuhCQ4DEuffsodtnqicRQU
96	!kmbTYjjsDRDHGgVqUP:localhost	$MdGvFLu7OgkJmk5QFhh09ch24n_Nm5s0OprzzOQp-BQ
98	!dKcbdDATuwwphjRPQP:localhost	$z56tpDb6SQ20hAAJSnUW4iq5KshMfcyF11ri0jXivjw
99	!kmbTYjjsDRDHGgVqUP:localhost	$Jm5Kq88xqnnlOB5NxlxBKNxnPO1zmqUqN2xBcck3Y8M
100	!kmbTYjjsDRDHGgVqUP:localhost	$GcnmLPU4neOMVVS6jP0mTEuOgHF07GPpzCwVYxkJ2Cg
101	!kmbTYjjsDRDHGgVqUP:localhost	$yp90ZJhZRNi_jnL2rT91wTtQeGY5JgJibxlbtBftEDM
102	!dKcbdDATuwwphjRPQP:localhost	$iGNJEeKe_FaprC9MHkNXpECrv9YZUTEsJ1zTRt8IHRs
104	!dKcbdDATuwwphjRPQP:localhost	$YVzCfjieRla3dc_IRz0__apizPaipgYbNoG38P4Pjzo
103	!kmbTYjjsDRDHGgVqUP:localhost	$Ni9PxK9c_fhaz_L40G_oeOsJ6qBhRpuzQ4hVlVvdf3Y
105	!kmbTYjjsDRDHGgVqUP:localhost	$FbMtJdUuQsncWmh4E6k7GM4g19tqMjdPVk5fayFYGKw
106	!dKcbdDATuwwphjRPQP:localhost	$QKPr0huguKOBW_mgzWz1UbH1JJisQGkItdfgGi0-WPs
107	!dKcbdDATuwwphjRPQP:localhost	$RuNzKCE_vONsTGHU1yfkXlNv9MxUspzI2R_uj5Vosfc
108	!kmbTYjjsDRDHGgVqUP:localhost	$dWASiSCo-ndJXTiZjRYHD4NCvag08EgsJGoJL_uj84s
109	!kmbTYjjsDRDHGgVqUP:localhost	$VUkoEV4SLWYarXN7z8vOsYL0FJlhsOiPdkbatF03VmQ
110	!dKcbdDATuwwphjRPQP:localhost	$ablNMTYzsJyVS-P2d8NBQVanmRI0fAx4PlO42kl_Y9k
111	!dKcbdDATuwwphjRPQP:localhost	$my423N54HYnmSaUQ0yrm5d-qaRo97cijrr95bP5GDNY
112	!kmbTYjjsDRDHGgVqUP:localhost	$tfG11TaVnHZeEAKdavDDjgKea75EY4xxUJ8VOj-Dlxc
113	!dKcbdDATuwwphjRPQP:localhost	$UUTukGCaJitmBKamocHGYrs5OpZNsaSFs2npDQgVpck
114	!kmbTYjjsDRDHGgVqUP:localhost	$GsqAhtVBYcUQXT147PM9v3W9PJ9lSTNq9IajBmUTf00
115	!kmbTYjjsDRDHGgVqUP:localhost	$T9jmxdCLXr5NqlISMd-TEEdMTjqgOCUuOXfEY6iJSIc
116	!dKcbdDATuwwphjRPQP:localhost	$Ev7bxxH2Ah_UTgxUfzAp-Nrm3aAuW7mKcmEBKBuon4w
117	!kmbTYjjsDRDHGgVqUP:localhost	$7l7P6YEqPaWtnCWBCrqUfSgR8qKS4PIBD72DWuBhwqo
118	!dKcbdDATuwwphjRPQP:localhost	$N9WmxGhTdaRvg9iOEMS0IxuXWqRhRSKVXGJd3ga5EIk
119	!kmbTYjjsDRDHGgVqUP:localhost	$ljs81WukGSQKuG8_XIoeEizepuyRmVR9bm7AYGAjjMY
120	!dKcbdDATuwwphjRPQP:localhost	$8d8N-i8RkNQv6QDWFrWzU-jtTVloel7ZWVUeiFyuARA
121	!kmbTYjjsDRDHGgVqUP:localhost	$LA6NcF4ZNwknAoEep2vmqOtrrAVdfx7wWgs2QzGiRI4
122	!kmbTYjjsDRDHGgVqUP:localhost	$PSHlaeauYf8z31NaJjlutB2f6VfoC1jA0zlGvA8ADrM
123	!dKcbdDATuwwphjRPQP:localhost	$_d5NSRVMkmFfGOgLgeuYegLCDiGpzKtSYT3BB_xfJJw
124	!kmbTYjjsDRDHGgVqUP:localhost	$scEWDHms8IkwamZNSy3y5dUXxzdOHy6BqBoOYiLjCFI
125	!dKcbdDATuwwphjRPQP:localhost	$MF98WMCod9mD4-EkjkJzrhITSPUIqifqEfCsAxnZuek
126	!kmbTYjjsDRDHGgVqUP:localhost	$hbOhAMLBEy0NwTmN90Ta3dmHVyd7AIpyDNaoSbGBO9k
127	!dKcbdDATuwwphjRPQP:localhost	$uITK9jNO0mygUpcKMTsvC9-64KigGqBEOAYW7U23jOI
128	!kmbTYjjsDRDHGgVqUP:localhost	$NktchtAWV-fVvZR0Qol52_iH9TiU06dYgz9AtlIUzuk
129	!kmbTYjjsDRDHGgVqUP:localhost	$FCKZ5jvLh3GvFl0ItOxRa2HNNpBn_loc9KtCXC-3izs
130	!dKcbdDATuwwphjRPQP:localhost	$FNl7nQTr424oiWFqebjaFcIQpg301Lrvyf9kxeHnTVY
131	!kmbTYjjsDRDHGgVqUP:localhost	$WTXlWbsTiRT8aidgWXwk8ChcmBIksdKlHYW6UpjhoME
132	!dKcbdDATuwwphjRPQP:localhost	$uXCaMc1vXRfWE1L54EhpIIDFOoox_jjfwMRKGYHBNMM
133	!kmbTYjjsDRDHGgVqUP:localhost	$aHgGhiv3xClOMq6s_WTnvfD9N9bKsW5Kl_3zHi1DCo8
134	!kmbTYjjsDRDHGgVqUP:localhost	$wIw9WkkF9SmKQyihdccvwowSN1P59odk5uQ37tTrCj0
135	!kmbTYjjsDRDHGgVqUP:localhost	$W8WF6wgFgm3CXjarC2waQNs76jelVoxiHhqqRxlqg54
136	!dKcbdDATuwwphjRPQP:localhost	$wRW9LN3T6DjMgSIMDmAMpH2W63NqYfLL9varOo6mTzg
137	!kmbTYjjsDRDHGgVqUP:localhost	$FT0QBjiZiQF6TEwkrh-gfrg40Q32IMNH5WJE-NGoUJw
138	!dKcbdDATuwwphjRPQP:localhost	$okJHwsYIM2qtpJq9X38uFiK0HTVYNC_YVaGGHQSdHi4
139	!dKcbdDATuwwphjRPQP:localhost	$YxrW68PmII4FR3tSV2DlMw5rLJ9tkgN-IAorJK76ZF0
140	!dKcbdDATuwwphjRPQP:localhost	$78FN3rSTksVHlqj3pVwOu4OqyQWb_kojoDv8Z4siAho
141	!dKcbdDATuwwphjRPQP:localhost	$Z-zN6YVNtwc5-sC2_gqVOqGdBWP9MtkZ5AqVVIpVS1c
142	!dKcbdDATuwwphjRPQP:localhost	$zac6ikLLjmhtpGwmeOXeNvFBe13vavuAbgeJ3V--L74
143	!kmbTYjjsDRDHGgVqUP:localhost	$_eGV2WLucuJ5WUj2zxi9h8RoVVLj3epObbai8d9uiBM
144	!dKcbdDATuwwphjRPQP:localhost	$20RPj61r433ltZKlA_zjshrGKHbOwOYzoeqMq9lIibs
145	!kmbTYjjsDRDHGgVqUP:localhost	$ZIKeFFw9iKIo0lQS_EahlQ-2H_MUawJt03OfV4bhkw0
146	!dKcbdDATuwwphjRPQP:localhost	$96z94FnX3Z4wFXhtU5h_MG7dplI3k2OSYPNnaNsWHpA
147	!dKcbdDATuwwphjRPQP:localhost	$CZ9ISJIRtjuUHkQ_afzV7hHpFP__5Y7uCQYpINWev0Q
148	!dKcbdDATuwwphjRPQP:localhost	$FV9fGwTrrsSULTG29HysxmyU0JwQbWkcCp194yuwRr4
149	!kmbTYjjsDRDHGgVqUP:localhost	$mwtCirIztAGJ9ji4rg7nw5VlLm_6_sP0z0pr-8fsEjE
150	!kmbTYjjsDRDHGgVqUP:localhost	$lXaQr4I0TzmD3ElzwPhFSXVI_9njGCaxorSrUNkWosM
151	!dKcbdDATuwwphjRPQP:localhost	$ryVAC4sZ_GuLdWSWf3H49MerHNRZIqb_XZl-cZ4vZX0
152	!dKcbdDATuwwphjRPQP:localhost	$LaKcPOlOyqg3zH15fQrR-9_nEJmKBpzs9PEhhnoa_YM
153	!kmbTYjjsDRDHGgVqUP:localhost	$2IWy9LjE7Krzobf0BDlPHmDQTfC_mlaHfLDRx0D_KSg
154	!dKcbdDATuwwphjRPQP:localhost	$ReZHJ8bn0D949tS1Z4rK1A_OldCeJXSu_z6bvWyxkP8
155	!kmbTYjjsDRDHGgVqUP:localhost	$LytXCAxhhMuXWLqz76rEaUZqJ4vArp4iF4lyJWQAom0
156	!dKcbdDATuwwphjRPQP:localhost	$RVL87O_052WjvihngqMP2wml6CrYR3ETZPS9AQcdkXE
157	!kmbTYjjsDRDHGgVqUP:localhost	$M_TeQ8v6agN7KHCFhaTS2WCcGV35sHVe3G7L3BYV66k
158	!dKcbdDATuwwphjRPQP:localhost	$66z3By-n_vl5wYEwyxkr5XCESaYZdITtfPX-Ql6jJps
159	!kmbTYjjsDRDHGgVqUP:localhost	$qThQV09ZG3001xOhw6wQZwnkYNJCXKMmRAME6mMk6vU
160	!kmbTYjjsDRDHGgVqUP:localhost	$zlrFAQyOfBp0Yk2NhrKS9ZrJTI3TPBpQQ1RU5pA-zsI
161	!dKcbdDATuwwphjRPQP:localhost	$SMfchwwijJRjg-dyUd7PvxmVCmjDKX1pZiNstEClh3w
162	!kmbTYjjsDRDHGgVqUP:localhost	$JFsvZVb4sDfcRmaejalrbwRwwUmXSl8YfFeKzUFCFII
163	!kmbTYjjsDRDHGgVqUP:localhost	$427tt1KJakZ6eyMfnK5SNnOcWTdp-onm1a8NpQAgnOc
164	!dKcbdDATuwwphjRPQP:localhost	$iuxaR3O8IzLXwUEO49jvkuByC2GVQPkx_ZptsZSqf1s
165	!kmbTYjjsDRDHGgVqUP:localhost	$scc5v4OjJXqJETWOTIZHBMv4yvL_rW9zlja0qLLVq0A
166	!dKcbdDATuwwphjRPQP:localhost	$cUrQpzCoYIYF5cYCjqTlmeJv2MQaDU5x8l67Jfki9CA
167	!kmbTYjjsDRDHGgVqUP:localhost	$C8NxDwv8onlxLp7GWZUlJ6Of-DEgpHv2EyxUD5kVawg
168	!dKcbdDATuwwphjRPQP:localhost	$E_NG2FYpoMH4OopElszmCy1RDPEVr5GgaleQve4G3fA
\.


--
-- Data for Name: state_groups_state; Type: TABLE DATA; Schema: public; Owner: synapse
--

COPY public.state_groups_state (state_group, room_id, type, state_key, event_id) FROM stdin;
2	!kmbTYjjsDRDHGgVqUP:localhost	m.room.create		$mBmRyyvP_Jc-LDi7_hiGD9QTu5XGVXqNMxZM4yDMQPU
3	!kmbTYjjsDRDHGgVqUP:localhost	m.room.member	@admin:localhost	$_oKaaOfL7rFtPsAsxDmHrCY9sAzFjslRwkJ_QHxHDTw
4	!kmbTYjjsDRDHGgVqUP:localhost	m.room.power_levels		$BYyVCPyJh9PVJBsxDwm9NakGY19DlCJJ1GlCcYpTv8w
5	!kmbTYjjsDRDHGgVqUP:localhost	m.room.canonical_alias		$X8tdoEsXAgBC6gobCepAn3rwO8CJoQU6i9NN9Rzhukg
6	!kmbTYjjsDRDHGgVqUP:localhost	m.room.join_rules		$G_m59AjH2Y1FX4D11JDsmEETfHGAWoknTIdv-_XYW2o
7	!kmbTYjjsDRDHGgVqUP:localhost	m.room.history_visibility		$O5iO4EII22igkDq5cMKHFB-SGIYD0KqJQXZohS2Dzc0
9	!dKcbdDATuwwphjRPQP:localhost	m.room.create		$Rczn5GeJ1aYMBU_oXSIF8ppVk8WEruaYIBA3FE7Yq88
10	!dKcbdDATuwwphjRPQP:localhost	m.room.member	@admin:localhost	$PeAJ6BypXjJegHiUjcYe-I6Cf4NuCPICi_yUb-fyauA
11	!dKcbdDATuwwphjRPQP:localhost	m.room.power_levels		$P98vptI_jrNYKKnTTDYouThgohgHqJkD5Rcj0gDgxII
12	!dKcbdDATuwwphjRPQP:localhost	m.room.canonical_alias		$b__a7rX3L5YpX7nAZte73DAbjtXZK48JH8VKSnGOKKw
13	!dKcbdDATuwwphjRPQP:localhost	m.room.join_rules		$hEtlt0NU16h0ix9xBX0MDJR0g54ATEZ4S96udYzYBqs
14	!dKcbdDATuwwphjRPQP:localhost	m.room.history_visibility		$TVnvv0nGbLydCBtMmTTz-htMsoI4hmxCr3s9AHyFGHQ
15	!kmbTYjjsDRDHGgVqUP:localhost	m.room.member	@matrix_a:localhost	$N33GyONpuSa3zRNJk1CtLYdhqJbhXBwSpAlUUm-zmB8
16	!dKcbdDATuwwphjRPQP:localhost	m.room.member	@matrix_a:localhost	$wd-zBsOV9K_8HbhPARZ91kf5cfZwLKRi7yBBGGNUAb0
17	!kmbTYjjsDRDHGgVqUP:localhost	m.room.member	@matrix_b:localhost	$llCtN-sfVC1IOdDQXgskgx4jl97hQHfKnEH-IP-lyvk
18	!dKcbdDATuwwphjRPQP:localhost	m.room.member	@matrix_b:localhost	$4ZLf-3JRJMLLADbzome2n_5rZNEeHEFIo3w1xN4KKu0
19	!kmbTYjjsDRDHGgVqUP:localhost	m.room.member	@ignored_user:localhost	$hD2Z-BHkSscOTiftcJe1n-peOIsihQlQbtyjR2IkTmA
20	!dKcbdDATuwwphjRPQP:localhost	m.room.member	@ignored_user:localhost	$Svf91tyGyUuzelYH8bbzM6QXuI9Xcab-XMXjCrIgM5A
21	!dKcbdDATuwwphjRPQP:localhost	m.room.member	@matterbot:localhost	$mGK5pQEzegKFhAPXc0TX7drNl2qyJL8ajxnJRmA3kN8
22	!kmbTYjjsDRDHGgVqUP:localhost	m.room.member	@matterbot:localhost	$666ybhBdzZc96KCxYMslNrmlLRi8w6uUusi8J4BUVNM
23	!dKcbdDATuwwphjRPQP:localhost	m.room.member	@mm_mattermost_b:localhost	$wEzXoaJoNtWHISsmLEY6T-CdgUw21BFOyAw1HcKBBh0
24	!kmbTYjjsDRDHGgVqUP:localhost	m.room.member	@mm_mattermost_b:localhost	$2KF1FxA50OygX8tA7bnhmld7ePb4eIDsQaPB5ssgUSc
25	!dKcbdDATuwwphjRPQP:localhost	m.room.member	@mm_mattermost_a:localhost	$g-ojtwk6OBH0sIWVdUrIlKfcesmKRj0kfU5E9ZjKlug
26	!kmbTYjjsDRDHGgVqUP:localhost	m.room.member	@mm_mattermost_a:localhost	$5zlbkFcwjX3ScF4jwQP_koQvnG_-hWrIYwwn4RhXMGs
27	!dKcbdDATuwwphjRPQP:localhost	m.room.member	@mm_mattermost_b:localhost	$PSZPiF2_GHeawUZsuFzgg_JuCtoOyaf_11-uLulGF0c
28	!kmbTYjjsDRDHGgVqUP:localhost	m.room.member	@mm_mattermost_b:localhost	$t5n7gGV4l0pVzkJq8YJdQm4IFq3hTrEHABs9QiejsEA
29	!dKcbdDATuwwphjRPQP:localhost	m.room.member	@mm_mattermost_a:localhost	$CPrx1EOiKU0xFQBY1-CbMIp4Nx64vw33awql9URc-is
30	!kmbTYjjsDRDHGgVqUP:localhost	m.room.member	@mm_mattermost_a:localhost	$FiPh76BhP5tT1Hors997MJgDvrehT02uvfmqsY25ilk
31	!dKcbdDATuwwphjRPQP:localhost	m.room.member	@matterbot:localhost	$VXPRWjwSZVqgUHnl53zmYmjgkIwnaLooG5_SlkPnycM
32	!kmbTYjjsDRDHGgVqUP:localhost	m.room.member	@matterbot:localhost	$uMrnYGTMXeUdqEqR84TGX0zTwE9SEBWDCng3vO8CTek
33	!kmbTYjjsDRDHGgVqUP:localhost	m.room.member	@mm_mattermost_a:localhost	$75xtbGJCOOsLWc0XUo9ZyIqmymZTnD6jJu2V95jv7Hw
34	!dKcbdDATuwwphjRPQP:localhost	m.room.member	@mm_mattermost_a:localhost	$pG2WwEmLWTz4kLanqPcAT5CX9ws-TtpqN1UrD8KdZb4
35	!dKcbdDATuwwphjRPQP:localhost	m.room.member	@mm_mattermost_a:localhost	$xDxlr-sUqTiWovtdFPnPHbOzFFDAy6kFZZPJV6mNCFY
36	!kmbTYjjsDRDHGgVqUP:localhost	m.room.member	@mm_mattermost_b:localhost	$7Hfjk7KJ8UEozcm1dahsgdykf0J8J5aiXENWVuTXRD4
37	!dKcbdDATuwwphjRPQP:localhost	m.room.member	@mm_mattermost_a:localhost	$tsbZ991ACPxlKaGqDGub2ovqrXUUi9T_rUjBklWRAg4
38	!dKcbdDATuwwphjRPQP:localhost	m.room.member	@mm_mattermost_b:localhost	$-XcFCqbhZtQolqC_dTm09uNS8ydJrRTl_VXXXJAB1K8
39	!dKcbdDATuwwphjRPQP:localhost	m.room.member	@mm_mattermost_b:localhost	$NRzCjFLfBQEI_SFifuyXVUeTCwk3E7JbDjQm1mcaEkA
40	!kmbTYjjsDRDHGgVqUP:localhost	m.room.member	@mm_mattermost_a:localhost	$47yblOJ7MzrkpPPvAiBNsiPx8wdtB_fKUEnqvyhqD78
41	!dKcbdDATuwwphjRPQP:localhost	m.room.member	@mm_mattermost_b:localhost	$cJQnd1mGgrPNrgs_8nywD8A-cooQ-mrwqpkft2RU_yY
42	!kmbTYjjsDRDHGgVqUP:localhost	m.room.member	@mm_mattermost_b:localhost	$hVTsEAJkVUfSpogysssCUr5v2HmnM4uCsz-PPV6nDFA
43	!dKcbdDATuwwphjRPQP:localhost	m.room.member	@mm_mattermost_a:localhost	$1_TBSNPquC5OjeHEbihsHLFYZY5-9-cArC_V8VIu4Is
44	!dKcbdDATuwwphjRPQP:localhost	m.room.member	@mm_mattermost_b:localhost	$5aA8anp3lkwGI7krM4c64gzZ_jRfRuBg589JFKMYpTM
45	!kmbTYjjsDRDHGgVqUP:localhost	m.room.member	@mm_mattermost_a:localhost	$Gygi1d81ES_mMbuobzjahBNaC7tbgSkiGj4gnyMz4tQ
46	!kmbTYjjsDRDHGgVqUP:localhost	m.room.member	@mm_mattermost_b:localhost	$mKf03aHjmkOTKjUfoCuRrEne10WarLTn7bc_9CtGBUE
47	!kmbTYjjsDRDHGgVqUP:localhost	m.room.member	@mm_mattermost_a:localhost	$61LtN-tB98fviQlqNuiDoWtFh9B3Hfzto_C31td4_R4
48	!kmbTYjjsDRDHGgVqUP:localhost	m.room.member	@mm_mattermost_b:localhost	$s4_VwTURD0AnN0wSTgfTmWAMQ1ZHExnW-XHQlgDXqgw
49	!kmbTYjjsDRDHGgVqUP:localhost	m.room.member	@user1:localhost	$kHkn3X5sgQZbnc7m1GNs3FoN729sUsLsqASYxvh3Jb8
50	!dKcbdDATuwwphjRPQP:localhost	m.room.member	@user1:localhost	$cl-cBWQqCEUtQdjEqlQcE0PD7MCeX1R25oC5CKqb7oE
51	!dKcbdDATuwwphjRPQP:localhost	m.room.member	@user1:localhost	$E7asGSdoMxdTkkqkSW3E0QPPoMvwzykIQvRw-bu2MlE
52	!dKcbdDATuwwphjRPQP:localhost	m.room.member	@matterbot:localhost	$C6gG6HIW6wwHiDAGDerxQ21ZtJ_fhVw30Ix9yjYFkLg
53	!kmbTYjjsDRDHGgVqUP:localhost	m.room.member	@matterbot:localhost	$Vd4lLlRvqh_TADReKDXjCcwdCyrI8f6PsJFU6zAvpQo
54	!dKcbdDATuwwphjRPQP:localhost	m.room.member	@mm_mattermost_b:localhost	$Iv1tfNd19DYZLXKlL8QGU65IkNXeog_gFzeU4c-U8RE
55	!kmbTYjjsDRDHGgVqUP:localhost	m.room.member	@mm_mattermost_b:localhost	$iID6c4MBkqS7-1WsnDOBQgOYEdr1CVPN9RtxIvUuZg0
56	!kmbTYjjsDRDHGgVqUP:localhost	m.room.member	@mm_mattermost_b:localhost	$EJWKI8eTZpfGTKRknMihyVkHArdXuvLseElldAjwWHQ
57	!dKcbdDATuwwphjRPQP:localhost	m.room.member	@mm_mattermost_a:localhost	$NEDl1FOUS-Ud7GgNcynoPiZMJq9A8YlEyGYxgvc_3f0
58	!kmbTYjjsDRDHGgVqUP:localhost	m.room.member	@mm_mattermost_b:localhost	$ZT_5tMYNZ1KcFnWwJ2-QwQgqee4sEaL4NMvAr9Y7Q28
69	!dKcbdDATuwwphjRPQP:localhost	m.room.member	@mm_mattermost_b:localhost	$90abgs-hzNifEYaOK-vbTnUUXcU513VrYsJBYNfG4Kw
59	!kmbTYjjsDRDHGgVqUP:localhost	m.room.member	@mm_mattermost_a:localhost	$p4N1aqpvCiZwCtwrwlk0iA--rTP3GRfBXey1T9rrG8s
67	!kmbTYjjsDRDHGgVqUP:localhost	m.room.member	@mm_mattermost_a:localhost	$wnL_MRKUuGQ37iq3tlr8xkZ73-622MAnfPaRoQw5Opo
68	!kmbTYjjsDRDHGgVqUP:localhost	m.room.member	@mm_user1:localhost	$Sa-w9Co29Yd94wHfPbpfCOuSSlMlorQ7ssiGXYp8oh8
60	!kmbTYjjsDRDHGgVqUP:localhost	m.room.member	@mm_mattermost_a:localhost	$mN2b23T_CWKCh21s4DSMtK-0Ivse-M4o9tXNl3OcgOY
72	!dKcbdDATuwwphjRPQP:localhost	m.room.member	@mm_mattermost_b:localhost	$uWaTSGIpSJnnCV9HG5a5zGb0LSH2uXK-QLCAgjgit7c
61	!kmbTYjjsDRDHGgVqUP:localhost	m.room.member	@mm_mattermost_a:localhost	$HgACI5p4LSrFIhIgjLan4Z4eDGKWa3oT4cOknqleKOQ
62	!kmbTYjjsDRDHGgVqUP:localhost	m.room.member	@mm_user1:localhost	$S7qfuHyVNKlnX8WQb78EyVSR_7_dnmagLA8asozsQtE
63	!dKcbdDATuwwphjRPQP:localhost	m.room.member	@mm_mattermost_b:localhost	$yHUzJmGkEAYoMEmrjCGIimVkrSR-XxoUdwq8U-4YxmQ
64	!dKcbdDATuwwphjRPQP:localhost	m.room.member	@mm_mattermost_a:localhost	$0vL62P-h7UrmHhU4ioF6wSA73ffo6vVKlFK1G7Ebvak
65	!dKcbdDATuwwphjRPQP:localhost	m.room.member	@mm_user1:localhost	$TOzcyxIV2S5U6CP15QCldRMJRaDz1Yaik15PorvZYGc
70	!dKcbdDATuwwphjRPQP:localhost	m.room.member	@mm_mattermost_a:localhost	$Zqk5MoXrcrjH3GJoIQf220q69Vayh-9QHXfRjpic78o
71	!dKcbdDATuwwphjRPQP:localhost	m.room.member	@mm_user1:localhost	$n6TBNMF739-W93vnPpWYiJ_zTj-UGsx8mCtkFUsmkrY
66	!kmbTYjjsDRDHGgVqUP:localhost	m.room.member	@mm_mattermost_b:localhost	$ir2lo1K2-OlnQHUaJd6Y3umSj10sEcvqIaj4-YxtREQ
73	!dKcbdDATuwwphjRPQP:localhost	m.room.member	@mm_mattermost_a:localhost	$Tlp9YjzhiKmAmZzyivu0mpIuMlMkzWxFfWlwtj5zHZc
74	!dKcbdDATuwwphjRPQP:localhost	m.room.member	@user1:localhost	$Fz8vTARO9NHToB2Epr5qUR0gKErUBZcP_iMmnDw9zes
75	!kmbTYjjsDRDHGgVqUP:localhost	m.room.member	@matterbot:localhost	$U7q1U4E6PvddrLFkZ-IgZWLNH5JwQMKwxApvSe1Pc-4
76	!dKcbdDATuwwphjRPQP:localhost	m.room.member	@matterbot:localhost	$9L0MDAaqrMj6166uwEyUZlzfeWkDRsIVObuS7o00I-0
77	!kmbTYjjsDRDHGgVqUP:localhost	m.room.member	@matterbot:localhost	$5aKFhU5uekQTTY47t7WUErsQ6D6i-1sJlaeP9o484XI
78	!dKcbdDATuwwphjRPQP:localhost	m.room.member	@matterbot:localhost	$lf5sHxB86UdKZYXr0JC3-12W4nP0DZWeyrbHYYWeiAY
79	!kmbTYjjsDRDHGgVqUP:localhost	m.room.member	@matterbot:localhost	$HSX-I2M8_wUkWisApshI9qmmVVWS-oGULipYzBstpqc
80	!dKcbdDATuwwphjRPQP:localhost	m.room.member	@matterbot:localhost	$QnfBFeO5dEdm0Fo0xlQ0jZ7Qhl2frK5huiKe-XZeWtI
81	!dKcbdDATuwwphjRPQP:localhost	m.room.member	@matterbot:localhost	$7ZbDGxgteTl1uyata87G4m7oMlRXH-7FWGx3fz6Uk3I
82	!kmbTYjjsDRDHGgVqUP:localhost	m.room.member	@matterbot:localhost	$xRV_3scri01P3CN8Yk8Uj5kRN98J7r_BzpaYWDcxygU
83	!kmbTYjjsDRDHGgVqUP:localhost	m.room.member	@matterbot:localhost	$8dkt8GEzW_rbNRPh07-6uk5r1rixovZPmI_U1JvEZsE
84	!dKcbdDATuwwphjRPQP:localhost	m.room.member	@matterbot:localhost	$BLtE2v6TONv723FUOIxXyICUAIEc0MAj4D061ASN98E
85	!kmbTYjjsDRDHGgVqUP:localhost	m.room.member	@matterbot:localhost	$zlieYOI1M-BWRYe_7HQtpDzEEdUAGP3P1rppBTpa-gg
86	!dKcbdDATuwwphjRPQP:localhost	m.room.member	@matterbot:localhost	$IF-IpV86vc06PJjKQLZLv5zSLo6RhFbFhq4ESflREbs
87	!dKcbdDATuwwphjRPQP:localhost	m.room.member	@matterbot:localhost	$MCqISVNNz64_mm1eNx4MdunpBcEs3D4_cccTO7UxeEo
88	!kmbTYjjsDRDHGgVqUP:localhost	m.room.member	@matterbot:localhost	$oHONV5zpF0PbMs3W_mfinmmaehaU1mhfF4MgBE1Qe0E
89	!kmbTYjjsDRDHGgVqUP:localhost	m.room.member	@matterbot:localhost	$IdBAhjACyTKk0ZNY7q37ukLsaZlamh896aqB4JRp0Ak
90	!dKcbdDATuwwphjRPQP:localhost	m.room.member	@matterbot:localhost	$vY1BQo452NDbeb-fQcWAeHNptFSfCH-tz0hyyX_0KHw
91	!kmbTYjjsDRDHGgVqUP:localhost	m.room.member	@matterbot:localhost	$N5vnwiqD6vTa8P068T3nm2gC85VBZ9jbhBkidGWH4y4
92	!dKcbdDATuwwphjRPQP:localhost	m.room.member	@matterbot:localhost	$MIg8MwA__tVnwKOTSbNMhDbFQdNzOspIdjHunWOWTXo
93	!kmbTYjjsDRDHGgVqUP:localhost	m.room.member	@mm_mattermost_a:localhost	$bFZxglDcEGrzE4UltyM5qble8OPFUYf1HCcyhHkxCZw
94	!dKcbdDATuwwphjRPQP:localhost	m.room.member	@mm_mattermost_a:localhost	$fOw1OK_Z-99J69QwZQnS2w0kErksSQlRVWy_uYMALyQ
95	!dKcbdDATuwwphjRPQP:localhost	m.room.member	@mm_mattermost_a:localhost	$osIKXvE9C_LN7JS2liSacSDe4OMu8i4EfoBZtDc49GA
97	!dKcbdDATuwwphjRPQP:localhost	m.room.member	@mm_mattermost_a:localhost	$pbPnr7boAFsdY2Cl9d9RqHuhCQ4DEuffsodtnqicRQU
96	!kmbTYjjsDRDHGgVqUP:localhost	m.room.member	@mm_user1:localhost	$MdGvFLu7OgkJmk5QFhh09ch24n_Nm5s0OprzzOQp-BQ
98	!dKcbdDATuwwphjRPQP:localhost	m.room.member	@mm_user1:localhost	$z56tpDb6SQ20hAAJSnUW4iq5KshMfcyF11ri0jXivjw
99	!kmbTYjjsDRDHGgVqUP:localhost	m.room.member	@mm_user1:localhost	$Jm5Kq88xqnnlOB5NxlxBKNxnPO1zmqUqN2xBcck3Y8M
100	!kmbTYjjsDRDHGgVqUP:localhost	m.room.member	@mm_mattermost_b:localhost	$GcnmLPU4neOMVVS6jP0mTEuOgHF07GPpzCwVYxkJ2Cg
101	!kmbTYjjsDRDHGgVqUP:localhost	m.room.member	@mm_user1:localhost	$yp90ZJhZRNi_jnL2rT91wTtQeGY5JgJibxlbtBftEDM
102	!dKcbdDATuwwphjRPQP:localhost	m.room.member	@mm_mattermost_b:localhost	$iGNJEeKe_FaprC9MHkNXpECrv9YZUTEsJ1zTRt8IHRs
104	!dKcbdDATuwwphjRPQP:localhost	m.room.member	@mm_mattermost_b:localhost	$YVzCfjieRla3dc_IRz0__apizPaipgYbNoG38P4Pjzo
103	!kmbTYjjsDRDHGgVqUP:localhost	m.room.member	@mm_mattermost_a:localhost	$Ni9PxK9c_fhaz_L40G_oeOsJ6qBhRpuzQ4hVlVvdf3Y
106	!dKcbdDATuwwphjRPQP:localhost	m.room.member	@mm_mattermost_a:localhost	$QKPr0huguKOBW_mgzWz1UbH1JJisQGkItdfgGi0-WPs
105	!kmbTYjjsDRDHGgVqUP:localhost	m.room.member	@mm_mattermost_b:localhost	$FbMtJdUuQsncWmh4E6k7GM4g19tqMjdPVk5fayFYGKw
107	!dKcbdDATuwwphjRPQP:localhost	m.room.member	@mm_mattermost_b:localhost	$RuNzKCE_vONsTGHU1yfkXlNv9MxUspzI2R_uj5Vosfc
108	!kmbTYjjsDRDHGgVqUP:localhost	m.room.member	@mm_user1:localhost	$dWASiSCo-ndJXTiZjRYHD4NCvag08EgsJGoJL_uj84s
109	!kmbTYjjsDRDHGgVqUP:localhost	m.room.member	@mm_mattermost_a:localhost	$VUkoEV4SLWYarXN7z8vOsYL0FJlhsOiPdkbatF03VmQ
110	!dKcbdDATuwwphjRPQP:localhost	m.room.member	@mm_mattermost_b:localhost	$ablNMTYzsJyVS-P2d8NBQVanmRI0fAx4PlO42kl_Y9k
115	!kmbTYjjsDRDHGgVqUP:localhost	m.room.member	@mm_mattermost_b:localhost	$T9jmxdCLXr5NqlISMd-TEEdMTjqgOCUuOXfEY6iJSIc
123	!dKcbdDATuwwphjRPQP:localhost	m.room.member	@mm_mattermost_b:localhost	$_d5NSRVMkmFfGOgLgeuYegLCDiGpzKtSYT3BB_xfJJw
128	!kmbTYjjsDRDHGgVqUP:localhost	m.room.member	@mm_mattermost_b:localhost	$NktchtAWV-fVvZR0Qol52_iH9TiU06dYgz9AtlIUzuk
134	!kmbTYjjsDRDHGgVqUP:localhost	m.room.member	@mm_mattermost_b:localhost	$wIw9WkkF9SmKQyihdccvwowSN1P59odk5uQ37tTrCj0
137	!kmbTYjjsDRDHGgVqUP:localhost	m.room.member	@mm_mattermost_a:localhost	$FT0QBjiZiQF6TEwkrh-gfrg40Q32IMNH5WJE-NGoUJw
111	!dKcbdDATuwwphjRPQP:localhost	m.room.member	@mm_user1:localhost	$my423N54HYnmSaUQ0yrm5d-qaRo97cijrr95bP5GDNY
113	!dKcbdDATuwwphjRPQP:localhost	m.room.member	@mm_user1:localhost	$UUTukGCaJitmBKamocHGYrs5OpZNsaSFs2npDQgVpck
117	!kmbTYjjsDRDHGgVqUP:localhost	m.room.member	@matterbot:localhost	$7l7P6YEqPaWtnCWBCrqUfSgR8qKS4PIBD72DWuBhwqo
122	!kmbTYjjsDRDHGgVqUP:localhost	m.room.member	@mm_mattermost_b:localhost	$PSHlaeauYf8z31NaJjlutB2f6VfoC1jA0zlGvA8ADrM
141	!dKcbdDATuwwphjRPQP:localhost	m.room.member	@mm_mattermost_b:localhost	$Z-zN6YVNtwc5-sC2_gqVOqGdBWP9MtkZ5AqVVIpVS1c
112	!kmbTYjjsDRDHGgVqUP:localhost	m.room.member	@mm_mattermost_b:localhost	$tfG11TaVnHZeEAKdavDDjgKea75EY4xxUJ8VOj-Dlxc
127	!dKcbdDATuwwphjRPQP:localhost	m.room.member	@mm_user1:localhost	$uITK9jNO0mygUpcKMTsvC9-64KigGqBEOAYW7U23jOI
132	!dKcbdDATuwwphjRPQP:localhost	m.room.member	@mm_mattermost_a:localhost	$uXCaMc1vXRfWE1L54EhpIIDFOoox_jjfwMRKGYHBNMM
114	!kmbTYjjsDRDHGgVqUP:localhost	m.room.member	@mm_mattermost_a:localhost	$GsqAhtVBYcUQXT147PM9v3W9PJ9lSTNq9IajBmUTf00
116	!dKcbdDATuwwphjRPQP:localhost	m.room.member	@mm_user1:localhost	$Ev7bxxH2Ah_UTgxUfzAp-Nrm3aAuW7mKcmEBKBuon4w
119	!kmbTYjjsDRDHGgVqUP:localhost	m.room.member	@mm_user1:localhost	$ljs81WukGSQKuG8_XIoeEizepuyRmVR9bm7AYGAjjMY
121	!kmbTYjjsDRDHGgVqUP:localhost	m.room.member	@mm_user1:localhost	$LA6NcF4ZNwknAoEep2vmqOtrrAVdfx7wWgs2QzGiRI4
126	!kmbTYjjsDRDHGgVqUP:localhost	m.room.member	@mm_user1:localhost	$hbOhAMLBEy0NwTmN90Ta3dmHVyd7AIpyDNaoSbGBO9k
129	!kmbTYjjsDRDHGgVqUP:localhost	m.room.member	@mm_mattermost_a:localhost	$FCKZ5jvLh3GvFl0ItOxRa2HNNpBn_loc9KtCXC-3izs
135	!kmbTYjjsDRDHGgVqUP:localhost	m.room.member	@mm_mattermost_a:localhost	$W8WF6wgFgm3CXjarC2waQNs76jelVoxiHhqqRxlqg54
138	!dKcbdDATuwwphjRPQP:localhost	m.room.member	@mm_mattermost_a:localhost	$okJHwsYIM2qtpJq9X38uFiK0HTVYNC_YVaGGHQSdHi4
139	!dKcbdDATuwwphjRPQP:localhost	m.room.member	@mm_mattermost_b:localhost	$YxrW68PmII4FR3tSV2DlMw5rLJ9tkgN-IAorJK76ZF0
118	!dKcbdDATuwwphjRPQP:localhost	m.room.member	@matterbot:localhost	$N9WmxGhTdaRvg9iOEMS0IxuXWqRhRSKVXGJd3ga5EIk
136	!dKcbdDATuwwphjRPQP:localhost	m.room.member	@mm_mattermost_b:localhost	$wRW9LN3T6DjMgSIMDmAMpH2W63NqYfLL9varOo6mTzg
120	!dKcbdDATuwwphjRPQP:localhost	m.room.member	@mm_user1:localhost	$8d8N-i8RkNQv6QDWFrWzU-jtTVloel7ZWVUeiFyuARA
133	!kmbTYjjsDRDHGgVqUP:localhost	m.room.member	@mm_mattermost_a:localhost	$aHgGhiv3xClOMq6s_WTnvfD9N9bKsW5Kl_3zHi1DCo8
142	!dKcbdDATuwwphjRPQP:localhost	m.room.member	@mm_mattermost_a:localhost	$zac6ikLLjmhtpGwmeOXeNvFBe13vavuAbgeJ3V--L74
124	!kmbTYjjsDRDHGgVqUP:localhost	m.room.member	@mm_user1:localhost	$scEWDHms8IkwamZNSy3y5dUXxzdOHy6BqBoOYiLjCFI
130	!dKcbdDATuwwphjRPQP:localhost	m.room.member	@mm_user1:localhost	$FNl7nQTr424oiWFqebjaFcIQpg301Lrvyf9kxeHnTVY
131	!kmbTYjjsDRDHGgVqUP:localhost	m.room.member	@mm_mattermost_b:localhost	$WTXlWbsTiRT8aidgWXwk8ChcmBIksdKlHYW6UpjhoME
125	!dKcbdDATuwwphjRPQP:localhost	m.room.member	@mm_user1:localhost	$MF98WMCod9mD4-EkjkJzrhITSPUIqifqEfCsAxnZuek
140	!dKcbdDATuwwphjRPQP:localhost	m.room.member	@mm_mattermost_a:localhost	$78FN3rSTksVHlqj3pVwOu4OqyQWb_kojoDv8Z4siAho
144	!dKcbdDATuwwphjRPQP:localhost	m.room.member	@matterbot:localhost	$20RPj61r433ltZKlA_zjshrGKHbOwOYzoeqMq9lIibs
143	!kmbTYjjsDRDHGgVqUP:localhost	m.room.member	@matterbot:localhost	$_eGV2WLucuJ5WUj2zxi9h8RoVVLj3epObbai8d9uiBM
145	!kmbTYjjsDRDHGgVqUP:localhost	m.room.member	@mm_mattermost_a:localhost	$ZIKeFFw9iKIo0lQS_EahlQ-2H_MUawJt03OfV4bhkw0
146	!dKcbdDATuwwphjRPQP:localhost	m.room.member	@mm_mattermost_a:localhost	$96z94FnX3Z4wFXhtU5h_MG7dplI3k2OSYPNnaNsWHpA
147	!dKcbdDATuwwphjRPQP:localhost	m.room.member	@mm_mattermost_a:localhost	$CZ9ISJIRtjuUHkQ_afzV7hHpFP__5Y7uCQYpINWev0Q
148	!dKcbdDATuwwphjRPQP:localhost	m.room.member	@mm_mattermost_a:localhost	$FV9fGwTrrsSULTG29HysxmyU0JwQbWkcCp194yuwRr4
149	!kmbTYjjsDRDHGgVqUP:localhost	m.room.member	@mm_mattermost_b:localhost	$mwtCirIztAGJ9ji4rg7nw5VlLm_6_sP0z0pr-8fsEjE
151	!dKcbdDATuwwphjRPQP:localhost	m.room.member	@mm_mattermost_b:localhost	$ryVAC4sZ_GuLdWSWf3H49MerHNRZIqb_XZl-cZ4vZX0
150	!kmbTYjjsDRDHGgVqUP:localhost	m.room.member	@mm_mattermost_a:localhost	$lXaQr4I0TzmD3ElzwPhFSXVI_9njGCaxorSrUNkWosM
152	!dKcbdDATuwwphjRPQP:localhost	m.room.member	@mm_mattermost_a:localhost	$LaKcPOlOyqg3zH15fQrR-9_nEJmKBpzs9PEhhnoa_YM
153	!kmbTYjjsDRDHGgVqUP:localhost	m.room.member	@mm_user1:localhost	$2IWy9LjE7Krzobf0BDlPHmDQTfC_mlaHfLDRx0D_KSg
154	!dKcbdDATuwwphjRPQP:localhost	m.room.member	@mm_mattermost_b:localhost	$ReZHJ8bn0D949tS1Z4rK1A_OldCeJXSu_z6bvWyxkP8
155	!kmbTYjjsDRDHGgVqUP:localhost	m.room.member	@mm_mattermost_a:localhost	$LytXCAxhhMuXWLqz76rEaUZqJ4vArp4iF4lyJWQAom0
156	!dKcbdDATuwwphjRPQP:localhost	m.room.member	@mm_user1:localhost	$RVL87O_052WjvihngqMP2wml6CrYR3ETZPS9AQcdkXE
157	!kmbTYjjsDRDHGgVqUP:localhost	m.room.member	@mm_mattermost_a:localhost	$M_TeQ8v6agN7KHCFhaTS2WCcGV35sHVe3G7L3BYV66k
158	!dKcbdDATuwwphjRPQP:localhost	m.room.member	@mm_mattermost_b:localhost	$66z3By-n_vl5wYEwyxkr5XCESaYZdITtfPX-Ql6jJps
159	!kmbTYjjsDRDHGgVqUP:localhost	m.room.member	@mm_user1:localhost	$qThQV09ZG3001xOhw6wQZwnkYNJCXKMmRAME6mMk6vU
160	!kmbTYjjsDRDHGgVqUP:localhost	m.room.member	@mm_user1:localhost	$zlrFAQyOfBp0Yk2NhrKS9ZrJTI3TPBpQQ1RU5pA-zsI
161	!dKcbdDATuwwphjRPQP:localhost	m.room.member	@mm_user1:localhost	$SMfchwwijJRjg-dyUd7PvxmVCmjDKX1pZiNstEClh3w
162	!kmbTYjjsDRDHGgVqUP:localhost	m.room.member	@mm_mattermost_b:localhost	$JFsvZVb4sDfcRmaejalrbwRwwUmXSl8YfFeKzUFCFII
163	!kmbTYjjsDRDHGgVqUP:localhost	m.room.member	@mm_user1:localhost	$427tt1KJakZ6eyMfnK5SNnOcWTdp-onm1a8NpQAgnOc
164	!dKcbdDATuwwphjRPQP:localhost	m.room.member	@mm_mattermost_b:localhost	$iuxaR3O8IzLXwUEO49jvkuByC2GVQPkx_ZptsZSqf1s
165	!kmbTYjjsDRDHGgVqUP:localhost	m.room.member	@mm_mattermost_b:localhost	$scc5v4OjJXqJETWOTIZHBMv4yvL_rW9zlja0qLLVq0A
166	!dKcbdDATuwwphjRPQP:localhost	m.room.member	@mm_user1:localhost	$cUrQpzCoYIYF5cYCjqTlmeJv2MQaDU5x8l67Jfki9CA
167	!kmbTYjjsDRDHGgVqUP:localhost	m.room.member	@mm_mattermost_b:localhost	$C8NxDwv8onlxLp7GWZUlJ6Of-DEgpHv2EyxUD5kVawg
168	!dKcbdDATuwwphjRPQP:localhost	m.room.member	@mm_user1:localhost	$E_NG2FYpoMH4OopElszmCy1RDPEVr5GgaleQve4G3fA
\.


--
-- Data for Name: stats_incremental_position; Type: TABLE DATA; Schema: public; Owner: synapse
--

COPY public.stats_incremental_position (lock, stream_id) FROM stdin;
X	66
\.


--
-- Data for Name: stream_ordering_to_exterm; Type: TABLE DATA; Schema: public; Owner: synapse
--

COPY public.stream_ordering_to_exterm (stream_ordering, room_id, event_id) FROM stdin;
21	!dKcbdDATuwwphjRPQP:localhost	$mGK5pQEzegKFhAPXc0TX7drNl2qyJL8ajxnJRmA3kN8
20	!kmbTYjjsDRDHGgVqUP:localhost	$666ybhBdzZc96KCxYMslNrmlLRi8w6uUusi8J4BUVNM
22	!dKcbdDATuwwphjRPQP:localhost	$wEzXoaJoNtWHISsmLEY6T-CdgUw21BFOyAw1HcKBBh0
23	!kmbTYjjsDRDHGgVqUP:localhost	$2KF1FxA50OygX8tA7bnhmld7ePb4eIDsQaPB5ssgUSc
24	!dKcbdDATuwwphjRPQP:localhost	$g-ojtwk6OBH0sIWVdUrIlKfcesmKRj0kfU5E9ZjKlug
25	!kmbTYjjsDRDHGgVqUP:localhost	$5zlbkFcwjX3ScF4jwQP_koQvnG_-hWrIYwwn4RhXMGs
26	!dKcbdDATuwwphjRPQP:localhost	$PSZPiF2_GHeawUZsuFzgg_JuCtoOyaf_11-uLulGF0c
27	!kmbTYjjsDRDHGgVqUP:localhost	$t5n7gGV4l0pVzkJq8YJdQm4IFq3hTrEHABs9QiejsEA
28	!dKcbdDATuwwphjRPQP:localhost	$CPrx1EOiKU0xFQBY1-CbMIp4Nx64vw33awql9URc-is
29	!kmbTYjjsDRDHGgVqUP:localhost	$FiPh76BhP5tT1Hors997MJgDvrehT02uvfmqsY25ilk
30	!kmbTYjjsDRDHGgVqUP:localhost	$cVpm7JtI2FA6jT91bWn5avhRlFg_CpMA5HRanoYhkJs
31	!kmbTYjjsDRDHGgVqUP:localhost	$jD0GZ5JDGHZiN5kp0llsZ-TSj7JcaRn8CDsEQiyeJ3w
32	!kmbTYjjsDRDHGgVqUP:localhost	$1-1XawRJVm29pQHrbkTGcQ-bYWMPoyyXEnV9D0NRRF8
33	!kmbTYjjsDRDHGgVqUP:localhost	$hr9BoL0M0CcPevs38ww5_bA24p8HFiP4e9dlGuPrGWs
34	!dKcbdDATuwwphjRPQP:localhost	$QM2BSnrrZmMuXPjs3AMnJ7zVsHHdXmGmCFPjoGqBlaQ
35	!kmbTYjjsDRDHGgVqUP:localhost	$_OchgUntbLcDcJV42YEeAhH2t22AW-wlAxjRPO0SYfU
36	!dKcbdDATuwwphjRPQP:localhost	$Z5cKxfveccJ3nnCMqKA-jwkRw9hbVrCMv6R68J8oPVg
37	!dKcbdDATuwwphjRPQP:localhost	$G1fvwCN2g1XjFzNmxLnkU_pe19oYNSqJMKqzj8kfXCk
38	!kmbTYjjsDRDHGgVqUP:localhost	$Jt6sBZkF1u2z9OovN4zzqiZfS0rQPS2vVpynSjt9ypI
39	!dKcbdDATuwwphjRPQP:localhost	$xRdCRWLb62a-YRgcfBkJSxc7lUVFkdZnQfSIvcKWw88
40	!kmbTYjjsDRDHGgVqUP:localhost	$kHkn3X5sgQZbnc7m1GNs3FoN729sUsLsqASYxvh3Jb8
41	!dKcbdDATuwwphjRPQP:localhost	$cl-cBWQqCEUtQdjEqlQcE0PD7MCeX1R25oC5CKqb7oE
42	!dKcbdDATuwwphjRPQP:localhost	$8a8OTFPqvfsx2aHJeu9IBu-xR3Gn7rdv9l_HZtPKkFg
43	!kmbTYjjsDRDHGgVqUP:localhost	$BWMrEpKFpKKbBz5Ox9zTP3TvT5zyh6w3zhpl-epXhkk
44	!kmbTYjjsDRDHGgVqUP:localhost	$r3Ho1IsdJmJB13pD9yX-Jkg_a5s28kBCqoNZ5EPWwqM
45	!kmbTYjjsDRDHGgVqUP:localhost	$fQ28BQv7GUBcg_Ok7MCh8uTcQLoT2Tkr2BegUMhst1M
46	!kmbTYjjsDRDHGgVqUP:localhost	$S7qfuHyVNKlnX8WQb78EyVSR_7_dnmagLA8asozsQtE
47	!dKcbdDATuwwphjRPQP:localhost	$TOzcyxIV2S5U6CP15QCldRMJRaDz1Yaik15PorvZYGc
48	!kmbTYjjsDRDHGgVqUP:localhost	$Sa-w9Co29Yd94wHfPbpfCOuSSlMlorQ7ssiGXYp8oh8
49	!dKcbdDATuwwphjRPQP:localhost	$n6TBNMF739-W93vnPpWYiJ_zTj-UGsx8mCtkFUsmkrY
50	!kmbTYjjsDRDHGgVqUP:localhost	$5auMphtCZ9zvRqrhyXpY0s-cZZl2AbvkyGNRbm2h2zc
51	!kmbTYjjsDRDHGgVqUP:localhost	$Yb59onmhkHIpIJ_VnrP0V02pkFQEF1GwuJqZCNRTQeQ
52	!kmbTYjjsDRDHGgVqUP:localhost	$j0CTOXXA4AtSOD0pk6kL2BNsa6j5w517GGfkTqmm9ZE
53	!kmbTYjjsDRDHGgVqUP:localhost	$YgrzVCWDDxVv-dvf3HhpLD0QlN4nD5-CXg0T-gEX6iI
54	!kmbTYjjsDRDHGgVqUP:localhost	$IaI_j1zJZ04lmJmCzJfvnr48U2umqKYG1xogY-r9UNY
55	!dKcbdDATuwwphjRPQP:localhost	$TbIhAYsmySe2O7IaMBarYDokr6-UmyH4IYI3SpbhI-Q
56	!dKcbdDATuwwphjRPQP:localhost	$YBt0yFQdKC_886W6aXe4LIv5A5BcBP7pXYeF8XLKhH0
57	!dKcbdDATuwwphjRPQP:localhost	$-wkWlUVunP818RkFXsoACrEQ85-ybLTc-vWqiil50Vo
58	!kmbTYjjsDRDHGgVqUP:localhost	$kQPpv66TuseXeTXJr41QlqLnJBWNpBA_zgzIaJMjpLc
59	!dKcbdDATuwwphjRPQP:localhost	$BG2gCT3tXMWdl5AO704CVjroaQJysHmLZMRN-QrTH8w
60	!dKcbdDATuwwphjRPQP:localhost	$AXNJvl1CFFkmeDr63y2IykCN_G-lJiDa4JHsOjaUj4Y
61	!dKcbdDATuwwphjRPQP:localhost	$9hK3JsOVrMiv0wKjw57rMkc6mne_XmZ0CRTz65g97ek
62	!kmbTYjjsDRDHGgVqUP:localhost	$uFBLsg4RZn3DtG5dqcZ8A11zEbkWHwPLjk_VQtaj0qM
63	!kmbTYjjsDRDHGgVqUP:localhost	$wFcIkswyANl3CQZdt_hX9g9e2TeFjIzp9bWhcEbBiCI
64	!dKcbdDATuwwphjRPQP:localhost	$Y_FmFbCe62ffJ-UyN7IA1IbcRgUsELxe9lGLmGbDg9o
65	!dKcbdDATuwwphjRPQP:localhost	$CPoznAc0caDQuTVk0FlfLDWH79HumOVggLi7MDSYT5M
66	!dKcbdDATuwwphjRPQP:localhost	$pWJdSD5NsfN2PI0YapF9GmJPDpHhbeH6m--Uc5qoX-A
\.


--
-- Data for Name: stream_positions; Type: TABLE DATA; Schema: public; Owner: synapse
--

COPY public.stream_positions (stream_name, instance_name, stream_id) FROM stdin;
receipts	master	11
account_data	master	37
events	master	66
presence_stream	master	145
\.


--
-- Data for Name: threepid_guest_access_tokens; Type: TABLE DATA; Schema: public; Owner: synapse
--

COPY public.threepid_guest_access_tokens (medium, address, guest_access_token, first_inviter) FROM stdin;
\.


--
-- Data for Name: threepid_validation_session; Type: TABLE DATA; Schema: public; Owner: synapse
--

COPY public.threepid_validation_session (session_id, medium, address, client_secret, last_send_attempt, validated_at) FROM stdin;
\.


--
-- Data for Name: threepid_validation_token; Type: TABLE DATA; Schema: public; Owner: synapse
--

COPY public.threepid_validation_token (token, session_id, next_link, expires) FROM stdin;
\.


--
-- Data for Name: ui_auth_sessions; Type: TABLE DATA; Schema: public; Owner: synapse
--

COPY public.ui_auth_sessions (session_id, creation_time, serverdict, clientdict, uri, method, description) FROM stdin;
\.


--
-- Data for Name: ui_auth_sessions_credentials; Type: TABLE DATA; Schema: public; Owner: synapse
--

COPY public.ui_auth_sessions_credentials (session_id, stage_type, result) FROM stdin;
\.


--
-- Data for Name: ui_auth_sessions_ips; Type: TABLE DATA; Schema: public; Owner: synapse
--

COPY public.ui_auth_sessions_ips (session_id, ip, user_agent) FROM stdin;
\.


--
-- Data for Name: user_daily_visits; Type: TABLE DATA; Schema: public; Owner: synapse
--

COPY public.user_daily_visits (user_id, device_id, "timestamp", user_agent) FROM stdin;
@admin:localhost	WCSUBIGVWG	1672790400000	
@matrix_a:localhost	TKAVEOGKHH	1672790400000	
@matrix_b:localhost	DJFHSWMXLW	1672790400000	
@admin:localhost	WCSUBIGVWG	1672876800000	PostmanRuntime/7.30.0
@user1:localhost	ZLJUJWPSRR	1672876800000	Mozilla/5.0 (Macintosh; Intel Mac OS X 10_15_7) AppleWebKit/537.36 (KHTML, like Gecko) Element/1.11.17 Chrome/108.0.5359.62 Electron/22.0.0 Safari/537.36
@user1:localhost	NXIGVVVFXK	1672876800000	Mozilla/5.0 (Macintosh; Intel Mac OS X 10_15_7) AppleWebKit/537.36 (KHTML, like Gecko) Element/1.11.17 Chrome/108.0.5359.62 Electron/22.0.0 Safari/537.36
@matrix_b:localhost	DJFHSWMXLW	1672876800000	Playwright/1.29.1 (x64; macOS 12.6) node/18.2
@user1:localhost	MPUPZCTVVU	1672876800000	Mozilla/5.0 (Macintosh; Intel Mac OS X 10_15_7) AppleWebKit/537.36 (KHTML, like Gecko) Element/1.11.17 Chrome/108.0.5359.62 Electron/22.0.0 Safari/537.36
@matrix_a:localhost	TKAVEOGKHH	1673308800000	undici
\.


--
-- Data for Name: user_directory; Type: TABLE DATA; Schema: public; Owner: synapse
--

COPY public.user_directory (user_id, room_id, display_name, avatar_url) FROM stdin;
@admin:localhost	\N	admin	\N
@matrix_a:localhost	\N	matrix_a	\N
@matrix_b:localhost	\N	matrix_b	\N
@ignored_user:localhost	\N	ignored_user	\N
@user1:localhost	\N	User 1	\N
\.


--
-- Data for Name: user_directory_search; Type: TABLE DATA; Schema: public; Owner: synapse
--

COPY public.user_directory_search (user_id, vector) FROM stdin;
@admin:localhost	'admin':1A,3B 'localhost':2
@matrix_a:localhost	'localhost':2 'matrix':1A,3B
@matrix_b:localhost	'b':2A,5B 'localhost':3 'matrix':1A,4B
@ignored_user:localhost	'ignor':1A,4B 'localhost':3 'user':2A,5B
@user1:localhost	'1':4B 'localhost':2 'user':3B 'user1':1A
\.


--
-- Data for Name: user_directory_stream_pos; Type: TABLE DATA; Schema: public; Owner: synapse
--

COPY public.user_directory_stream_pos (lock, stream_id) FROM stdin;
X	66
\.


--
-- Data for Name: user_external_ids; Type: TABLE DATA; Schema: public; Owner: synapse
--

COPY public.user_external_ids (auth_provider, external_id, user_id) FROM stdin;
\.


--
-- Data for Name: user_filters; Type: TABLE DATA; Schema: public; Owner: synapse
--

COPY public.user_filters (user_id, filter_id, filter_json) FROM stdin;
user1	0	\\x7b22726f6f6d223a7b227374617465223a7b226c617a795f6c6f61645f6d656d62657273223a747275657d7d7d
\.


--
-- Data for Name: user_ips; Type: TABLE DATA; Schema: public; Owner: synapse
--

COPY public.user_ips (user_id, access_token, device_id, ip, user_agent, last_seen) FROM stdin;
@user1:localhost	syt_dXNlcjE_vFGpLeZRPNVxPbNorgcL_2sVSJz	ZLJUJWPSRR	172.16.238.1	Mozilla/5.0 (Macintosh; Intel Mac OS X 10_15_7) AppleWebKit/537.36 (KHTML, like Gecko) Element/1.11.17 Chrome/108.0.5359.62 Electron/22.0.0 Safari/537.36	1672918199790
@admin:localhost	MDAxN2xvY2F0aW9uIGxvY2FsaG9zdAowMDEzaWRlbnRpZmllciBrZXkKMDAxMGNpZCBnZW4gPSAxCjAwMjNjaWQgdXNlcl9pZCA9IEBhZG1pbjpsb2NhbGhvc3QKMDAxNmNpZCB0eXBlID0gYWNjZXNzCjAwMjFjaWQgbm9uY2UgPSBXVU9yUTVRMFRnUkNjME1ACjAwMmZzaWduYXR1cmUgdYKA-yuTQ5JV5O0HWRak-48xavOYgA1MMc6A1V_Uw5kK	WCSUBIGVWG	172.16.238.1	PostmanRuntime/7.30.0	1672920816777
@user1:localhost	syt_dXNlcjE_dGiJSUmorpRoxHUDXRjR_0LCV3x	NXIGVVVFXK	172.16.238.1	Mozilla/5.0 (Macintosh; Intel Mac OS X 10_15_7) AppleWebKit/537.36 (KHTML, like Gecko) Element/1.11.17 Chrome/108.0.5359.62 Electron/22.0.0 Safari/537.36	1672925412112
@user1:localhost	syt_dXNlcjE_BEmigoJNqBjQZGIGdMlE_1eiirr	MPUPZCTVVU	172.16.238.1	Mozilla/5.0 (Macintosh; Intel Mac OS X 10_15_7) AppleWebKit/537.36 (KHTML, like Gecko) Element/1.11.17 Chrome/108.0.5359.62 Electron/22.0.0 Safari/537.36	1672925559909
@matrix_b:localhost	MDAxN2xvY2F0aW9uIGxvY2FsaG9zdAowMDEzaWRlbnRpZmllciBrZXkKMDAxMGNpZCBnZW4gPSAxCjAwMjZjaWQgdXNlcl9pZCA9IEBtYXRyaXhfYjpsb2NhbGhvc3QKMDAxNmNpZCB0eXBlID0gYWNjZXNzCjAwMjFjaWQgbm9uY2UgPSBBYl9hbWthI0daSzgtfjdICjAwMmZzaWduYXR1cmUgOReBLkPURCMNtzORS9fpogQqVa3IWN9ZEu5gXW91QTMK	DJFHSWMXLW	172.16.238.1		1673367937199
@matrix_a:localhost	MDAxN2xvY2F0aW9uIGxvY2FsaG9zdAowMDEzaWRlbnRpZmllciBrZXkKMDAxMGNpZCBnZW4gPSAxCjAwMjZjaWQgdXNlcl9pZCA9IEBtYXRyaXhfYTpsb2NhbGhvc3QKMDAxNmNpZCB0eXBlID0gYWNjZXNzCjAwMjFjaWQgbm9uY2UgPSAwb3Y6eTZVdHojUk4jbFprCjAwMmZzaWduYXR1cmUgNNZKnOVRzj5svh9pEM0UUEqtXYnHjnj9XyNLJ1_uKoAK	TKAVEOGKHH	172.16.238.1	undici	1673367996959
\.


--
-- Data for Name: user_signature_stream; Type: TABLE DATA; Schema: public; Owner: synapse
--

COPY public.user_signature_stream (stream_id, from_user_id, user_ids) FROM stdin;
11	@user1:localhost	["@user1:localhost"]
\.


--
-- Data for Name: user_stats_current; Type: TABLE DATA; Schema: public; Owner: synapse
--

COPY public.user_stats_current (user_id, joined_rooms, completed_delta_stream_id) FROM stdin;
@admin:localhost	2	13
@matrix_a:localhost	2	15
@matrix_b:localhost	2	17
@ignored_user:localhost	2	19
@matterbot:localhost	2	21
@mm_mattermost_b:localhost	2	27
@mm_mattermost_a:localhost	2	29
@user1:localhost	2	41
@mm_user1:localhost	2	49
\.


--
-- Data for Name: user_stats_historical; Type: TABLE DATA; Schema: public; Owner: synapse
--

COPY public.user_stats_historical (user_id, end_ts, bucket_size, joined_rooms, invites_sent, rooms_created, total_events, total_event_bytes) FROM stdin;
@admin:localhost	1641600000	86400000	0	0	0	0	0
@matrix_a:localhost	1641600000	86400000	0	0	0	0	0
@matrix_b:localhost	1641600000	86400000	0	0	0	0	0
@ignored_user:localhost	1641600000	86400000	0	0	0	0	0
@admin:localhost	1598745600000	86400000	2	0	2	12	8826
@matrix_a:localhost	1598745600000	86400000	2	0	0	2	1522
@matrix_b:localhost	1598745600000	86400000	2	0	0	2	1522
@ignored_user:localhost	1598745600000	86400000	2	0	0	2	1546
\.


--
-- Data for Name: user_threepid_id_server; Type: TABLE DATA; Schema: public; Owner: synapse
--

COPY public.user_threepid_id_server (user_id, medium, address, id_server) FROM stdin;
\.


--
-- Data for Name: user_threepids; Type: TABLE DATA; Schema: public; Owner: synapse
--

COPY public.user_threepids (user_id, medium, address, validated_at, added_at) FROM stdin;
@user1:localhost	email	user1@localhost	1672918078891	1672918078891
\.


--
-- Data for Name: users; Type: TABLE DATA; Schema: public; Owner: synapse
--

COPY public.users (name, password_hash, creation_ts, admin, upgrade_ts, is_guest, appservice_id, consent_version, consent_server_notice_sent, user_type, deactivated, shadow_banned) FROM stdin;
@matrix_a:localhost	$2b$12$V8cOJ670WikSre/C66CGI.a1ANkbEvkgYEUW.M23dlUnekRcPr08O	1598686327	0	\N	0	\N	\N	\N	\N	0	\N
@matrix_b:localhost	$2b$12$gnHJ1cdN/bfA2A2V61rPauepmeV2dLXr/pC70rCZy9qZoM9u2GKaq	1598686327	0	\N	0	\N	\N	\N	\N	0	\N
@ignored_user:localhost	$2b$12$cDOaADzxfGcFFspSrfJNcueOwevhD2Ex0hu6oAJcpz3S/owrOeSsW	1598686327	0	\N	0	\N	\N	\N	\N	0	\N
@matterbot:localhost		1672856700	0	\N	0	xfbONb3M-hYO861rkzW7N0xUKm-6MII2M6sj-z8sdc0DaiXV1S25SXdr5ElIvatt	\N	\N	\N	0	f
@mm_mattermost_b:localhost		1672856704	0	\N	0	xfbONb3M-hYO861rkzW7N0xUKm-6MII2M6sj-z8sdc0DaiXV1S25SXdr5ElIvatt	\N	\N	\N	0	f
@mm_mattermost_a:localhost		1672856704	0	\N	0	xfbONb3M-hYO861rkzW7N0xUKm-6MII2M6sj-z8sdc0DaiXV1S25SXdr5ElIvatt	\N	\N	\N	0	f
@admin:localhost	$2b$12$y3lT6nJGWMTXBWF2kFRaRuUqALWaFe.dhbEEBKROoFnkoKBuDnLhK	1598686326	1	\N	0	\N	\N	\N	\N	0	\N
@user1:localhost	$2b$12$q2lA2GmC4Vhw1nqoByydR.kt9aAhfwCZHXoOrFlA4sGt2od.9/IIi	1672918078	1	\N	0	\N	\N	\N	\N	0	f
@mm_user1:localhost		1672922249	0	\N	0	xfbONb3M-hYO861rkzW7N0xUKm-6MII2M6sj-z8sdc0DaiXV1S25SXdr5ElIvatt	\N	\N	\N	0	f
\.


--
-- Data for Name: users_in_public_rooms; Type: TABLE DATA; Schema: public; Owner: synapse
--

COPY public.users_in_public_rooms (user_id, room_id) FROM stdin;
@admin:localhost	!kmbTYjjsDRDHGgVqUP:localhost
@admin:localhost	!dKcbdDATuwwphjRPQP:localhost
@matrix_a:localhost	!kmbTYjjsDRDHGgVqUP:localhost
@matrix_a:localhost	!dKcbdDATuwwphjRPQP:localhost
@matrix_b:localhost	!kmbTYjjsDRDHGgVqUP:localhost
@matrix_b:localhost	!dKcbdDATuwwphjRPQP:localhost
@ignored_user:localhost	!kmbTYjjsDRDHGgVqUP:localhost
@ignored_user:localhost	!dKcbdDATuwwphjRPQP:localhost
@user1:localhost	!kmbTYjjsDRDHGgVqUP:localhost
@user1:localhost	!dKcbdDATuwwphjRPQP:localhost
\.


--
-- Data for Name: users_pending_deactivation; Type: TABLE DATA; Schema: public; Owner: synapse
--

COPY public.users_pending_deactivation (user_id) FROM stdin;
\.


--
-- Data for Name: users_to_send_full_presence_to; Type: TABLE DATA; Schema: public; Owner: synapse
--

COPY public.users_to_send_full_presence_to (user_id, presence_stream_id) FROM stdin;
\.


--
-- Data for Name: users_who_share_private_rooms; Type: TABLE DATA; Schema: public; Owner: synapse
--

COPY public.users_who_share_private_rooms (user_id, other_user_id, room_id) FROM stdin;
\.


--
-- Data for Name: worker_locks; Type: TABLE DATA; Schema: public; Owner: synapse
--

COPY public.worker_locks (lock_name, lock_key, instance_name, token, last_renewed_ts) FROM stdin;
\.


--
-- Name: account_data_sequence; Type: SEQUENCE SET; Schema: public; Owner: synapse
--

SELECT pg_catalog.setval('public.account_data_sequence', 37, true);


--
-- Name: cache_invalidation_stream_seq; Type: SEQUENCE SET; Schema: public; Owner: synapse
--

SELECT pg_catalog.setval('public.cache_invalidation_stream_seq', 126, true);


--
-- Name: device_inbox_sequence; Type: SEQUENCE SET; Schema: public; Owner: synapse
--

SELECT pg_catalog.setval('public.device_inbox_sequence', 1, true);


--
-- Name: event_auth_chain_id; Type: SEQUENCE SET; Schema: public; Owner: synapse
--

SELECT pg_catalog.setval('public.event_auth_chain_id', 28, true);


--
-- Name: events_backfill_stream_seq; Type: SEQUENCE SET; Schema: public; Owner: synapse
--

SELECT pg_catalog.setval('public.events_backfill_stream_seq', 1, true);


--
-- Name: events_stream_seq; Type: SEQUENCE SET; Schema: public; Owner: synapse
--

SELECT pg_catalog.setval('public.events_stream_seq', 66, true);


--
-- Name: instance_map_instance_id_seq; Type: SEQUENCE SET; Schema: public; Owner: synapse
--

SELECT pg_catalog.setval('public.instance_map_instance_id_seq', 1, false);


--
-- Name: presence_stream_sequence; Type: SEQUENCE SET; Schema: public; Owner: synapse
--

SELECT pg_catalog.setval('public.presence_stream_sequence', 145, true);


--
-- Name: receipts_sequence; Type: SEQUENCE SET; Schema: public; Owner: synapse
--

SELECT pg_catalog.setval('public.receipts_sequence', 11, true);


--
-- Name: state_group_id_seq; Type: SEQUENCE SET; Schema: public; Owner: synapse
--

SELECT pg_catalog.setval('public.state_group_id_seq', 168, true);


--
-- Name: user_id_seq; Type: SEQUENCE SET; Schema: public; Owner: synapse
--

SELECT pg_catalog.setval('public.user_id_seq', 1, false);


--
-- Name: access_tokens access_tokens_pkey; Type: CONSTRAINT; Schema: public; Owner: synapse
--

ALTER TABLE ONLY public.access_tokens
    ADD CONSTRAINT access_tokens_pkey PRIMARY KEY (id);


--
-- Name: access_tokens access_tokens_token_key; Type: CONSTRAINT; Schema: public; Owner: synapse
--

ALTER TABLE ONLY public.access_tokens
    ADD CONSTRAINT access_tokens_token_key UNIQUE (token);


--
-- Name: account_data account_data_uniqueness; Type: CONSTRAINT; Schema: public; Owner: synapse
--

ALTER TABLE ONLY public.account_data
    ADD CONSTRAINT account_data_uniqueness UNIQUE (user_id, account_data_type);


--
-- Name: account_validity account_validity_pkey; Type: CONSTRAINT; Schema: public; Owner: synapse
--

ALTER TABLE ONLY public.account_validity
    ADD CONSTRAINT account_validity_pkey PRIMARY KEY (user_id);


--
-- Name: application_services_state application_services_state_pkey; Type: CONSTRAINT; Schema: public; Owner: synapse
--

ALTER TABLE ONLY public.application_services_state
    ADD CONSTRAINT application_services_state_pkey PRIMARY KEY (as_id);


--
-- Name: application_services_txns application_services_txns_as_id_txn_id_key; Type: CONSTRAINT; Schema: public; Owner: synapse
--

ALTER TABLE ONLY public.application_services_txns
    ADD CONSTRAINT application_services_txns_as_id_txn_id_key UNIQUE (as_id, txn_id);


--
-- Name: applied_module_schemas applied_module_schemas_module_name_file_key; Type: CONSTRAINT; Schema: public; Owner: synapse
--

ALTER TABLE ONLY public.applied_module_schemas
    ADD CONSTRAINT applied_module_schemas_module_name_file_key UNIQUE (module_name, file);


--
-- Name: applied_schema_deltas applied_schema_deltas_version_file_key; Type: CONSTRAINT; Schema: public; Owner: synapse
--

ALTER TABLE ONLY public.applied_schema_deltas
    ADD CONSTRAINT applied_schema_deltas_version_file_key UNIQUE (version, file);


--
-- Name: appservice_stream_position appservice_stream_position_lock_key; Type: CONSTRAINT; Schema: public; Owner: synapse
--

ALTER TABLE ONLY public.appservice_stream_position
    ADD CONSTRAINT appservice_stream_position_lock_key UNIQUE (lock);


--
-- Name: background_updates background_updates_uniqueness; Type: CONSTRAINT; Schema: public; Owner: synapse
--

ALTER TABLE ONLY public.background_updates
    ADD CONSTRAINT background_updates_uniqueness UNIQUE (update_name);


--
-- Name: current_state_events current_state_events_event_id_key; Type: CONSTRAINT; Schema: public; Owner: synapse
--

ALTER TABLE ONLY public.current_state_events
    ADD CONSTRAINT current_state_events_event_id_key UNIQUE (event_id);


--
-- Name: current_state_events current_state_events_room_id_type_state_key_key; Type: CONSTRAINT; Schema: public; Owner: synapse
--

ALTER TABLE ONLY public.current_state_events
    ADD CONSTRAINT current_state_events_room_id_type_state_key_key UNIQUE (room_id, type, state_key);


--
-- Name: dehydrated_devices dehydrated_devices_pkey; Type: CONSTRAINT; Schema: public; Owner: synapse
--

ALTER TABLE ONLY public.dehydrated_devices
    ADD CONSTRAINT dehydrated_devices_pkey PRIMARY KEY (user_id);


--
-- Name: destination_rooms destination_rooms_pkey; Type: CONSTRAINT; Schema: public; Owner: synapse
--

ALTER TABLE ONLY public.destination_rooms
    ADD CONSTRAINT destination_rooms_pkey PRIMARY KEY (destination, room_id);


--
-- Name: destinations destinations_pkey; Type: CONSTRAINT; Schema: public; Owner: synapse
--

ALTER TABLE ONLY public.destinations
    ADD CONSTRAINT destinations_pkey PRIMARY KEY (destination);


--
-- Name: devices device_uniqueness; Type: CONSTRAINT; Schema: public; Owner: synapse
--

ALTER TABLE ONLY public.devices
    ADD CONSTRAINT device_uniqueness UNIQUE (user_id, device_id);


--
-- Name: e2e_device_keys_json e2e_device_keys_json_uniqueness; Type: CONSTRAINT; Schema: public; Owner: synapse
--

ALTER TABLE ONLY public.e2e_device_keys_json
    ADD CONSTRAINT e2e_device_keys_json_uniqueness UNIQUE (user_id, device_id);


--
-- Name: e2e_fallback_keys_json e2e_fallback_keys_json_uniqueness; Type: CONSTRAINT; Schema: public; Owner: synapse
--

ALTER TABLE ONLY public.e2e_fallback_keys_json
    ADD CONSTRAINT e2e_fallback_keys_json_uniqueness UNIQUE (user_id, device_id, algorithm);


--
-- Name: e2e_one_time_keys_json e2e_one_time_keys_json_uniqueness; Type: CONSTRAINT; Schema: public; Owner: synapse
--

ALTER TABLE ONLY public.e2e_one_time_keys_json
    ADD CONSTRAINT e2e_one_time_keys_json_uniqueness UNIQUE (user_id, device_id, algorithm, key_id);


--
-- Name: event_auth_chain_to_calculate event_auth_chain_to_calculate_pkey; Type: CONSTRAINT; Schema: public; Owner: synapse
--

ALTER TABLE ONLY public.event_auth_chain_to_calculate
    ADD CONSTRAINT event_auth_chain_to_calculate_pkey PRIMARY KEY (event_id);


--
-- Name: event_auth_chains event_auth_chains_pkey; Type: CONSTRAINT; Schema: public; Owner: synapse
--

ALTER TABLE ONLY public.event_auth_chains
    ADD CONSTRAINT event_auth_chains_pkey PRIMARY KEY (event_id);


--
-- Name: event_backward_extremities event_backward_extremities_event_id_room_id_key; Type: CONSTRAINT; Schema: public; Owner: synapse
--

ALTER TABLE ONLY public.event_backward_extremities
    ADD CONSTRAINT event_backward_extremities_event_id_room_id_key UNIQUE (event_id, room_id);


--
-- Name: event_edges event_edges_event_id_prev_event_id_room_id_is_state_key; Type: CONSTRAINT; Schema: public; Owner: synapse
--

ALTER TABLE ONLY public.event_edges
    ADD CONSTRAINT event_edges_event_id_prev_event_id_room_id_is_state_key UNIQUE (event_id, prev_event_id, room_id, is_state);


--
-- Name: event_expiry event_expiry_pkey; Type: CONSTRAINT; Schema: public; Owner: synapse
--

ALTER TABLE ONLY public.event_expiry
    ADD CONSTRAINT event_expiry_pkey PRIMARY KEY (event_id);


--
-- Name: event_forward_extremities event_forward_extremities_event_id_room_id_key; Type: CONSTRAINT; Schema: public; Owner: synapse
--

ALTER TABLE ONLY public.event_forward_extremities
    ADD CONSTRAINT event_forward_extremities_event_id_room_id_key UNIQUE (event_id, room_id);


--
-- Name: event_push_actions event_id_user_id_profile_tag_uniqueness; Type: CONSTRAINT; Schema: public; Owner: synapse
--

ALTER TABLE ONLY public.event_push_actions
    ADD CONSTRAINT event_id_user_id_profile_tag_uniqueness UNIQUE (room_id, event_id, user_id, profile_tag);


--
-- Name: event_json event_json_event_id_key; Type: CONSTRAINT; Schema: public; Owner: synapse
--

ALTER TABLE ONLY public.event_json
    ADD CONSTRAINT event_json_event_id_key UNIQUE (event_id);


--
-- Name: event_labels event_labels_pkey; Type: CONSTRAINT; Schema: public; Owner: synapse
--

ALTER TABLE ONLY public.event_labels
    ADD CONSTRAINT event_labels_pkey PRIMARY KEY (event_id, label);


--
-- Name: event_push_summary_stream_ordering event_push_summary_stream_ordering_lock_key; Type: CONSTRAINT; Schema: public; Owner: synapse
--

ALTER TABLE ONLY public.event_push_summary_stream_ordering
    ADD CONSTRAINT event_push_summary_stream_ordering_lock_key UNIQUE (lock);


--
-- Name: event_reference_hashes event_reference_hashes_event_id_algorithm_key; Type: CONSTRAINT; Schema: public; Owner: synapse
--

ALTER TABLE ONLY public.event_reference_hashes
    ADD CONSTRAINT event_reference_hashes_event_id_algorithm_key UNIQUE (event_id, algorithm);


--
-- Name: event_reports event_reports_pkey; Type: CONSTRAINT; Schema: public; Owner: synapse
--

ALTER TABLE ONLY public.event_reports
    ADD CONSTRAINT event_reports_pkey PRIMARY KEY (id);


--
-- Name: event_to_state_groups event_to_state_groups_event_id_key; Type: CONSTRAINT; Schema: public; Owner: synapse
--

ALTER TABLE ONLY public.event_to_state_groups
    ADD CONSTRAINT event_to_state_groups_event_id_key UNIQUE (event_id);


--
-- Name: events events_event_id_key; Type: CONSTRAINT; Schema: public; Owner: synapse
--

ALTER TABLE ONLY public.events
    ADD CONSTRAINT events_event_id_key UNIQUE (event_id);


--
-- Name: ex_outlier_stream ex_outlier_stream_pkey; Type: CONSTRAINT; Schema: public; Owner: synapse
--

ALTER TABLE ONLY public.ex_outlier_stream
    ADD CONSTRAINT ex_outlier_stream_pkey PRIMARY KEY (event_stream_ordering);


--
-- Name: group_roles group_roles_group_id_role_id_key; Type: CONSTRAINT; Schema: public; Owner: synapse
--

ALTER TABLE ONLY public.group_roles
    ADD CONSTRAINT group_roles_group_id_role_id_key UNIQUE (group_id, role_id);


--
-- Name: group_room_categories group_room_categories_group_id_category_id_key; Type: CONSTRAINT; Schema: public; Owner: synapse
--

ALTER TABLE ONLY public.group_room_categories
    ADD CONSTRAINT group_room_categories_group_id_category_id_key UNIQUE (group_id, category_id);


--
-- Name: group_summary_roles group_summary_roles_group_id_role_id_role_order_key; Type: CONSTRAINT; Schema: public; Owner: synapse
--

ALTER TABLE ONLY public.group_summary_roles
    ADD CONSTRAINT group_summary_roles_group_id_role_id_role_order_key UNIQUE (group_id, role_id, role_order);


--
-- Name: group_summary_room_categories group_summary_room_categories_group_id_category_id_cat_orde_key; Type: CONSTRAINT; Schema: public; Owner: synapse
--

ALTER TABLE ONLY public.group_summary_room_categories
    ADD CONSTRAINT group_summary_room_categories_group_id_category_id_cat_orde_key UNIQUE (group_id, category_id, cat_order);


--
-- Name: group_summary_rooms group_summary_rooms_group_id_category_id_room_id_room_order_key; Type: CONSTRAINT; Schema: public; Owner: synapse
--

ALTER TABLE ONLY public.group_summary_rooms
    ADD CONSTRAINT group_summary_rooms_group_id_category_id_room_id_room_order_key UNIQUE (group_id, category_id, room_id, room_order);


--
-- Name: instance_map instance_map_pkey; Type: CONSTRAINT; Schema: public; Owner: synapse
--

ALTER TABLE ONLY public.instance_map
    ADD CONSTRAINT instance_map_pkey PRIMARY KEY (instance_id);


--
-- Name: local_media_repository local_media_repository_media_id_key; Type: CONSTRAINT; Schema: public; Owner: synapse
--

ALTER TABLE ONLY public.local_media_repository
    ADD CONSTRAINT local_media_repository_media_id_key UNIQUE (media_id);


--
-- Name: user_threepids medium_address; Type: CONSTRAINT; Schema: public; Owner: synapse
--

ALTER TABLE ONLY public.user_threepids
    ADD CONSTRAINT medium_address UNIQUE (medium, address);


--
-- Name: open_id_tokens open_id_tokens_pkey; Type: CONSTRAINT; Schema: public; Owner: synapse
--

ALTER TABLE ONLY public.open_id_tokens
    ADD CONSTRAINT open_id_tokens_pkey PRIMARY KEY (token);


--
-- Name: presence presence_user_id_key; Type: CONSTRAINT; Schema: public; Owner: synapse
--

ALTER TABLE ONLY public.presence
    ADD CONSTRAINT presence_user_id_key UNIQUE (user_id);


--
-- Name: profiles profiles_user_id_key; Type: CONSTRAINT; Schema: public; Owner: synapse
--

ALTER TABLE ONLY public.profiles
    ADD CONSTRAINT profiles_user_id_key UNIQUE (user_id);


--
-- Name: push_rules_enable push_rules_enable_pkey; Type: CONSTRAINT; Schema: public; Owner: synapse
--

ALTER TABLE ONLY public.push_rules_enable
    ADD CONSTRAINT push_rules_enable_pkey PRIMARY KEY (id);


--
-- Name: push_rules_enable push_rules_enable_user_name_rule_id_key; Type: CONSTRAINT; Schema: public; Owner: synapse
--

ALTER TABLE ONLY public.push_rules_enable
    ADD CONSTRAINT push_rules_enable_user_name_rule_id_key UNIQUE (user_name, rule_id);


--
-- Name: push_rules push_rules_pkey; Type: CONSTRAINT; Schema: public; Owner: synapse
--

ALTER TABLE ONLY public.push_rules
    ADD CONSTRAINT push_rules_pkey PRIMARY KEY (id);


--
-- Name: push_rules push_rules_user_name_rule_id_key; Type: CONSTRAINT; Schema: public; Owner: synapse
--

ALTER TABLE ONLY public.push_rules
    ADD CONSTRAINT push_rules_user_name_rule_id_key UNIQUE (user_name, rule_id);


--
-- Name: pusher_throttle pusher_throttle_pkey; Type: CONSTRAINT; Schema: public; Owner: synapse
--

ALTER TABLE ONLY public.pusher_throttle
    ADD CONSTRAINT pusher_throttle_pkey PRIMARY KEY (pusher, room_id);


--
-- Name: pushers pushers2_app_id_pushkey_user_name_key; Type: CONSTRAINT; Schema: public; Owner: synapse
--

ALTER TABLE ONLY public.pushers
    ADD CONSTRAINT pushers2_app_id_pushkey_user_name_key UNIQUE (app_id, pushkey, user_name);


--
-- Name: pushers pushers2_pkey; Type: CONSTRAINT; Schema: public; Owner: synapse
--

ALTER TABLE ONLY public.pushers
    ADD CONSTRAINT pushers2_pkey PRIMARY KEY (id);


--
-- Name: receipts_graph receipts_graph_uniqueness; Type: CONSTRAINT; Schema: public; Owner: synapse
--

ALTER TABLE ONLY public.receipts_graph
    ADD CONSTRAINT receipts_graph_uniqueness UNIQUE (room_id, receipt_type, user_id);


--
-- Name: receipts_linearized receipts_linearized_uniqueness; Type: CONSTRAINT; Schema: public; Owner: synapse
--

ALTER TABLE ONLY public.receipts_linearized
    ADD CONSTRAINT receipts_linearized_uniqueness UNIQUE (room_id, receipt_type, user_id);


--
-- Name: received_transactions received_transactions_transaction_id_origin_key; Type: CONSTRAINT; Schema: public; Owner: synapse
--

ALTER TABLE ONLY public.received_transactions
    ADD CONSTRAINT received_transactions_transaction_id_origin_key UNIQUE (transaction_id, origin);


--
-- Name: redactions redactions_event_id_key; Type: CONSTRAINT; Schema: public; Owner: synapse
--

ALTER TABLE ONLY public.redactions
    ADD CONSTRAINT redactions_event_id_key UNIQUE (event_id);


--
-- Name: refresh_tokens refresh_tokens_pkey; Type: CONSTRAINT; Schema: public; Owner: synapse
--

ALTER TABLE ONLY public.refresh_tokens
    ADD CONSTRAINT refresh_tokens_pkey PRIMARY KEY (id);


--
-- Name: refresh_tokens refresh_tokens_token_key; Type: CONSTRAINT; Schema: public; Owner: synapse
--

ALTER TABLE ONLY public.refresh_tokens
    ADD CONSTRAINT refresh_tokens_token_key UNIQUE (token);


--
-- Name: registration_tokens registration_tokens_token_key; Type: CONSTRAINT; Schema: public; Owner: synapse
--

ALTER TABLE ONLY public.registration_tokens
    ADD CONSTRAINT registration_tokens_token_key UNIQUE (token);


--
-- Name: rejections rejections_event_id_key; Type: CONSTRAINT; Schema: public; Owner: synapse
--

ALTER TABLE ONLY public.rejections
    ADD CONSTRAINT rejections_event_id_key UNIQUE (event_id);


--
-- Name: remote_media_cache remote_media_cache_media_origin_media_id_key; Type: CONSTRAINT; Schema: public; Owner: synapse
--

ALTER TABLE ONLY public.remote_media_cache
    ADD CONSTRAINT remote_media_cache_media_origin_media_id_key UNIQUE (media_origin, media_id);


--
-- Name: room_account_data room_account_data_uniqueness; Type: CONSTRAINT; Schema: public; Owner: synapse
--

ALTER TABLE ONLY public.room_account_data
    ADD CONSTRAINT room_account_data_uniqueness UNIQUE (user_id, room_id, account_data_type);


--
-- Name: room_aliases room_aliases_room_alias_key; Type: CONSTRAINT; Schema: public; Owner: synapse
--

ALTER TABLE ONLY public.room_aliases
    ADD CONSTRAINT room_aliases_room_alias_key UNIQUE (room_alias);


--
-- Name: room_depth room_depth_room_id_key; Type: CONSTRAINT; Schema: public; Owner: synapse
--

ALTER TABLE ONLY public.room_depth
    ADD CONSTRAINT room_depth_room_id_key UNIQUE (room_id);


--
-- Name: room_memberships room_memberships_event_id_key; Type: CONSTRAINT; Schema: public; Owner: synapse
--

ALTER TABLE ONLY public.room_memberships
    ADD CONSTRAINT room_memberships_event_id_key UNIQUE (event_id);


--
-- Name: room_retention room_retention_pkey; Type: CONSTRAINT; Schema: public; Owner: synapse
--

ALTER TABLE ONLY public.room_retention
    ADD CONSTRAINT room_retention_pkey PRIMARY KEY (room_id, event_id);


--
-- Name: room_stats_current room_stats_current_pkey; Type: CONSTRAINT; Schema: public; Owner: synapse
--

ALTER TABLE ONLY public.room_stats_current
    ADD CONSTRAINT room_stats_current_pkey PRIMARY KEY (room_id);


--
-- Name: room_stats_historical room_stats_historical_pkey; Type: CONSTRAINT; Schema: public; Owner: synapse
--

ALTER TABLE ONLY public.room_stats_historical
    ADD CONSTRAINT room_stats_historical_pkey PRIMARY KEY (room_id, end_ts);


--
-- Name: room_tags_revisions room_tag_revisions_uniqueness; Type: CONSTRAINT; Schema: public; Owner: synapse
--

ALTER TABLE ONLY public.room_tags_revisions
    ADD CONSTRAINT room_tag_revisions_uniqueness UNIQUE (user_id, room_id);


--
-- Name: room_tags room_tag_uniqueness; Type: CONSTRAINT; Schema: public; Owner: synapse
--

ALTER TABLE ONLY public.room_tags
    ADD CONSTRAINT room_tag_uniqueness UNIQUE (user_id, room_id, tag);


--
-- Name: rooms rooms_pkey; Type: CONSTRAINT; Schema: public; Owner: synapse
--

ALTER TABLE ONLY public.rooms
    ADD CONSTRAINT rooms_pkey PRIMARY KEY (room_id);


--
-- Name: schema_compat_version schema_compat_version_lock_key; Type: CONSTRAINT; Schema: public; Owner: synapse
--

ALTER TABLE ONLY public.schema_compat_version
    ADD CONSTRAINT schema_compat_version_lock_key UNIQUE (lock);


--
-- Name: schema_version schema_version_lock_key; Type: CONSTRAINT; Schema: public; Owner: synapse
--

ALTER TABLE ONLY public.schema_version
    ADD CONSTRAINT schema_version_lock_key UNIQUE (lock);


--
-- Name: server_keys_json server_keys_json_uniqueness; Type: CONSTRAINT; Schema: public; Owner: synapse
--

ALTER TABLE ONLY public.server_keys_json
    ADD CONSTRAINT server_keys_json_uniqueness UNIQUE (server_name, key_id, from_server);


--
-- Name: server_signature_keys server_signature_keys_server_name_key_id_key; Type: CONSTRAINT; Schema: public; Owner: synapse
--

ALTER TABLE ONLY public.server_signature_keys
    ADD CONSTRAINT server_signature_keys_server_name_key_id_key UNIQUE (server_name, key_id);


--
-- Name: sessions sessions_session_type_session_id_key; Type: CONSTRAINT; Schema: public; Owner: synapse
--

ALTER TABLE ONLY public.sessions
    ADD CONSTRAINT sessions_session_type_session_id_key UNIQUE (session_type, session_id);


--
-- Name: state_events state_events_event_id_key; Type: CONSTRAINT; Schema: public; Owner: synapse
--

ALTER TABLE ONLY public.state_events
    ADD CONSTRAINT state_events_event_id_key UNIQUE (event_id);


--
-- Name: state_groups state_groups_pkey; Type: CONSTRAINT; Schema: public; Owner: synapse
--

ALTER TABLE ONLY public.state_groups
    ADD CONSTRAINT state_groups_pkey PRIMARY KEY (id);


--
-- Name: stats_incremental_position stats_incremental_position_lock_key; Type: CONSTRAINT; Schema: public; Owner: synapse
--

ALTER TABLE ONLY public.stats_incremental_position
    ADD CONSTRAINT stats_incremental_position_lock_key UNIQUE (lock);


--
-- Name: threepid_validation_session threepid_validation_session_pkey; Type: CONSTRAINT; Schema: public; Owner: synapse
--

ALTER TABLE ONLY public.threepid_validation_session
    ADD CONSTRAINT threepid_validation_session_pkey PRIMARY KEY (session_id);


--
-- Name: threepid_validation_token threepid_validation_token_pkey; Type: CONSTRAINT; Schema: public; Owner: synapse
--

ALTER TABLE ONLY public.threepid_validation_token
    ADD CONSTRAINT threepid_validation_token_pkey PRIMARY KEY (token);


--
-- Name: ui_auth_sessions_credentials ui_auth_sessions_credentials_session_id_stage_type_key; Type: CONSTRAINT; Schema: public; Owner: synapse
--

ALTER TABLE ONLY public.ui_auth_sessions_credentials
    ADD CONSTRAINT ui_auth_sessions_credentials_session_id_stage_type_key UNIQUE (session_id, stage_type);


--
-- Name: ui_auth_sessions_ips ui_auth_sessions_ips_session_id_ip_user_agent_key; Type: CONSTRAINT; Schema: public; Owner: synapse
--

ALTER TABLE ONLY public.ui_auth_sessions_ips
    ADD CONSTRAINT ui_auth_sessions_ips_session_id_ip_user_agent_key UNIQUE (session_id, ip, user_agent);


--
-- Name: ui_auth_sessions ui_auth_sessions_session_id_key; Type: CONSTRAINT; Schema: public; Owner: synapse
--

ALTER TABLE ONLY public.ui_auth_sessions
    ADD CONSTRAINT ui_auth_sessions_session_id_key UNIQUE (session_id);


--
-- Name: user_directory_stream_pos user_directory_stream_pos_lock_key; Type: CONSTRAINT; Schema: public; Owner: synapse
--

ALTER TABLE ONLY public.user_directory_stream_pos
    ADD CONSTRAINT user_directory_stream_pos_lock_key UNIQUE (lock);


--
-- Name: user_external_ids user_external_ids_auth_provider_external_id_key; Type: CONSTRAINT; Schema: public; Owner: synapse
--

ALTER TABLE ONLY public.user_external_ids
    ADD CONSTRAINT user_external_ids_auth_provider_external_id_key UNIQUE (auth_provider, external_id);


--
-- Name: user_stats_current user_stats_current_pkey; Type: CONSTRAINT; Schema: public; Owner: synapse
--

ALTER TABLE ONLY public.user_stats_current
    ADD CONSTRAINT user_stats_current_pkey PRIMARY KEY (user_id);


--
-- Name: user_stats_historical user_stats_historical_pkey; Type: CONSTRAINT; Schema: public; Owner: synapse
--

ALTER TABLE ONLY public.user_stats_historical
    ADD CONSTRAINT user_stats_historical_pkey PRIMARY KEY (user_id, end_ts);


--
-- Name: users users_name_key; Type: CONSTRAINT; Schema: public; Owner: synapse
--

ALTER TABLE ONLY public.users
    ADD CONSTRAINT users_name_key UNIQUE (name);


--
-- Name: users_to_send_full_presence_to users_to_send_full_presence_to_pkey; Type: CONSTRAINT; Schema: public; Owner: synapse
--

ALTER TABLE ONLY public.users_to_send_full_presence_to
    ADD CONSTRAINT users_to_send_full_presence_to_pkey PRIMARY KEY (user_id);


--
-- Name: access_tokens_device_id; Type: INDEX; Schema: public; Owner: synapse
--

CREATE INDEX access_tokens_device_id ON public.access_tokens USING btree (user_id, device_id);


--
-- Name: account_data_stream_id; Type: INDEX; Schema: public; Owner: synapse
--

CREATE INDEX account_data_stream_id ON public.account_data USING btree (user_id, stream_id);


--
-- Name: application_services_txns_id; Type: INDEX; Schema: public; Owner: synapse
--

CREATE INDEX application_services_txns_id ON public.application_services_txns USING btree (as_id);


--
-- Name: appservice_room_list_idx; Type: INDEX; Schema: public; Owner: synapse
--

CREATE UNIQUE INDEX appservice_room_list_idx ON public.appservice_room_list USING btree (appservice_id, network_id, room_id);


--
-- Name: batch_events_batch_id; Type: INDEX; Schema: public; Owner: synapse
--

CREATE INDEX batch_events_batch_id ON public.batch_events USING btree (batch_id);


--
-- Name: blocked_rooms_idx; Type: INDEX; Schema: public; Owner: synapse
--

CREATE UNIQUE INDEX blocked_rooms_idx ON public.blocked_rooms USING btree (room_id);


--
-- Name: cache_invalidation_stream_by_instance_id; Type: INDEX; Schema: public; Owner: synapse
--

CREATE UNIQUE INDEX cache_invalidation_stream_by_instance_id ON public.cache_invalidation_stream_by_instance USING btree (stream_id);


--
-- Name: chunk_events_event_id; Type: INDEX; Schema: public; Owner: synapse
--

CREATE UNIQUE INDEX chunk_events_event_id ON public.batch_events USING btree (event_id);


--
-- Name: current_state_delta_stream_idx; Type: INDEX; Schema: public; Owner: synapse
--

CREATE INDEX current_state_delta_stream_idx ON public.current_state_delta_stream USING btree (stream_id);


--
-- Name: current_state_events_member_index; Type: INDEX; Schema: public; Owner: synapse
--

CREATE INDEX current_state_events_member_index ON public.current_state_events USING btree (state_key) WHERE (type = 'm.room.member'::text);


--
-- Name: deleted_pushers_stream_id; Type: INDEX; Schema: public; Owner: synapse
--

CREATE INDEX deleted_pushers_stream_id ON public.deleted_pushers USING btree (stream_id);


--
-- Name: destination_rooms_room_id; Type: INDEX; Schema: public; Owner: synapse
--

CREATE INDEX destination_rooms_room_id ON public.destination_rooms USING btree (room_id);


--
-- Name: device_federation_inbox_sender_id; Type: INDEX; Schema: public; Owner: synapse
--

CREATE INDEX device_federation_inbox_sender_id ON public.device_federation_inbox USING btree (origin, message_id);


--
-- Name: device_federation_outbox_destination_id; Type: INDEX; Schema: public; Owner: synapse
--

CREATE INDEX device_federation_outbox_destination_id ON public.device_federation_outbox USING btree (destination, stream_id);


--
-- Name: device_federation_outbox_id; Type: INDEX; Schema: public; Owner: synapse
--

CREATE INDEX device_federation_outbox_id ON public.device_federation_outbox USING btree (stream_id);


--
-- Name: device_inbox_stream_id_user_id; Type: INDEX; Schema: public; Owner: synapse
--

CREATE INDEX device_inbox_stream_id_user_id ON public.device_inbox USING btree (stream_id, user_id);


--
-- Name: device_inbox_user_stream_id; Type: INDEX; Schema: public; Owner: synapse
--

CREATE INDEX device_inbox_user_stream_id ON public.device_inbox USING btree (user_id, device_id, stream_id);


--
-- Name: device_lists_outbound_last_success_unique_idx; Type: INDEX; Schema: public; Owner: synapse
--

CREATE UNIQUE INDEX device_lists_outbound_last_success_unique_idx ON public.device_lists_outbound_last_success USING btree (destination, user_id);


--
-- Name: device_lists_outbound_pokes_id; Type: INDEX; Schema: public; Owner: synapse
--

CREATE INDEX device_lists_outbound_pokes_id ON public.device_lists_outbound_pokes USING btree (destination, stream_id);


--
-- Name: device_lists_outbound_pokes_stream; Type: INDEX; Schema: public; Owner: synapse
--

CREATE INDEX device_lists_outbound_pokes_stream ON public.device_lists_outbound_pokes USING btree (stream_id);


--
-- Name: device_lists_outbound_pokes_user; Type: INDEX; Schema: public; Owner: synapse
--

CREATE INDEX device_lists_outbound_pokes_user ON public.device_lists_outbound_pokes USING btree (destination, user_id);


--
-- Name: device_lists_remote_cache_unique_id; Type: INDEX; Schema: public; Owner: synapse
--

CREATE UNIQUE INDEX device_lists_remote_cache_unique_id ON public.device_lists_remote_cache USING btree (user_id, device_id);


--
-- Name: device_lists_remote_extremeties_unique_idx; Type: INDEX; Schema: public; Owner: synapse
--

CREATE UNIQUE INDEX device_lists_remote_extremeties_unique_idx ON public.device_lists_remote_extremeties USING btree (user_id);


--
-- Name: device_lists_remote_resync_idx; Type: INDEX; Schema: public; Owner: synapse
--

CREATE UNIQUE INDEX device_lists_remote_resync_idx ON public.device_lists_remote_resync USING btree (user_id);


--
-- Name: device_lists_remote_resync_ts_idx; Type: INDEX; Schema: public; Owner: synapse
--

CREATE INDEX device_lists_remote_resync_ts_idx ON public.device_lists_remote_resync USING btree (added_ts);


--
-- Name: device_lists_stream_id; Type: INDEX; Schema: public; Owner: synapse
--

CREATE INDEX device_lists_stream_id ON public.device_lists_stream USING btree (stream_id, user_id);


--
-- Name: device_lists_stream_user_id; Type: INDEX; Schema: public; Owner: synapse
--

CREATE INDEX device_lists_stream_user_id ON public.device_lists_stream USING btree (user_id, device_id);


--
-- Name: e2e_cross_signing_keys_idx; Type: INDEX; Schema: public; Owner: synapse
--

CREATE UNIQUE INDEX e2e_cross_signing_keys_idx ON public.e2e_cross_signing_keys USING btree (user_id, keytype, stream_id);


--
-- Name: e2e_cross_signing_keys_stream_idx; Type: INDEX; Schema: public; Owner: synapse
--

CREATE UNIQUE INDEX e2e_cross_signing_keys_stream_idx ON public.e2e_cross_signing_keys USING btree (stream_id);


--
-- Name: e2e_cross_signing_signatures2_idx; Type: INDEX; Schema: public; Owner: synapse
--

CREATE INDEX e2e_cross_signing_signatures2_idx ON public.e2e_cross_signing_signatures USING btree (user_id, target_user_id, target_device_id);


--
-- Name: e2e_room_keys_versions_idx; Type: INDEX; Schema: public; Owner: synapse
--

CREATE UNIQUE INDEX e2e_room_keys_versions_idx ON public.e2e_room_keys_versions USING btree (user_id, version);


--
-- Name: e2e_room_keys_with_version_idx; Type: INDEX; Schema: public; Owner: synapse
--

CREATE UNIQUE INDEX e2e_room_keys_with_version_idx ON public.e2e_room_keys USING btree (user_id, version, room_id, session_id);


--
-- Name: erased_users_user; Type: INDEX; Schema: public; Owner: synapse
--

CREATE UNIQUE INDEX erased_users_user ON public.erased_users USING btree (user_id);


--
-- Name: ev_b_extrem_id; Type: INDEX; Schema: public; Owner: synapse
--

CREATE INDEX ev_b_extrem_id ON public.event_backward_extremities USING btree (event_id);


--
-- Name: ev_b_extrem_room; Type: INDEX; Schema: public; Owner: synapse
--

CREATE INDEX ev_b_extrem_room ON public.event_backward_extremities USING btree (room_id);


--
-- Name: ev_edges_id; Type: INDEX; Schema: public; Owner: synapse
--

CREATE INDEX ev_edges_id ON public.event_edges USING btree (event_id);


--
-- Name: ev_edges_prev_id; Type: INDEX; Schema: public; Owner: synapse
--

CREATE INDEX ev_edges_prev_id ON public.event_edges USING btree (prev_event_id);


--
-- Name: ev_extrem_id; Type: INDEX; Schema: public; Owner: synapse
--

CREATE INDEX ev_extrem_id ON public.event_forward_extremities USING btree (event_id);


--
-- Name: ev_extrem_room; Type: INDEX; Schema: public; Owner: synapse
--

CREATE INDEX ev_extrem_room ON public.event_forward_extremities USING btree (room_id);


--
-- Name: evauth_edges_id; Type: INDEX; Schema: public; Owner: synapse
--

CREATE INDEX evauth_edges_id ON public.event_auth USING btree (event_id);


--
-- Name: event_auth_chain_links_idx; Type: INDEX; Schema: public; Owner: synapse
--

CREATE INDEX event_auth_chain_links_idx ON public.event_auth_chain_links USING btree (origin_chain_id, target_chain_id);


--
-- Name: event_auth_chain_to_calculate_rm_id; Type: INDEX; Schema: public; Owner: synapse
--

CREATE INDEX event_auth_chain_to_calculate_rm_id ON public.event_auth_chain_to_calculate USING btree (room_id);


--
-- Name: event_auth_chains_c_seq_index; Type: INDEX; Schema: public; Owner: synapse
--

CREATE UNIQUE INDEX event_auth_chains_c_seq_index ON public.event_auth_chains USING btree (chain_id, sequence_number);


--
-- Name: event_contains_url_index; Type: INDEX; Schema: public; Owner: synapse
--

CREATE INDEX event_contains_url_index ON public.events USING btree (room_id, topological_ordering, stream_ordering) WHERE ((contains_url = true) AND (outlier = false));


--
-- Name: event_expiry_expiry_ts_idx; Type: INDEX; Schema: public; Owner: synapse
--

CREATE INDEX event_expiry_expiry_ts_idx ON public.event_expiry USING btree (expiry_ts);


--
-- Name: event_labels_room_id_label_idx; Type: INDEX; Schema: public; Owner: synapse
--

CREATE INDEX event_labels_room_id_label_idx ON public.event_labels USING btree (room_id, label, topological_ordering);


--
-- Name: event_push_actions_highlights_index; Type: INDEX; Schema: public; Owner: synapse
--

CREATE INDEX event_push_actions_highlights_index ON public.event_push_actions USING btree (user_id, room_id, topological_ordering, stream_ordering) WHERE (highlight = 1);


--
-- Name: event_push_actions_rm_tokens; Type: INDEX; Schema: public; Owner: synapse
--

CREATE INDEX event_push_actions_rm_tokens ON public.event_push_actions USING btree (user_id, room_id, topological_ordering, stream_ordering);


--
-- Name: event_push_actions_room_id_user_id; Type: INDEX; Schema: public; Owner: synapse
--

CREATE INDEX event_push_actions_room_id_user_id ON public.event_push_actions USING btree (room_id, user_id);


--
-- Name: event_push_actions_staging_id; Type: INDEX; Schema: public; Owner: synapse
--

CREATE INDEX event_push_actions_staging_id ON public.event_push_actions_staging USING btree (event_id);


--
-- Name: event_push_actions_stream_ordering; Type: INDEX; Schema: public; Owner: synapse
--

CREATE INDEX event_push_actions_stream_ordering ON public.event_push_actions USING btree (stream_ordering, user_id);


--
-- Name: event_push_actions_u_highlight; Type: INDEX; Schema: public; Owner: synapse
--

CREATE INDEX event_push_actions_u_highlight ON public.event_push_actions USING btree (user_id, stream_ordering);


--
-- Name: event_push_summary_user_rm; Type: INDEX; Schema: public; Owner: synapse
--

CREATE INDEX event_push_summary_user_rm ON public.event_push_summary USING btree (user_id, room_id);


--
-- Name: event_reference_hashes_id; Type: INDEX; Schema: public; Owner: synapse
--

CREATE INDEX event_reference_hashes_id ON public.event_reference_hashes USING btree (event_id);


--
-- Name: event_relations_id; Type: INDEX; Schema: public; Owner: synapse
--

CREATE UNIQUE INDEX event_relations_id ON public.event_relations USING btree (event_id);


--
-- Name: event_relations_relates; Type: INDEX; Schema: public; Owner: synapse
--

CREATE INDEX event_relations_relates ON public.event_relations USING btree (relates_to_id, relation_type, aggregation_key);


--
-- Name: event_search_ev_ridx; Type: INDEX; Schema: public; Owner: synapse
--

CREATE INDEX event_search_ev_ridx ON public.event_search USING btree (room_id);


--
-- Name: event_search_event_id_idx; Type: INDEX; Schema: public; Owner: synapse
--

CREATE UNIQUE INDEX event_search_event_id_idx ON public.event_search USING btree (event_id);


--
-- Name: event_search_fts_idx; Type: INDEX; Schema: public; Owner: synapse
--

CREATE INDEX event_search_fts_idx ON public.event_search USING gin (vector);


--
-- Name: event_to_state_groups_sg_index; Type: INDEX; Schema: public; Owner: synapse
--

CREATE INDEX event_to_state_groups_sg_index ON public.event_to_state_groups USING btree (state_group);


--
-- Name: event_txn_id_event_id; Type: INDEX; Schema: public; Owner: synapse
--

CREATE UNIQUE INDEX event_txn_id_event_id ON public.event_txn_id USING btree (event_id);


--
-- Name: event_txn_id_ts; Type: INDEX; Schema: public; Owner: synapse
--

CREATE INDEX event_txn_id_ts ON public.event_txn_id USING btree (inserted_ts);


--
-- Name: event_txn_id_txn_id; Type: INDEX; Schema: public; Owner: synapse
--

CREATE UNIQUE INDEX event_txn_id_txn_id ON public.event_txn_id USING btree (room_id, user_id, token_id, txn_id);


--
-- Name: events_order_room; Type: INDEX; Schema: public; Owner: synapse
--

CREATE INDEX events_order_room ON public.events USING btree (room_id, topological_ordering, stream_ordering);


--
-- Name: events_room_stream; Type: INDEX; Schema: public; Owner: synapse
--

CREATE INDEX events_room_stream ON public.events USING btree (room_id, stream_ordering);


--
-- Name: events_stream_ordering; Type: INDEX; Schema: public; Owner: synapse
--

CREATE UNIQUE INDEX events_stream_ordering ON public.events USING btree (stream_ordering);


--
-- Name: events_ts; Type: INDEX; Schema: public; Owner: synapse
--

CREATE INDEX events_ts ON public.events USING btree (origin_server_ts, stream_ordering);


--
-- Name: federation_inbound_events_staging_instance_event; Type: INDEX; Schema: public; Owner: synapse
--

CREATE UNIQUE INDEX federation_inbound_events_staging_instance_event ON public.federation_inbound_events_staging USING btree (origin, event_id);


--
-- Name: federation_inbound_events_staging_room; Type: INDEX; Schema: public; Owner: synapse
--

CREATE INDEX federation_inbound_events_staging_room ON public.federation_inbound_events_staging USING btree (room_id, received_ts);


--
-- Name: federation_stream_position_instance; Type: INDEX; Schema: public; Owner: synapse
--

CREATE UNIQUE INDEX federation_stream_position_instance ON public.federation_stream_position USING btree (type, instance_name);


--
-- Name: group_attestations_remote_g_idx; Type: INDEX; Schema: public; Owner: synapse
--

CREATE INDEX group_attestations_remote_g_idx ON public.group_attestations_remote USING btree (group_id, user_id);


--
-- Name: group_attestations_remote_u_idx; Type: INDEX; Schema: public; Owner: synapse
--

CREATE INDEX group_attestations_remote_u_idx ON public.group_attestations_remote USING btree (user_id);


--
-- Name: group_attestations_remote_v_idx; Type: INDEX; Schema: public; Owner: synapse
--

CREATE INDEX group_attestations_remote_v_idx ON public.group_attestations_remote USING btree (valid_until_ms);


--
-- Name: group_attestations_renewals_g_idx; Type: INDEX; Schema: public; Owner: synapse
--

CREATE INDEX group_attestations_renewals_g_idx ON public.group_attestations_renewals USING btree (group_id, user_id);


--
-- Name: group_attestations_renewals_u_idx; Type: INDEX; Schema: public; Owner: synapse
--

CREATE INDEX group_attestations_renewals_u_idx ON public.group_attestations_renewals USING btree (user_id);


--
-- Name: group_attestations_renewals_v_idx; Type: INDEX; Schema: public; Owner: synapse
--

CREATE INDEX group_attestations_renewals_v_idx ON public.group_attestations_renewals USING btree (valid_until_ms);


--
-- Name: group_invites_g_idx; Type: INDEX; Schema: public; Owner: synapse
--

CREATE UNIQUE INDEX group_invites_g_idx ON public.group_invites USING btree (group_id, user_id);


--
-- Name: group_invites_u_idx; Type: INDEX; Schema: public; Owner: synapse
--

CREATE INDEX group_invites_u_idx ON public.group_invites USING btree (user_id);


--
-- Name: group_rooms_g_idx; Type: INDEX; Schema: public; Owner: synapse
--

CREATE UNIQUE INDEX group_rooms_g_idx ON public.group_rooms USING btree (group_id, room_id);


--
-- Name: group_rooms_r_idx; Type: INDEX; Schema: public; Owner: synapse
--

CREATE INDEX group_rooms_r_idx ON public.group_rooms USING btree (room_id);


--
-- Name: group_summary_rooms_g_idx; Type: INDEX; Schema: public; Owner: synapse
--

CREATE UNIQUE INDEX group_summary_rooms_g_idx ON public.group_summary_rooms USING btree (group_id, room_id, category_id);


--
-- Name: group_summary_users_g_idx; Type: INDEX; Schema: public; Owner: synapse
--

CREATE INDEX group_summary_users_g_idx ON public.group_summary_users USING btree (group_id);


--
-- Name: group_users_g_idx; Type: INDEX; Schema: public; Owner: synapse
--

CREATE UNIQUE INDEX group_users_g_idx ON public.group_users USING btree (group_id, user_id);


--
-- Name: group_users_u_idx; Type: INDEX; Schema: public; Owner: synapse
--

CREATE INDEX group_users_u_idx ON public.group_users USING btree (user_id);


--
-- Name: groups_idx; Type: INDEX; Schema: public; Owner: synapse
--

CREATE UNIQUE INDEX groups_idx ON public.groups USING btree (group_id);


--
-- Name: ignored_users_ignored_user_id; Type: INDEX; Schema: public; Owner: synapse
--

CREATE INDEX ignored_users_ignored_user_id ON public.ignored_users USING btree (ignored_user_id);


--
-- Name: ignored_users_uniqueness; Type: INDEX; Schema: public; Owner: synapse
--

CREATE UNIQUE INDEX ignored_users_uniqueness ON public.ignored_users USING btree (ignorer_user_id, ignored_user_id);


--
-- Name: insertion_event_edges_event_id; Type: INDEX; Schema: public; Owner: synapse
--

CREATE INDEX insertion_event_edges_event_id ON public.insertion_event_edges USING btree (event_id);


--
-- Name: insertion_event_edges_insertion_prev_event_id; Type: INDEX; Schema: public; Owner: synapse
--

CREATE INDEX insertion_event_edges_insertion_prev_event_id ON public.insertion_event_edges USING btree (insertion_prev_event_id);


--
-- Name: insertion_event_edges_insertion_room_id; Type: INDEX; Schema: public; Owner: synapse
--

CREATE INDEX insertion_event_edges_insertion_room_id ON public.insertion_event_edges USING btree (room_id);


--
-- Name: insertion_event_extremities_event_id; Type: INDEX; Schema: public; Owner: synapse
--

CREATE UNIQUE INDEX insertion_event_extremities_event_id ON public.insertion_event_extremities USING btree (event_id);


--
-- Name: insertion_event_extremities_room_id; Type: INDEX; Schema: public; Owner: synapse
--

CREATE INDEX insertion_event_extremities_room_id ON public.insertion_event_extremities USING btree (room_id);


--
-- Name: insertion_events_event_id; Type: INDEX; Schema: public; Owner: synapse
--

CREATE UNIQUE INDEX insertion_events_event_id ON public.insertion_events USING btree (event_id);


--
-- Name: insertion_events_next_batch_id; Type: INDEX; Schema: public; Owner: synapse
--

CREATE INDEX insertion_events_next_batch_id ON public.insertion_events USING btree (next_batch_id);


--
-- Name: instance_map_idx; Type: INDEX; Schema: public; Owner: synapse
--

CREATE UNIQUE INDEX instance_map_idx ON public.instance_map USING btree (instance_name);


--
-- Name: local_current_membership_idx; Type: INDEX; Schema: public; Owner: synapse
--

CREATE UNIQUE INDEX local_current_membership_idx ON public.local_current_membership USING btree (user_id, room_id);


--
-- Name: local_current_membership_room_idx; Type: INDEX; Schema: public; Owner: synapse
--

CREATE INDEX local_current_membership_room_idx ON public.local_current_membership USING btree (room_id);


--
-- Name: local_group_membership_g_idx; Type: INDEX; Schema: public; Owner: synapse
--

CREATE INDEX local_group_membership_g_idx ON public.local_group_membership USING btree (group_id);


--
-- Name: local_group_membership_u_idx; Type: INDEX; Schema: public; Owner: synapse
--

CREATE INDEX local_group_membership_u_idx ON public.local_group_membership USING btree (user_id, group_id);


--
-- Name: local_group_updates_stream_id_index; Type: INDEX; Schema: public; Owner: synapse
--

CREATE UNIQUE INDEX local_group_updates_stream_id_index ON public.local_group_updates USING btree (stream_id);


--
-- Name: local_media_repository_thumbn_media_id_width_height_method_key; Type: INDEX; Schema: public; Owner: synapse
--

CREATE UNIQUE INDEX local_media_repository_thumbn_media_id_width_height_method_key ON public.local_media_repository_thumbnails USING btree (media_id, thumbnail_width, thumbnail_height, thumbnail_type, thumbnail_method);


--
-- Name: local_media_repository_thumbnails_media_id; Type: INDEX; Schema: public; Owner: synapse
--

CREATE INDEX local_media_repository_thumbnails_media_id ON public.local_media_repository_thumbnails USING btree (media_id);


--
-- Name: local_media_repository_url_cache_by_url_download_ts; Type: INDEX; Schema: public; Owner: synapse
--

CREATE INDEX local_media_repository_url_cache_by_url_download_ts ON public.local_media_repository_url_cache USING btree (url, download_ts);


--
-- Name: local_media_repository_url_cache_expires_idx; Type: INDEX; Schema: public; Owner: synapse
--

CREATE INDEX local_media_repository_url_cache_expires_idx ON public.local_media_repository_url_cache USING btree (expires_ts);


--
-- Name: local_media_repository_url_cache_media_idx; Type: INDEX; Schema: public; Owner: synapse
--

CREATE INDEX local_media_repository_url_cache_media_idx ON public.local_media_repository_url_cache USING btree (media_id);


--
-- Name: local_media_repository_url_idx; Type: INDEX; Schema: public; Owner: synapse
--

CREATE INDEX local_media_repository_url_idx ON public.local_media_repository USING btree (created_ts) WHERE (url_cache IS NOT NULL);


--
-- Name: monthly_active_users_time_stamp; Type: INDEX; Schema: public; Owner: synapse
--

CREATE INDEX monthly_active_users_time_stamp ON public.monthly_active_users USING btree ("timestamp");


--
-- Name: monthly_active_users_users; Type: INDEX; Schema: public; Owner: synapse
--

CREATE UNIQUE INDEX monthly_active_users_users ON public.monthly_active_users USING btree (user_id);


--
-- Name: open_id_tokens_ts_valid_until_ms; Type: INDEX; Schema: public; Owner: synapse
--

CREATE INDEX open_id_tokens_ts_valid_until_ms ON public.open_id_tokens USING btree (ts_valid_until_ms);


--
-- Name: presence_stream_id; Type: INDEX; Schema: public; Owner: synapse
--

CREATE INDEX presence_stream_id ON public.presence_stream USING btree (stream_id, user_id);


--
-- Name: presence_stream_state_not_offline_idx; Type: INDEX; Schema: public; Owner: synapse
--

CREATE INDEX presence_stream_state_not_offline_idx ON public.presence_stream USING btree (state) WHERE (state <> 'offline'::text);


--
-- Name: presence_stream_user_id; Type: INDEX; Schema: public; Owner: synapse
--

CREATE INDEX presence_stream_user_id ON public.presence_stream USING btree (user_id);


--
-- Name: public_room_index; Type: INDEX; Schema: public; Owner: synapse
--

CREATE INDEX public_room_index ON public.rooms USING btree (is_public);


--
-- Name: public_room_list_stream_idx; Type: INDEX; Schema: public; Owner: synapse
--

CREATE INDEX public_room_list_stream_idx ON public.public_room_list_stream USING btree (stream_id);


--
-- Name: public_room_list_stream_network; Type: INDEX; Schema: public; Owner: synapse
--

CREATE INDEX public_room_list_stream_network ON public.public_room_list_stream USING btree (appservice_id, network_id, room_id);


--
-- Name: public_room_list_stream_rm_idx; Type: INDEX; Schema: public; Owner: synapse
--

CREATE INDEX public_room_list_stream_rm_idx ON public.public_room_list_stream USING btree (room_id, stream_id);


--
-- Name: push_rules_enable_user_name; Type: INDEX; Schema: public; Owner: synapse
--

CREATE INDEX push_rules_enable_user_name ON public.push_rules_enable USING btree (user_name);


--
-- Name: push_rules_stream_id; Type: INDEX; Schema: public; Owner: synapse
--

CREATE INDEX push_rules_stream_id ON public.push_rules_stream USING btree (stream_id);


--
-- Name: push_rules_stream_user_stream_id; Type: INDEX; Schema: public; Owner: synapse
--

CREATE INDEX push_rules_stream_user_stream_id ON public.push_rules_stream USING btree (user_id, stream_id);


--
-- Name: push_rules_user_name; Type: INDEX; Schema: public; Owner: synapse
--

CREATE INDEX push_rules_user_name ON public.push_rules USING btree (user_name);


--
-- Name: ratelimit_override_idx; Type: INDEX; Schema: public; Owner: synapse
--

CREATE UNIQUE INDEX ratelimit_override_idx ON public.ratelimit_override USING btree (user_id);


--
-- Name: receipts_linearized_id; Type: INDEX; Schema: public; Owner: synapse
--

CREATE INDEX receipts_linearized_id ON public.receipts_linearized USING btree (stream_id);


--
-- Name: receipts_linearized_room_stream; Type: INDEX; Schema: public; Owner: synapse
--

CREATE INDEX receipts_linearized_room_stream ON public.receipts_linearized USING btree (room_id, stream_id);


--
-- Name: receipts_linearized_user; Type: INDEX; Schema: public; Owner: synapse
--

CREATE INDEX receipts_linearized_user ON public.receipts_linearized USING btree (user_id);


--
-- Name: received_transactions_ts; Type: INDEX; Schema: public; Owner: synapse
--

CREATE INDEX received_transactions_ts ON public.received_transactions USING btree (ts);


--
-- Name: redactions_have_censored_ts; Type: INDEX; Schema: public; Owner: synapse
--

CREATE INDEX redactions_have_censored_ts ON public.redactions USING btree (received_ts) WHERE (NOT have_censored);


--
-- Name: redactions_redacts; Type: INDEX; Schema: public; Owner: synapse
--

CREATE INDEX redactions_redacts ON public.redactions USING btree (redacts);


--
-- Name: remote_media_repository_thumbn_media_origin_id_width_height_met; Type: INDEX; Schema: public; Owner: synapse
--

CREATE UNIQUE INDEX remote_media_repository_thumbn_media_origin_id_width_height_met ON public.remote_media_cache_thumbnails USING btree (media_origin, media_id, thumbnail_width, thumbnail_height, thumbnail_type, thumbnail_method);


--
-- Name: remote_profile_cache_time; Type: INDEX; Schema: public; Owner: synapse
--

CREATE INDEX remote_profile_cache_time ON public.remote_profile_cache USING btree (last_check);


--
-- Name: remote_profile_cache_user_id; Type: INDEX; Schema: public; Owner: synapse
--

CREATE UNIQUE INDEX remote_profile_cache_user_id ON public.remote_profile_cache USING btree (user_id);


--
-- Name: room_account_data_stream_id; Type: INDEX; Schema: public; Owner: synapse
--

CREATE INDEX room_account_data_stream_id ON public.room_account_data USING btree (user_id, stream_id);


--
-- Name: room_alias_servers_alias; Type: INDEX; Schema: public; Owner: synapse
--

CREATE INDEX room_alias_servers_alias ON public.room_alias_servers USING btree (room_alias);


--
-- Name: room_aliases_id; Type: INDEX; Schema: public; Owner: synapse
--

CREATE INDEX room_aliases_id ON public.room_aliases USING btree (room_id);


--
-- Name: room_memberships_room_id; Type: INDEX; Schema: public; Owner: synapse
--

CREATE INDEX room_memberships_room_id ON public.room_memberships USING btree (room_id);


--
-- Name: room_memberships_user_id; Type: INDEX; Schema: public; Owner: synapse
--

CREATE INDEX room_memberships_user_id ON public.room_memberships USING btree (user_id);


--
-- Name: room_memberships_user_room_forgotten; Type: INDEX; Schema: public; Owner: synapse
--

CREATE INDEX room_memberships_user_room_forgotten ON public.room_memberships USING btree (user_id, room_id) WHERE (forgotten = 1);


--
-- Name: room_retention_max_lifetime_idx; Type: INDEX; Schema: public; Owner: synapse
--

CREATE INDEX room_retention_max_lifetime_idx ON public.room_retention USING btree (max_lifetime);


--
-- Name: room_stats_earliest_token_idx; Type: INDEX; Schema: public; Owner: synapse
--

CREATE UNIQUE INDEX room_stats_earliest_token_idx ON public.room_stats_earliest_token USING btree (room_id);


--
-- Name: room_stats_historical_end_ts; Type: INDEX; Schema: public; Owner: synapse
--

CREATE INDEX room_stats_historical_end_ts ON public.room_stats_historical USING btree (end_ts);


--
-- Name: room_stats_state_room; Type: INDEX; Schema: public; Owner: synapse
--

CREATE UNIQUE INDEX room_stats_state_room ON public.room_stats_state USING btree (room_id);


--
-- Name: state_group_edges_idx; Type: INDEX; Schema: public; Owner: synapse
--

CREATE INDEX state_group_edges_idx ON public.state_group_edges USING btree (state_group);


--
-- Name: state_group_edges_prev_idx; Type: INDEX; Schema: public; Owner: synapse
--

CREATE INDEX state_group_edges_prev_idx ON public.state_group_edges USING btree (prev_state_group);


--
-- Name: state_groups_room_id_idx; Type: INDEX; Schema: public; Owner: synapse
--

CREATE INDEX state_groups_room_id_idx ON public.state_groups USING btree (room_id);


--
-- Name: state_groups_state_type_idx; Type: INDEX; Schema: public; Owner: synapse
--

CREATE INDEX state_groups_state_type_idx ON public.state_groups_state USING btree (state_group, type, state_key);


--
-- Name: stream_ordering_to_exterm_idx; Type: INDEX; Schema: public; Owner: synapse
--

CREATE INDEX stream_ordering_to_exterm_idx ON public.stream_ordering_to_exterm USING btree (stream_ordering);


--
-- Name: stream_ordering_to_exterm_rm_idx; Type: INDEX; Schema: public; Owner: synapse
--

CREATE INDEX stream_ordering_to_exterm_rm_idx ON public.stream_ordering_to_exterm USING btree (room_id, stream_ordering);


--
-- Name: stream_positions_idx; Type: INDEX; Schema: public; Owner: synapse
--

CREATE UNIQUE INDEX stream_positions_idx ON public.stream_positions USING btree (stream_name, instance_name);


--
-- Name: threepid_guest_access_tokens_index; Type: INDEX; Schema: public; Owner: synapse
--

CREATE UNIQUE INDEX threepid_guest_access_tokens_index ON public.threepid_guest_access_tokens USING btree (medium, address);


--
-- Name: threepid_validation_token_session_id; Type: INDEX; Schema: public; Owner: synapse
--

CREATE INDEX threepid_validation_token_session_id ON public.threepid_validation_token USING btree (session_id);


--
-- Name: user_daily_visits_ts_idx; Type: INDEX; Schema: public; Owner: synapse
--

CREATE INDEX user_daily_visits_ts_idx ON public.user_daily_visits USING btree ("timestamp");


--
-- Name: user_daily_visits_uts_idx; Type: INDEX; Schema: public; Owner: synapse
--

CREATE INDEX user_daily_visits_uts_idx ON public.user_daily_visits USING btree (user_id, "timestamp");


--
-- Name: user_directory_room_idx; Type: INDEX; Schema: public; Owner: synapse
--

CREATE INDEX user_directory_room_idx ON public.user_directory USING btree (room_id);


--
-- Name: user_directory_search_fts_idx; Type: INDEX; Schema: public; Owner: synapse
--

CREATE INDEX user_directory_search_fts_idx ON public.user_directory_search USING gin (vector);


--
-- Name: user_directory_search_user_idx; Type: INDEX; Schema: public; Owner: synapse
--

CREATE UNIQUE INDEX user_directory_search_user_idx ON public.user_directory_search USING btree (user_id);


--
-- Name: user_directory_user_idx; Type: INDEX; Schema: public; Owner: synapse
--

CREATE UNIQUE INDEX user_directory_user_idx ON public.user_directory USING btree (user_id);


--
-- Name: user_external_ids_user_id_idx; Type: INDEX; Schema: public; Owner: synapse
--

CREATE INDEX user_external_ids_user_id_idx ON public.user_external_ids USING btree (user_id);


--
-- Name: user_filters_unique; Type: INDEX; Schema: public; Owner: synapse
--

CREATE UNIQUE INDEX user_filters_unique ON public.user_filters USING btree (user_id, filter_id);


--
-- Name: user_ips_device_id; Type: INDEX; Schema: public; Owner: synapse
--

CREATE INDEX user_ips_device_id ON public.user_ips USING btree (user_id, device_id, last_seen);


--
-- Name: user_ips_last_seen; Type: INDEX; Schema: public; Owner: synapse
--

CREATE INDEX user_ips_last_seen ON public.user_ips USING btree (user_id, last_seen);


--
-- Name: user_ips_last_seen_only; Type: INDEX; Schema: public; Owner: synapse
--

CREATE INDEX user_ips_last_seen_only ON public.user_ips USING btree (last_seen);


--
-- Name: user_ips_user_token_ip_unique_index; Type: INDEX; Schema: public; Owner: synapse
--

CREATE UNIQUE INDEX user_ips_user_token_ip_unique_index ON public.user_ips USING btree (user_id, access_token, ip);


--
-- Name: user_signature_stream_idx; Type: INDEX; Schema: public; Owner: synapse
--

CREATE UNIQUE INDEX user_signature_stream_idx ON public.user_signature_stream USING btree (stream_id);


--
-- Name: user_stats_historical_end_ts; Type: INDEX; Schema: public; Owner: synapse
--

CREATE INDEX user_stats_historical_end_ts ON public.user_stats_historical USING btree (end_ts);


--
-- Name: user_threepid_id_server_idx; Type: INDEX; Schema: public; Owner: synapse
--

CREATE UNIQUE INDEX user_threepid_id_server_idx ON public.user_threepid_id_server USING btree (user_id, medium, address, id_server);


--
-- Name: user_threepids_medium_address; Type: INDEX; Schema: public; Owner: synapse
--

CREATE INDEX user_threepids_medium_address ON public.user_threepids USING btree (medium, address);


--
-- Name: user_threepids_user_id; Type: INDEX; Schema: public; Owner: synapse
--

CREATE INDEX user_threepids_user_id ON public.user_threepids USING btree (user_id);


--
-- Name: users_creation_ts; Type: INDEX; Schema: public; Owner: synapse
--

CREATE INDEX users_creation_ts ON public.users USING btree (creation_ts);


--
-- Name: users_have_local_media; Type: INDEX; Schema: public; Owner: synapse
--

CREATE INDEX users_have_local_media ON public.local_media_repository USING btree (user_id, created_ts);


--
-- Name: users_in_public_rooms_r_idx; Type: INDEX; Schema: public; Owner: synapse
--

CREATE INDEX users_in_public_rooms_r_idx ON public.users_in_public_rooms USING btree (room_id);


--
-- Name: users_in_public_rooms_u_idx; Type: INDEX; Schema: public; Owner: synapse
--

CREATE UNIQUE INDEX users_in_public_rooms_u_idx ON public.users_in_public_rooms USING btree (user_id, room_id);


--
-- Name: users_who_share_private_rooms_o_idx; Type: INDEX; Schema: public; Owner: synapse
--

CREATE INDEX users_who_share_private_rooms_o_idx ON public.users_who_share_private_rooms USING btree (other_user_id);


--
-- Name: users_who_share_private_rooms_r_idx; Type: INDEX; Schema: public; Owner: synapse
--

CREATE INDEX users_who_share_private_rooms_r_idx ON public.users_who_share_private_rooms USING btree (room_id);


--
-- Name: users_who_share_private_rooms_u_idx; Type: INDEX; Schema: public; Owner: synapse
--

CREATE UNIQUE INDEX users_who_share_private_rooms_u_idx ON public.users_who_share_private_rooms USING btree (user_id, other_user_id, room_id);


--
-- Name: worker_locks_key; Type: INDEX; Schema: public; Owner: synapse
--

CREATE UNIQUE INDEX worker_locks_key ON public.worker_locks USING btree (lock_name, lock_key);


--
-- Name: access_tokens access_tokens_refresh_token_id_fkey; Type: FK CONSTRAINT; Schema: public; Owner: synapse
--

ALTER TABLE ONLY public.access_tokens
    ADD CONSTRAINT access_tokens_refresh_token_id_fkey FOREIGN KEY (refresh_token_id) REFERENCES public.refresh_tokens(id) ON DELETE CASCADE;


--
-- Name: destination_rooms destination_rooms_destination_fkey; Type: FK CONSTRAINT; Schema: public; Owner: synapse
--

ALTER TABLE ONLY public.destination_rooms
    ADD CONSTRAINT destination_rooms_destination_fkey FOREIGN KEY (destination) REFERENCES public.destinations(destination);


--
-- Name: destination_rooms destination_rooms_room_id_fkey; Type: FK CONSTRAINT; Schema: public; Owner: synapse
--

ALTER TABLE ONLY public.destination_rooms
    ADD CONSTRAINT destination_rooms_room_id_fkey FOREIGN KEY (room_id) REFERENCES public.rooms(room_id);


--
-- Name: event_txn_id event_txn_id_event_id_fkey; Type: FK CONSTRAINT; Schema: public; Owner: synapse
--

ALTER TABLE ONLY public.event_txn_id
    ADD CONSTRAINT event_txn_id_event_id_fkey FOREIGN KEY (event_id) REFERENCES public.events(event_id) ON DELETE CASCADE;


--
-- Name: event_txn_id event_txn_id_token_id_fkey; Type: FK CONSTRAINT; Schema: public; Owner: synapse
--

ALTER TABLE ONLY public.event_txn_id
    ADD CONSTRAINT event_txn_id_token_id_fkey FOREIGN KEY (token_id) REFERENCES public.access_tokens(id) ON DELETE CASCADE;


--
-- Name: refresh_tokens refresh_tokens_next_token_id_fkey; Type: FK CONSTRAINT; Schema: public; Owner: synapse
--

ALTER TABLE ONLY public.refresh_tokens
    ADD CONSTRAINT refresh_tokens_next_token_id_fkey FOREIGN KEY (next_token_id) REFERENCES public.refresh_tokens(id) ON DELETE CASCADE;


--
-- Name: ui_auth_sessions_credentials ui_auth_sessions_credentials_session_id_fkey; Type: FK CONSTRAINT; Schema: public; Owner: synapse
--

ALTER TABLE ONLY public.ui_auth_sessions_credentials
    ADD CONSTRAINT ui_auth_sessions_credentials_session_id_fkey FOREIGN KEY (session_id) REFERENCES public.ui_auth_sessions(session_id);


--
-- Name: ui_auth_sessions_ips ui_auth_sessions_ips_session_id_fkey; Type: FK CONSTRAINT; Schema: public; Owner: synapse
--

ALTER TABLE ONLY public.ui_auth_sessions_ips
    ADD CONSTRAINT ui_auth_sessions_ips_session_id_fkey FOREIGN KEY (session_id) REFERENCES public.ui_auth_sessions(session_id);


--
-- Name: users_to_send_full_presence_to users_to_send_full_presence_to_user_id_fkey; Type: FK CONSTRAINT; Schema: public; Owner: synapse
--

ALTER TABLE ONLY public.users_to_send_full_presence_to
    ADD CONSTRAINT users_to_send_full_presence_to_user_id_fkey FOREIGN KEY (user_id) REFERENCES public.users(name);


--
-- PostgreSQL database dump complete
--

